"fold","auc","auc_lower","auc_upper"
1,1,1,1
2,0.738095238095238,0.480999319166496,0.99519115702398
3,1,1,1
4,0.94047619047619,0.841822078730791,1
5,0.880952380952381,0.727483691379815,1
