"fold","auc","auc_lower","auc_upper"
1,0.971428571428571,0.909519379625435,1
2,0.904761904761905,0.748005002057415,1
3,1,1,1
4,0.857142857142857,0.670569384043639,1
5,0.845238095238095,0.666038022788972,1
