"gene_symbol","log2FC_RNA","padj_RNA","log2FC_protein","padj_protein","sig_class"
"GLDN",-2.15482147615636,4.99613053908874e-06,0.158499815013886,0.998419475690512,"RNA only"
"MAP2K6",1.87160736919407,1.19265388387441e-05,-0.00945487114900377,0.998419475690512,"RNA only"
"RBP4",-2.89310987220954,1.25914448190335e-05,0.130760053280904,0.998419475690512,"RNA only"
"SEMA3C",-1.12382734946601,4.7863948693533e-05,0.0510962147910645,0.998419475690512,"RNA only"
"IRF2",0.948477499147806,5.8338509649534e-05,-0.03084824466431,0.998419475690512,"RNA only"
"AOC3",-1.96715757930609,8.26711103131794e-05,0.455796205728347,0.716792830623108,"RNA only"
"FN1",-1.90447339191415,8.52892750404732e-05,0.478532750629088,0.791573009435334,"RNA only"
"TNFSF13B",1.5646613113764,0.000103251485030332,-5.6432933568482e-05,0.999596035234501,"RNA only"
"APOC1",-2.38396005686173,0.000159542487294905,0.337990339417718,0.998419475690512,"RNA only"
"LPL",-1.97024857316671,0.000224777906677169,0.341876566537828,0.936867356766746,"RNA only"
"SEPTIN11",-1.06918996225255,0.000243261632616608,0.170030496395577,0.998419475690512,"RNA only"
"SLAMF7",1.90422350540449,0.000322909079038451,-0.303075556752348,0.29774321937391,"RNA only"
"KDM1A",-0.793754415621054,0.000386829829317592,0.172511019401266,0.998419475690512,"RNA only"
"TRIM5",1.37496485873971,0.000499455262306468,-0.0323842792864346,0.998419475690512,"RNA only"
"NT5C3A",2.15032194445087,0.000793662982829973,-0.0206775167116507,0.998419475690512,"RNA only"
"SCO2",1.06280409310247,0.00105383594743339,-0.028390702824803,0.998419475690512,"RNA only"
"LYRM1",0.776423592109924,0.00105383594743339,-0.0387595086385941,0.998419475690512,"RNA only"
"MARCO",-1.59422212532237,0.00119215987598956,0.0989808270928178,0.998419475690512,"RNA only"
"ITGB5",-1.38875124275054,0.00124652574961807,0.0371833188576913,0.998419475690512,"RNA only"
"RAB37",1.29786789836842,0.00157626636488287,-0.0191592141945511,0.998419475690512,"RNA only"
"CDC42BPB",-0.928263066776313,0.00197316997651786,0.1007320461922,0.998419475690512,"RNA only"
"CD36",-1.13141023463839,0.00203186299454571,0.115223427534527,0.998419475690512,"RNA only"
"LIMD2",1.00942046786318,0.00216534966127307,-0.163117783332936,0.998419475690512,"RNA only"
"PRMT1",-0.711902639153859,0.0031389611849065,0.391983986610918,0.706512937326028,"RNA only"
"BST2",1.30005458260015,0.00319986770570673,-0.0442087065415525,0.998419475690512,"RNA only"
"SCCPDH",-1.06991234436548,0.00367159875383701,0.00391381801745447,0.998419475690512,"RNA only"
"HIBADH",-1.01401216892684,0.00412402982659403,0.0333376374404288,0.998419475690512,"RNA only"
"CD38",1.40423342540515,0.00434486759858973,-0.0914008054438877,0.963338709988253,"RNA only"
"DYNLT1",0.859488137963434,0.00448131878175226,-0.00746124171097138,0.998419475690512,"RNA only"
"HERPUD2",0.622997609796421,0.00456923054538259,-0.0165146390160092,0.998419475690512,"RNA only"
"NRP1",-0.947415223085888,0.00467312546038447,0.118381726884507,0.998419475690512,"RNA only"
"CSF2RB",0.864434180075436,0.00487012851995882,-0.0621992116894352,0.998419475690512,"RNA only"
"BMERB1",-1.50711238796559,0.00496231183280117,0.0273931564260976,0.998419475690512,"RNA only"
"BIRC3",0.851692124494522,0.00552705958155548,-0.0375177153371645,0.998419475690512,"RNA only"
"IMPDH2",-0.83635808061648,0.00554164557160126,0.140760960874523,0.998419475690512,"RNA only"
"MOB3B",-0.90735589247553,0.0055610646444295,0.106885501419179,0.906608492274627,"RNA only"
"GTF2B",0.869865506880319,0.00577629301065354,-0.0430343849054809,0.998419475690512,"RNA only"
"IL21R",1.22204060283439,0.00602473596222471,-0.178546528074353,0.998419475690512,"RNA only"
"SUSD3",1.20836114421071,0.0060465687229819,-0.00148855471130428,0.998419475690512,"RNA only"
"PLAAT4",1.63565578858371,0.00628864035453334,-0.001667861449907,0.998419475690512,"RNA only"
"PEBP1",-0.690926205350261,0.00705804635670066,0.0411195488154896,0.998419475690512,"RNA only"
"NCOA7",1.082153546268,0.00736751559616164,-0.0562981067462372,0.998419475690512,"RNA only"
"SPARC",-1.75234056646904,0.00748516383689959,0.128285479401306,0.849533369989811,"RNA only"
"CD300LF",1.01259471612018,0.00748747013870728,-0.00701297417661685,0.998419475690512,"RNA only"
"TNFRSF6B",2.16244670235477,0.00757205679668114,-0.0221977581379304,0.998419475690512,"RNA only"
"IVD",-1.12047840332738,0.00760407040857824,0.0992572898162789,0.998419475690512,"RNA only"
"FBP1",-1.28501892300389,0.00773587097225939,0.125849913708891,0.998419475690512,"RNA only"
"HNRNPLL",0.794284770199525,0.00776713964175191,-0.175369498211756,0.998419475690512,"RNA only"
"GGT5",1.38847445711724,0.00803878426676708,-0.0570362296203661,0.998419475690512,"RNA only"
"SAT1",0.813690146135132,0.00858228190533457,-0.0263330145788507,0.998419475690512,"RNA only"
"CD3E",1.72486213963553,0.00869032835514523,-0.0343997083680419,0.998419475690512,"RNA only"
"EMG1",-0.79727506265968,0.00891684137869319,0.332365648386219,0.791573009435334,"RNA only"
"SUMF2",-0.713988945344482,0.0096230485164427,0.28106599885257,0.942156010382713,"RNA only"
"HMOX2",-0.618748004324817,0.0101906046265414,0.30049488786182,0.305671390633778,"RNA only"
"CSNK2A1",-0.483166918472601,0.0108481382751457,0.353350582047468,0.593517962616812,"RNA only"
"PPARG",-0.891985542650307,0.0108620269349368,0.0934138713327964,0.893070525488337,"RNA only"
"PROM1",-1.5693376742956,0.0109621575482045,0.0094616665416656,0.998419475690512,"RNA only"
"CAPNS2",1.23607858217423,0.0123100477580134,-0.294397538976763,0.906608492274627,"RNA only"
"BATF",0.921092570793616,0.0123539997535055,-0.0574133021089471,0.998419475690512,"RNA only"
"IARS1",-0.661141822599663,0.0125773770797307,0.0301208580161802,0.998419475690512,"RNA only"
"TIMM10",1.50078140456212,0.0131197689411945,-0.0286536962682072,0.998419475690512,"RNA only"
"EYA2",-1.35108480213802,0.0131658374014073,0.170130404308185,0.960940008943582,"RNA only"
"EMC1",-0.588334216548178,0.0151325691996781,0.141726788957519,0.979608889726842,"RNA only"
"TGM2",-0.943916733625442,0.0151637210520136,0.0389713292495271,0.998419475690512,"RNA only"
"FAM20A",0.79584962116157,0.0157186053500526,-0.0315564148231692,0.998419475690512,"RNA only"
"PIP",-1.60222434336253,0.0159506450904919,0.199062585731984,0.998419475690512,"RNA only"
"GALNT14",1.42994892106177,0.0173878166144475,-0.0893292377082064,0.96484128332814,"RNA only"
"ACAT1",-0.712081010989313,0.0175507426502672,0.0189651828446521,0.998419475690512,"RNA only"
"GMFG",0.613013981784888,0.0198877235664333,-0.00939662982738466,0.998419475690512,"RNA only"
"CHMP2B",0.662767340263632,0.0208086964673927,-0.118424051932958,0.998419475690512,"RNA only"
"CCL3L3",1.31316060889993,0.0217019801147571,-0.00167911394521556,0.998419475690512,"RNA only"
"FGFRL1",-0.826666279382881,0.0230765671668865,0.0275524201436652,0.998419475690512,"RNA only"
"P4HA2",-0.90767100464709,0.0237011552840779,0.0107094288301636,0.998419475690512,"RNA only"
"INPP5D",0.600907868450449,0.0237011552840779,-0.0581307341052259,0.998419475690512,"RNA only"
"UBE2J1",0.605510237367254,0.0260237469010731,-0.00356655273807739,0.998419475690512,"RNA only"
"BTN3A3",1.06696384896537,0.026392373075463,-0.117626532906177,0.853216168095328,"RNA only"
"LTA4H",-0.684076636722867,0.0264412027035645,0.0282079481206718,0.998419475690512,"RNA only"
"IL32",1.10736101232294,0.0270263736345949,-0.0278397741262957,0.998419475690512,"RNA only"
"CCL3",1.11485245682881,0.027683388119506,-0.0919219330456191,0.998419475690512,"RNA only"
"ATRN",-0.531503536184054,0.0277700356797424,0.140250076300915,0.998419475690512,"RNA only"
"DBNDD2",-0.88834820497842,0.0294869738407149,0.0945012485089929,0.998419475690512,"RNA only"
"CD244",1.05128637546798,0.030369801484852,-0.0321032573118705,0.998419475690512,"RNA only"
"FAH",-1.01164322205552,0.0313303251419065,0.303242550566066,0.843121181677977,"RNA only"
"PRKRA",-0.716568988224226,0.0320459088344273,0.0578929049845498,0.998419475690512,"RNA only"
"EVA1C",-1.10848236297942,0.0322166762928835,0.0294211662648967,0.998419475690512,"RNA only"
"FAM221A",-0.755196403273438,0.0328613817326286,0.184363302555277,0.998419475690512,"RNA only"
"PLOD3",-0.632859495233754,0.0328651202973293,0.257646053833985,0.998419475690512,"RNA only"
"NAXE",-0.853825925763802,0.033405955221878,0.426227196325922,0.998419475690512,"RNA only"
"GSTK1",0.652062055721175,0.0334574314796001,-0.0156539567056457,0.998419475690512,"RNA only"
"NOMO2",-0.590219342465838,0.0334574314796001,0.289846902076008,0.998419475690512,"RNA only"
"SLAMF1",1.31454578123775,0.0365532865820859,-0.0652178117645683,0.994306542239506,"RNA only"
"CD37",0.519420555562048,0.0366680797684346,-0.039459620405903,0.998419475690512,"RNA only"
"GSKIP",0.666701697132954,0.0377968698811525,-0.0213839519771104,0.998419475690512,"RNA only"
"HYOU1",-0.54974705421326,0.0379542340705535,0.268970631164188,0.998419475690512,"RNA only"
"RTN1",-0.843650485795526,0.0384078674978085,0.0724847624827872,0.998419475690512,"RNA only"
"B4GALT5",0.49319293951017,0.0390131111633077,-0.026662878389836,0.998419475690512,"RNA only"
"ANXA3",0.950600685328866,0.041076774227301,-0.105785956841065,0.998419475690512,"RNA only"
"BAG3",-0.779465594726855,0.041076774227301,0.0144946434054612,0.998419475690512,"RNA only"
"SOCS3",0.651814279503351,0.0410853531323647,-0.0691868717181666,0.998419475690512,"RNA only"
"TCEA3",-1.1491017534202,0.0412144299086813,0.311180484176079,0.853216168095328,"RNA only"
"ASGR2",1.02868200381376,0.0417136896373134,-0.0131181671685102,0.998419475690512,"RNA only"
"BIRC2",0.54450548458154,0.0418240392535168,-0.0240681694272521,0.998419475690512,"RNA only"
"CSNK1G2",0.479339506897834,0.0426234778728825,-0.00450730953466643,0.998419475690512,"RNA only"
"LAMC2",-1.05027484128541,0.0428604461109914,0.0139611156486791,0.998419475690512,"RNA only"
"CTLA4",1.4981746578667,0.0428676152827202,-0.146588603216147,0.950123900288119,"RNA only"
"OLIG1",1.13342709096106,0.0437773257041133,-0.0283713485369641,0.998419475690512,"RNA only"
"YJU2",0.742736657975181,0.0443749090550432,-0.00782890993178499,0.998419475690512,"RNA only"
"NME2",-0.612234568793023,0.0443749090550432,0.341657705870714,0.998419475690512,"RNA only"
"CENPV",-1.13821180164407,0.0446850416069111,0.0589102217924828,0.998419475690512,"RNA only"
"RNF31",0.689176183183271,0.0450220063768366,-0.134461871228064,0.994306542239506,"RNA only"
"PSPC1",0.41666900545574,0.045561654305313,-0.0250221193925059,0.998419475690512,"RNA only"
"PSG2",-1.34650848390628,0.0484422789472221,0.0040830241791012,0.998419475690512,"RNA only"
"EEF2K",-0.716435300085219,0.0486516792521281,0.0563564307462205,0.998419475690512,"RNA only"
"CHID1",-0.631344173880532,0.0491164651412831,0.0131730453774226,0.998419475690512,"RNA only"
"CS",-0.418031256081391,0.0526247077974024,0.613077266579987,0.963204148073108,"Not Significant"
"CETN2",-0.976295332901188,0.0531479338642176,0.167102425650729,0.998419475690512,"Not Significant"
"GAA",-0.595342327829178,0.0538534860554467,0.0334295691326914,0.998419475690512,"Not Significant"
"PMM2",-0.843917221114404,0.0556656950077051,0.454077253051385,0.966961547562754,"Not Significant"
"TXNDC5",-0.685673756998089,0.0556656950077051,0.41329195214883,0.783305794909646,"Not Significant"
"ECH1",-0.570041863509564,0.0563724172297159,0.0264805272441731,0.998419475690512,"Not Significant"
"UBE2D4",-1.09668952378245,0.058028172425133,0.276033940124824,0.998419475690512,"Not Significant"
"GALNT4",0.706180964456984,0.0583929048295847,-0.137399556221972,0.998419475690512,"Not Significant"
"PLXNB2",-0.53643665769151,0.0597316049813165,0.079602063118291,0.998419475690512,"Not Significant"
"NUDT9",-0.704978830848086,0.0603631411633317,0.201942497851664,0.998419475690512,"Not Significant"
"BCL2L14",1.23593006141401,0.0609675430098015,-0.0581788536981601,0.998419475690512,"Not Significant"
"TLDC2",1.40278863431186,0.0610263846751722,-0.0190375433188057,0.998419475690512,"Not Significant"
"CHMP1A",0.420021093229812,0.0640087409683947,-0.0408919423616057,0.998419475690512,"Not Significant"
"GLTP",-0.428694091525867,0.0643258166091831,0.0770449763183537,0.998419475690512,"Not Significant"
"TFRC",-0.631228643358056,0.0645520233988125,0.0709335886524041,0.998419475690512,"Not Significant"
"TPM3",0.365255487606875,0.0645629165142567,-0.0156390738874839,0.998419475690512,"Not Significant"
"TAFA2",0.856106996794134,0.0656179045911993,-0.0318016087579198,0.998419475690512,"Not Significant"
"CIAO1",-0.448225266692327,0.0669607429781826,0.79883588227976,0.265864449909381,"Not Significant"
"CD47",0.515836264825501,0.0674865461248767,-0.0402315014607751,0.998419475690512,"Not Significant"
"EIF3B",-0.463521580012643,0.0675675693873137,0.0565559742263495,0.998419475690512,"Not Significant"
"BUD31",0.42282782677501,0.0687470306537917,-0.0767707268723,0.998419475690512,"Not Significant"
"PYCR2",-0.577965813155914,0.0695290201245568,0.00339579668303563,0.998419475690512,"Not Significant"
"ERGIC1",-0.567896516456646,0.0697868567202908,0.123791698016069,0.998419475690512,"Not Significant"
"KLRK1",0.980510670448691,0.0705274876962023,-0.0243398323325181,0.998419475690512,"Not Significant"
"MLEC",-0.674235990612329,0.0712749345409782,0.267018936457162,0.998419475690512,"Not Significant"
"FAM162A",-0.726909532271074,0.071509176034804,0.0476971180762236,0.998419475690512,"Not Significant"
"LONP1",-0.56596555905448,0.0715490431986038,0.358013938969036,0.856705671473268,"Not Significant"
"ASRGL1",-0.890629454578122,0.0745868462453569,0.0234507281242221,0.998419475690512,"Not Significant"
"GALNT3",0.680717210499536,0.0755412792020202,-0.00906499845669084,0.998419475690512,"Not Significant"
"ABHD14B",-0.791764134822956,0.0755412792020202,0.0518416297759561,0.998419475690512,"Not Significant"
"NEO1",-1.00196271512357,0.0774127212302872,0.012338134355199,0.998419475690512,"Not Significant"
"PIM2",0.606946537215648,0.0776920295739639,-0.0231478964564923,0.998419475690512,"Not Significant"
"CDK2AP1",-0.538632059693312,0.0801236196361428,0.000448357606490941,0.998805706404385,"Not Significant"
"SND1",-0.452980425795409,0.0810998044394843,0.171470741282355,0.791573009435334,"Not Significant"
"NADK2",-0.640465622520387,0.0822489152185863,0.0629514882297769,0.998419475690512,"Not Significant"
"MYCBP",0.729608321567903,0.0844718691294075,-0.0242120308009317,0.998419475690512,"Not Significant"
"UBL3",0.400622672889786,0.0846399152445318,-0.119829999486081,0.791573009435334,"Not Significant"
"NECTIN2",0.44524665655716,0.0857362954192974,-0.00076788156632831,0.998419475690512,"Not Significant"
"CD109",-0.576066846067363,0.0858223071812578,0.147589729899351,0.71955774706989,"Not Significant"
"CDKN1B",0.425029649879448,0.0859278632090349,-0.0734402418715904,0.998419475690512,"Not Significant"
"CRIM1",-0.718658964999226,0.0864234853259013,0.0913232421090246,0.998419475690512,"Not Significant"
"A2M",-0.868723795772643,0.0879846113459771,0.470399784530217,0.857501682187315,"Not Significant"
"BTN2A1",0.475101479396363,0.0884335672922475,-0.0405477416690465,0.998419475690512,"Not Significant"
"NET1",-0.734323079457385,0.0893634222818178,0.0510658792130516,0.998419475690512,"Not Significant"
"NHP2",-0.588093218767107,0.0905872576685854,0.0487595305115306,0.998419475690512,"Not Significant"
"LPIN1",-0.535740025300436,0.0910226439702157,0.224849895111618,0.966961547562754,"Not Significant"
"AGO1",-0.350388940183485,0.0910232468433545,0.154589994130696,0.998419475690512,"Not Significant"
"OSTF1",0.388356648596059,0.0913660907299967,-0.0534173123271608,0.998419475690512,"Not Significant"
"TAPBPL",0.515028822853963,0.0939135246118818,-0.0198615671620171,0.998419475690512,"Not Significant"
"CLDN1",-0.99660427716989,0.0958754500440318,0.0530712467328661,0.998419475690512,"Not Significant"
"SDF2L1",-0.74051433960212,0.0960656007025611,0.552750584214994,0.101014253771789,"Not Significant"
"MSRB1",0.6623864205917,0.0978525688973046,-0.054192792894314,0.998419475690512,"Not Significant"
"CYB5R3",-0.439963547620812,0.0979117339877436,0.0898588911027297,0.998419475690512,"Not Significant"
"CKAP4",0.529365464790421,0.0987012449080909,-0.0445575269230569,0.998419475690512,"Not Significant"
"EIF3J",-0.397441659803957,0.0987769198078709,0.0815048499879207,0.998419475690512,"Not Significant"
"LILRB4",0.761978219980337,0.100730699428133,-0.162714113490508,0.998419475690512,"Not Significant"
"MORF4L2",-0.458880705104214,0.101121498436693,0.211851181975338,0.998419475690512,"Not Significant"
"EXOSC5",-0.979773809628719,0.101121498436693,0.215925319897925,0.861619201789483,"Not Significant"
"ADAM19",0.661629617864585,0.101121498436693,-0.00497822653056869,0.998419475690512,"Not Significant"
"YBX1",-0.557841764908562,0.101254198180131,0.488403069685485,0.809010563895537,"Not Significant"
"MTHFD1",-0.654296732271072,0.103501932095232,0.342312827030898,0.998419475690512,"Not Significant"
"AIMP1",-0.466923457069684,0.103501932095232,0.141793447805273,0.958007806671595,"Not Significant"
"YME1L1",0.37135275548324,0.10355151222581,-0.0438785892112794,0.998419475690512,"Not Significant"
"RAB4A",-0.721805398219527,0.103737903860572,0.089060617114421,0.790827704016838,"Not Significant"
"ICAM4",1.1277517017762,0.104732314103792,-0.00371634125552513,0.998419475690512,"Not Significant"
"OXSM",-0.809466794476026,0.104732314103792,0.457814559948131,0.327559834846293,"Not Significant"
"PLEKHF2",0.519833392391904,0.104732314103792,-0.214747927616791,0.998419475690512,"Not Significant"
"HMGB2",0.566604734278391,0.105453717048422,-0.0566078405489002,0.998419475690512,"Not Significant"
"PDIA4",-0.494252244805675,0.105752412909888,0.12466148765323,0.994306542239506,"Not Significant"
"DYNC1LI1",0.335973392312011,0.107641068637982,-0.155546945525895,0.998419475690512,"Not Significant"
"RHOC",0.567809191028425,0.107748660273847,-0.0429660431660154,0.998419475690512,"Not Significant"
"ZSWIM7",-0.558773746249476,0.107800089927089,0.00214510553693344,0.998419475690512,"Not Significant"
"SNU13",-0.505624324379971,0.107889542660914,0.0629640827006187,0.998419475690512,"Not Significant"
"VAT1",-0.635888893828602,0.108214973873721,0.333968827186234,0.998419475690512,"Not Significant"
"RCN1",-0.566025499836931,0.111453453731145,0.0348690375638836,0.998419475690512,"Not Significant"
"LYZ",-0.593289680560443,0.113886430315697,0.362416745635308,0.998419475690512,"Not Significant"
"MTMR6",0.456479686679118,0.115100559114431,-0.347804665735596,0.882966594834703,"Not Significant"
"HSPG2",-0.883105998138418,0.11538786413392,0.227934733594436,0.721802398933348,"Not Significant"
"ARL8A",0.360363751863125,0.11538786413392,-0.0270614351442719,0.998419475690512,"Not Significant"
"THRA",-0.606432029275767,0.116578292762051,0.00501752044491763,0.998419475690512,"Not Significant"
"PSIP1",-0.518498908076481,0.116993311060771,0.236082549114386,0.998419475690512,"Not Significant"
"ADGRE5",0.481097390788871,0.116993311060771,-0.0259520185712293,0.998419475690512,"Not Significant"
"RPL5",-0.393804569544085,0.118525986897685,0.644789371561567,0.589149021023413,"Not Significant"
"DHRS4",-0.733434064110026,0.119042922031206,0.122252318570518,0.990090615049715,"Not Significant"
"KIF3A",-0.683742434884946,0.120585453379371,0.0912847976706725,0.998419475690512,"Not Significant"
"KRT14",-1.14969161573034,0.120585453379371,0.133863016818984,0.998419475690512,"Not Significant"
"KIF16B",-0.620176097780404,0.12068724961591,0.0765119241545305,0.998419475690512,"Not Significant"
"TANK",0.535756668334396,0.121248292349295,-0.0302128900240678,0.998419475690512,"Not Significant"
"SH3KBP1",0.421886981497721,0.121632181052026,-0.00960137318714196,0.998419475690512,"Not Significant"
"UBE2L3",0.411124974119388,0.124844190611995,-0.0492751437916085,0.998419475690512,"Not Significant"
"ERBB2",-0.76815022890255,0.125041845445792,0.0524584478683533,0.998419475690512,"Not Significant"
"SRM",-0.47106816923179,0.126229868762016,0.112476816338653,0.994739550495444,"Not Significant"
"GATAD1",-0.507421639917292,0.126229868762016,0.329134327427716,0.844219646885179,"Not Significant"
"SEPTIN10",-0.526041344789879,0.126395464469433,0.0034659627938859,0.998419475690512,"Not Significant"
"THOC1",-0.633765814493489,0.126451262111765,0.209118380067534,0.335558544040105,"Not Significant"
"POFUT1",-0.45413895021585,0.126464893528089,0.213766099241345,0.998419475690512,"Not Significant"
"EIF4E",-0.292993017624089,0.127097700607163,0.526999773533289,0.917185685045979,"Not Significant"
"FGFR1",-0.884859060634349,0.128004735842293,0.253792127582429,0.998419475690512,"Not Significant"
"ETFA",-0.397578272360212,0.128004735842293,0.0721356048399757,0.998419475690512,"Not Significant"
"PLAU",-0.806544739200541,0.12827898445163,0.167924405669251,0.706375430478359,"Not Significant"
"LDLR",0.518847140325102,0.128736643759376,-0.00389254080385003,0.998419475690512,"Not Significant"
"DUSP16",0.703935502167035,0.128880443587405,-0.0201384271190264,0.998419475690512,"Not Significant"
"ESRP1",-0.829299257905695,0.129931694146346,0.00941786587772114,0.998419475690512,"Not Significant"
"COL28A1",-1.05456785665995,0.131170557686975,0.303542712920586,0.853216168095328,"Not Significant"
"PSMA1",0.37206578019983,0.134793287381713,-0.0933276789805154,0.998419475690512,"Not Significant"
"METAP2",-0.615605675059583,0.136250838374335,0.208495003889137,0.998419475690512,"Not Significant"
"UBE3A",-0.370680745621039,0.137839820490415,0.143534800672783,0.966961547562754,"Not Significant"
"PPP1R3B",0.518656304341193,0.137969013693743,-0.0411981392113265,0.998419475690512,"Not Significant"
"DCAF12",0.396512955680859,0.138422303150485,-0.0698113273127356,0.998419475690512,"Not Significant"
"CIB1",-0.448749555728534,0.138646367802404,0.024763172634707,0.998419475690512,"Not Significant"
"HNRNPR",-0.385352699568796,0.138733222609847,0.10339905329457,0.998419475690512,"Not Significant"
"NEIL1",-0.692719509717472,0.142368442047554,0.191879419480891,0.998419475690512,"Not Significant"
"EDEM2",0.491498538970036,0.14323098059885,-0.00284694716975649,0.998419475690512,"Not Significant"
"UNC45A",-0.383044354046481,0.144821240665706,0.168616976895665,0.998419475690512,"Not Significant"
"RPP30",-0.579045504997837,0.146302173228423,0.0658810545000791,0.998419475690512,"Not Significant"
"TXNIP",0.54909643728466,0.147700824541019,-0.00703692196492142,0.998419475690512,"Not Significant"
"SMARCC1",-0.324431764202462,0.147814818965131,0.0161848063361253,0.998419475690512,"Not Significant"
"HADH",-0.74479979250138,0.147997503237843,0.304357833469403,0.998419475690512,"Not Significant"
"RELB",0.502077612738618,0.147997503237843,-0.029151606497916,0.998419475690512,"Not Significant"
"AHCY",-0.481501746247635,0.148177123075361,0.34017593671722,0.706375430478359,"Not Significant"
"APOE",-1.05037484907732,0.148611794384417,0.801304052891834,0.33638801102274,"Not Significant"
"NSFL1C",0.490069979896809,0.149125334005686,-0.19095831039677,0.998419475690512,"Not Significant"
"UBE2Q2",-0.428539086391212,0.14914363850016,0.0415076373583007,0.998419475690512,"Not Significant"
"C1GALT1C1",0.522989512335584,0.14918340117556,-0.0461689844604706,0.998419475690512,"Not Significant"
"RPRD1A",-0.389270985881429,0.14918340117556,0.0249602845583702,0.998419475690512,"Not Significant"
"RNF24",0.554777907342223,0.149255101220811,-0.0132000740383189,0.998419475690512,"Not Significant"
"B3GAT3",0.503582987557563,0.150113568722808,-0.0307636917773032,0.998419475690512,"Not Significant"
"NPIPB3",0.372232295833139,0.152000647088585,-0.00220085437154437,0.998419475690512,"Not Significant"
"LAIR2",0.999770253714521,0.152703170438897,-0.0278762093230176,0.998419475690512,"Not Significant"
"CRISPLD2",0.561429055698564,0.153664666588842,-0.122323441574142,0.998419475690512,"Not Significant"
"KPNA1",-0.408159373130448,0.153719835030217,0.0921306809034161,0.998419475690512,"Not Significant"
"HHEX",0.653649892778272,0.153865167614332,-0.0128615967101996,0.998419475690512,"Not Significant"
"NCKIPSD",-0.662961108627369,0.154741743195429,0.082502689460063,0.998419475690512,"Not Significant"
"IL15",0.710955170329489,0.154771323670931,-0.18728687584783,0.954918486558191,"Not Significant"
"BAG4",-0.460142472338161,0.154852304960836,0.00200641213652457,0.998419475690512,"Not Significant"
"PMEPA1",-0.773029690478736,0.155851593230296,0.0277073577405416,0.998419475690512,"Not Significant"
"PRLR",1.12295929566115,0.157743876931189,-0.00799770372633726,0.998419475690512,"Not Significant"
"USO1",-0.408567953294131,0.158368355657803,0.0574333489265173,0.998419475690512,"Not Significant"
"PEX14",-0.657646190330142,0.159587410358658,0.143881842008016,0.723431915013577,"Not Significant"
"NRXN1",-1.42253363318832,0.159688043880807,0.0379599534276771,0.998419475690512,"Not Significant"
"CRIP1",-0.706018816141276,0.159734727548965,0.251780294832545,0.524964515400664,"Not Significant"
"CAT",-0.498556345208615,0.160576146542566,0.139730781920707,0.998419475690512,"Not Significant"
"NEU1",0.366871369865717,0.16133569108779,-0.184355487121759,0.388198145244598,"Not Significant"
"NOTCH3",-0.709254918424584,0.162352746474596,0.100459193389912,0.998419475690512,"Not Significant"
"INSIG1",0.44237114902137,0.162420592743271,-0.0835188639208897,0.96484128332814,"Not Significant"
"TWF1",0.408900164936997,0.163501353635959,-0.114556896446697,0.712002983900469,"Not Significant"
"PFDN1",-0.406945122988088,0.163501353635959,0.0137217848118008,0.998419475690512,"Not Significant"
"SPRED1",-0.658549382167793,0.163725358335703,0.024167018690148,0.998419475690512,"Not Significant"
"ERC1",-0.406331520558473,0.164934375956532,0.135756978066557,0.998419475690512,"Not Significant"
"MACROD2",-0.804016276740517,0.165765365035232,0.0227652915365671,0.998419475690512,"Not Significant"
"TTC27",-0.732531281674499,0.167449965339185,0.0060715444392991,0.998419475690512,"Not Significant"
"CD3G",0.784076750454063,0.168436551003691,-0.0207660782371496,0.998419475690512,"Not Significant"
"DLAT",-0.502835409097101,0.168597314614517,0.18650255202364,0.844219646885179,"Not Significant"
"BAG1",0.43228692822628,0.168768222034883,-0.0327375875341768,0.998419475690512,"Not Significant"
"GLRX",0.335517469461735,0.171145939613699,-0.139832674650275,0.998419475690512,"Not Significant"
"TRIO",-0.336668711197459,0.171730878853692,0.084312502352385,0.998419475690512,"Not Significant"
"AKT2",0.260405674840817,0.17260114073087,-0.0234620051943585,0.998419475690512,"Not Significant"
"IRF6",-0.745370853245309,0.17260114073087,0.183120774390676,0.998419475690512,"Not Significant"
"PDCD1LG2",0.568767272689449,0.173987764954491,-0.166523646411791,0.809010563895537,"Not Significant"
"ZFP36",0.519185247534257,0.174162502256051,-0.0197323608544087,0.998419475690512,"Not Significant"
"CNOT9",-0.488908236152431,0.174444962589367,0.278688575256225,0.998419475690512,"Not Significant"
"MILR1",0.612881009000214,0.174614962102839,-0.0342395047740927,0.998419475690512,"Not Significant"
"C1QBP",-0.552660146245551,0.175760596720293,0.0359238242696492,0.998419475690512,"Not Significant"
"PHGDH",-0.730092540861291,0.179067280183528,0.280391821227996,0.791573009435334,"Not Significant"
"IDUA",-0.594495309814952,0.17998331792755,0.0961142013564266,0.998419475690512,"Not Significant"
"QKI",0.354244228531444,0.180080854604851,-0.013014282685702,0.998419475690512,"Not Significant"
"NMRAL1",-0.522919050360589,0.181277560984125,0.124602126668585,0.998419475690512,"Not Significant"
"DGCR2",0.381153445207243,0.181277560984125,-0.0257270798648449,0.998419475690512,"Not Significant"
"TEPSIN",0.601274202069922,0.181277560984125,-0.0535411142136881,0.998419475690512,"Not Significant"
"EIF4B",-0.289346318940975,0.18138637437665,0.118243123402079,0.998419475690512,"Not Significant"
"GALNT10",0.459604673567661,0.182930268656789,-0.0131921843828054,0.998419475690512,"Not Significant"
"TSC22D3",0.502448538606602,0.182989799963238,-0.000420608645861599,0.998433450236531,"Not Significant"
"PPIH",-0.851673854509823,0.182989799963238,0.3053672184721,0.998419475690512,"Not Significant"
"MERTK",0.453284635678122,0.183338467287228,-0.028285924293062,0.998419475690512,"Not Significant"
"HSP90B1",-0.374989083992864,0.183468956702593,0.466048665660563,0.785871831294745,"Not Significant"
"RPN2",-0.358694784277727,0.183862977051796,0.0913500374784157,0.998419475690512,"Not Significant"
"CHP1",-0.297180812125302,0.18394762681105,0.192183645045828,0.998419475690512,"Not Significant"
"SNRPF",-0.526865349349931,0.184112167671746,0.221863286092988,0.832343405187712,"Not Significant"
"IL16",0.439996074061826,0.187905020645729,-0.0446493950996027,0.998419475690512,"Not Significant"
"ACADVL",-0.34451028591613,0.189820312026058,0.155989807707315,0.998419475690512,"Not Significant"
"HMG20B",-0.380908616332216,0.191511613626727,0.0385266948186839,0.998419475690512,"Not Significant"
"ADH5",-0.466211622004615,0.194134302341946,0.0171168511564693,0.998419475690512,"Not Significant"
"S100A13",-0.744172553690525,0.196124827676732,0.041733822797203,0.998419475690512,"Not Significant"
"FKBP4",-0.551638772741083,0.199023988885623,0.445247735867553,0.726670319561975,"Not Significant"
"CAMK2D",-0.460013844704601,0.199844605936044,0.399418635798726,0.550228813303962,"Not Significant"
"DIMT1",-0.398372256223152,0.201343915713814,0.385953101895736,0.857501682187315,"Not Significant"
"HARS1",-0.302646056588545,0.20219733798737,0.43052834743915,0.998419475690512,"Not Significant"
"ACOX1",-0.355659224987483,0.202298202877617,0.372465635342359,0.998419475690512,"Not Significant"
"PVR",-0.406347256113454,0.205302232766631,0.0897406817307739,0.998419475690512,"Not Significant"
"DLD",-0.349358242451965,0.205781973418111,0.454675246800649,0.954918486558191,"Not Significant"
"OSBPL1A",-0.493776767694044,0.205781973418111,0.474147137094649,0.854189735810682,"Not Significant"
"AGA",-0.520422370536477,0.207989426563103,0.0481607916747514,0.998419475690512,"Not Significant"
"NUBP1",-0.46337254774547,0.207989426563103,0.0941615053705586,0.998419475690512,"Not Significant"
"ECE1",0.517765795473303,0.207989426563103,-0.0371915050022806,0.998419475690512,"Not Significant"
"CD33",-0.520362007440348,0.20892339988964,0.0182608542326214,0.998419475690512,"Not Significant"
"S100P",0.516177013359753,0.209226081583,-0.0169761057012007,0.998419475690512,"Not Significant"
"PROS1",-0.74437329089285,0.210264945835654,0.20359652604167,0.998419475690512,"Not Significant"
"AARS1",-0.40884605410235,0.211048175430654,0.344387452870419,0.906608492274627,"Not Significant"
"NFKBIB",0.373001791291867,0.211307469779046,-0.00841197765366684,0.998419475690512,"Not Significant"
"EHBP1",-0.596239946350366,0.21264124908919,0.0750786684150196,0.998419475690512,"Not Significant"
"ZNF264",-0.403284401064987,0.213643161670559,0.0436163912518969,0.998419475690512,"Not Significant"
"CAMP",-0.822399319623244,0.214378043398749,0.19504689623669,0.998419475690512,"Not Significant"
"ASF1A",-0.537045507831713,0.214556993486547,0.0362148705399771,0.998419475690512,"Not Significant"
"TPP2",-0.387945519068626,0.21546528454737,0.069250509931714,0.998419475690512,"Not Significant"
"MAEA",-0.412426565899173,0.215588170010083,0.00916278319707124,0.998419475690512,"Not Significant"
"MYBPC3",0.647821110902899,0.215829891647586,-0.00376376725401509,0.998419475690512,"Not Significant"
"NECTIN1",-0.547059653056428,0.216683648593368,0.00157778486651525,0.998419475690512,"Not Significant"
"MGMT",-0.694623964926344,0.216683648593368,0.256015071295212,0.998419475690512,"Not Significant"
"MTAP",-0.498955456877957,0.218209326014266,0.288843881939293,0.914364390399303,"Not Significant"
"MPZL2",-0.591181726900912,0.219373971953576,0.00706961613240357,0.998419475690512,"Not Significant"
"TRABD",0.379192863417245,0.219487679656917,-0.105660172841511,0.93532467061693,"Not Significant"
"RCN3",-0.640027133692633,0.221545190484103,0.107119246492079,0.590152120200119,"Not Significant"
"PEF1",0.33175141508131,0.222543100447853,-0.0281732222152996,0.998419475690512,"Not Significant"
"CLUAP1",-0.666292519008026,0.223704418510791,0.0765737624255876,0.998419475690512,"Not Significant"
"TMOD2",0.50405690505106,0.223796046860441,-0.178340681594983,0.998419475690512,"Not Significant"
"UNC5A",0.520334605177386,0.224010579609336,-0.0847497931720669,0.998419475690512,"Not Significant"
"SLC25A1",-0.471709487310499,0.22600058911217,0.071733453619065,0.998419475690512,"Not Significant"
"RBM19",-0.472040914724148,0.227406174641817,0.256776693739265,0.906608492274627,"Not Significant"
"ATG4B",-0.333806416829032,0.227444118529178,0.267427490575333,0.837888123127799,"Not Significant"
"MRAS",-0.529831086482292,0.22772920957843,0.0219222972865859,0.998419475690512,"Not Significant"
"RAF1",0.24803800077614,0.229042630126842,-0.13123764574439,0.998419475690512,"Not Significant"
"STMP1",-0.354695788866059,0.229204203919008,0.0405515412562867,0.998419475690512,"Not Significant"
"HMOX1",-0.523040257060607,0.229238994524445,0.639483988091557,0.539565355399816,"Not Significant"
"KLRC1",0.734041922117939,0.229717079866476,-0.0218099855100777,0.998419475690512,"Not Significant"
"MNAT1",-0.573178625648625,0.230393898798705,0.097286766768496,0.839178512396408,"Not Significant"
"PSMA5",0.386363083904022,0.230393898798705,-0.166500766757924,0.998419475690512,"Not Significant"
"RAB3IL1",0.777464047693206,0.231224388154502,-0.126036289299891,0.595628154734049,"Not Significant"
"FBLN1",-0.765354945761381,0.23333841321362,0.0415225231264423,0.998419475690512,"Not Significant"
"REPIN1",-0.362488862578506,0.233599783128161,0.00555810076865111,0.998419475690512,"Not Significant"
"N4BP2L2",0.337281018090049,0.234202770577177,-0.0575020929276304,0.998419475690512,"Not Significant"
"TCN2",0.5585645953325,0.234565277702622,-0.223505151645526,0.998419475690512,"Not Significant"
"ATP5PB",-0.331578694398158,0.234686091466007,0.0046934809114436,0.998419475690512,"Not Significant"
"TNFSF8",-0.646547005023599,0.23470888516683,0.114668678769455,0.963204148073108,"Not Significant"
"DMKN",-0.84573514500278,0.235026341912547,0.0312548434509168,0.998419475690512,"Not Significant"
"PTGES3",0.321998104049259,0.236116311407844,-0.0173664223030443,0.998419475690512,"Not Significant"
"CD46",0.318925820989356,0.236331160188582,-0.113580339992586,0.998419475690512,"Not Significant"
"PSMA3",0.283906141110607,0.236879942764799,-0.0359192863097097,0.998419475690512,"Not Significant"
"FABP2",0.612473828256163,0.23713584692092,-0.0487208689131747,0.998419475690512,"Not Significant"
"RAP1GDS1",-0.330282822305843,0.23713584692092,0.0466523123540748,0.998419475690512,"Not Significant"
"EPS15L1",-0.392227099349987,0.237786876638128,0.0795928382780198,0.998419475690512,"Not Significant"
"PIPOX",0.706512495239127,0.239878610753913,-0.130286385205558,0.637388524185901,"Not Significant"
"DPH7",-0.595420966099301,0.240274417276223,0.124563251976257,0.998419475690512,"Not Significant"
"PC",-0.604073853782085,0.240274417276223,0.00677112303611271,0.998419475690512,"Not Significant"
"GNAQ",0.301763237710764,0.240475563513599,-0.0435459716725003,0.998419475690512,"Not Significant"
"GOT2",-0.514655051668473,0.246089266122477,0.303173894971908,0.998419475690512,"Not Significant"
"LGMN",0.486959513306957,0.246667112125593,-0.138292255180263,0.998419475690512,"Not Significant"
"LMNB2",-0.458057169274945,0.247562342919962,0.508329231755538,0.472153317410157,"Not Significant"
"DDX1",-0.428010264733787,0.248447313444012,0.189052752657137,0.998419475690512,"Not Significant"
"GFER",0.814838083581414,0.248470983725252,-0.0508115381796492,0.998419475690512,"Not Significant"
"MED1",0.327503022940184,0.24903807481115,-0.0873222492096335,0.998419475690512,"Not Significant"
"EVA1B",0.65723007576738,0.249060145754517,-0.0779216300456529,0.994739550495444,"Not Significant"
"PSPH",-0.611559616903927,0.250153588137772,0.105555708067558,0.998419475690512,"Not Significant"
"TCN1",0.621358770707744,0.250788398955449,-0.00324054759696257,0.998419475690512,"Not Significant"
"LGALS3",-0.402116594814738,0.251014835576283,0.159594865186199,0.998419475690512,"Not Significant"
"ENG",-0.457935977743779,0.253350561234055,0.0251174837705332,0.998419475690512,"Not Significant"
"BMX",0.622761497306414,0.253741921733006,-0.0145564898635582,0.998419475690512,"Not Significant"
"NQO1",-0.633445120429649,0.254212749507491,0.547593814435824,0.998419475690512,"Not Significant"
"CD68",-0.460696454261721,0.25453002985578,0.119502213112417,0.987022850306148,"Not Significant"
"STK24",0.270690439926332,0.255294227131272,-0.0069527264671845,0.998419475690512,"Not Significant"
"PCNP",0.320835900111721,0.256047591254818,-0.12587242138736,0.998419475690512,"Not Significant"
"PTTG1",0.841653169686721,0.256830135018575,-0.0321985082670336,0.998419475690512,"Not Significant"
"RPN1",-0.200812005591253,0.258617253160215,0.37004188393359,0.50944034495368,"Not Significant"
"FSTL1",-0.79896418927074,0.260081474606543,0.14417767834884,0.998419475690512,"Not Significant"
"APP",-0.306670879312414,0.260305669748992,0.0298465433128795,0.998419475690512,"Not Significant"
"CUL4B",0.310235712362608,0.260305669748992,-0.0222889099852097,0.998419475690512,"Not Significant"
"LACC1",0.409116613770935,0.261393937102449,-0.0186117436242436,0.998419475690512,"Not Significant"
"ITPA",-0.520738367744018,0.261515974137395,0.0705664087347358,0.998419475690512,"Not Significant"
"APBB2",-0.605228694872347,0.261515974137395,0.112498206099405,0.998419475690512,"Not Significant"
"RYBP",0.378727978536265,0.26175046299602,-0.046533267320155,0.998419475690512,"Not Significant"
"TMEM230",-0.278342856562295,0.262528022893709,0.0323839854346553,0.998419475690512,"Not Significant"
"PPIA",-0.258407928668507,0.263435559699639,0.294045438317279,0.998419475690512,"Not Significant"
"DNAJC27",0.438408781668946,0.264543418127809,-0.0420348689833822,0.998419475690512,"Not Significant"
"TGIF2",0.38122510528354,0.264596429008823,-0.235240176179906,0.174695713956612,"Not Significant"
"SOD1",-0.438876544798384,0.264596429008823,0.0339445584351775,0.998419475690512,"Not Significant"
"CYCS",-0.376984798980027,0.264639217937402,0.0940431940038212,0.998419475690512,"Not Significant"
"AHCYL1",-0.289484429546648,0.267470457062127,0.08847334614918,0.998419475690512,"Not Significant"
"METAP1",-0.484893731825005,0.268331293380401,0.178652256732292,0.998419475690512,"Not Significant"
"CREM",0.395541893210894,0.269078920795165,-0.179914352612404,0.448344482232837,"Not Significant"
"SCMH1",-0.431529728395856,0.270519498472588,0.0289961045992948,0.998419475690512,"Not Significant"
"PDIA6",-0.32652554660783,0.271619859039167,0.409679959045513,0.998419475690512,"Not Significant"
"SERPINB5",-0.696272878177599,0.273716807219396,0.00749699543266665,0.998419475690512,"Not Significant"
"CMTM4",-0.562317215110041,0.27511108489659,0.139375101493307,0.998419475690512,"Not Significant"
"LIF",-0.611016590171827,0.276841420301684,0.0389212262530797,0.998419475690512,"Not Significant"
"EXOSC8",-0.51969586237265,0.277366102246297,0.115579707382639,0.998419475690512,"Not Significant"
"MCL1",0.314533189084358,0.277427514759474,-0.0445192169916126,0.998419475690512,"Not Significant"
"APEX1",-0.487537524920895,0.279530923460207,0.414496025714018,0.998419475690512,"Not Significant"
"KMT5C",-0.623623715533902,0.280341735039479,0.0312519104002563,0.998419475690512,"Not Significant"
"RNASEH1",-0.437295077718806,0.2807560484625,0.20799289577845,0.936867356766746,"Not Significant"
"BCCIP",-0.416482251401434,0.2807560484625,0.0797685320576761,0.994739550495444,"Not Significant"
"TMEM154",0.494775813794522,0.281032633958434,-0.0534827308784123,0.998419475690512,"Not Significant"
"LAMTOR3",0.376437388102773,0.282023148195414,-0.044377009411273,0.998419475690512,"Not Significant"
"FAM86B1",-0.657201373089966,0.282023148195414,0.077465823455746,0.781368446819726,"Not Significant"
"BTG2",0.414330222447905,0.282858565485519,-0.0632601324452857,0.998419475690512,"Not Significant"
"LSM4",-0.508531264136232,0.283005662136552,0.114320453422037,0.972181796980531,"Not Significant"
"SNTB1",-0.428386925704674,0.284594491291158,0.0422265822140287,0.998419475690512,"Not Significant"
"EEF1E1",-0.664029230653968,0.285799634100968,0.15127764037462,0.998419475690512,"Not Significant"
"PIP4K2A",0.261491885170261,0.286536108078172,-0.180933875330414,0.998419475690512,"Not Significant"
"PLCB1",-0.593508356412202,0.286536108078172,0.0186383949356411,0.998419475690512,"Not Significant"
"BICDL1",0.477070060546569,0.287232357510207,-0.0158663418708027,0.998419475690512,"Not Significant"
"KPNA2",-0.381558182638244,0.287232357510207,0.368416110636195,0.420669930504322,"Not Significant"
"POR",-0.417881619088646,0.288123047197224,0.56101746102201,0.790827704016838,"Not Significant"
"RNF114",0.415017112510312,0.288189728403455,-0.043451393487429,0.998419475690512,"Not Significant"
"COMMD9",-0.35855438079349,0.288189728403455,0.11334660762274,0.998419475690512,"Not Significant"
"PRKCI",-0.389443533788009,0.288189728403455,0.0746591106774148,0.998419475690512,"Not Significant"
"UBL4A",-0.383739900091494,0.289859821493959,0.0669391281509335,0.998419475690512,"Not Significant"
"TTC32",0.444457111957638,0.290595269007162,-0.0504448378322502,0.998419475690512,"Not Significant"
"USP28",-0.447535897404239,0.290845295056277,0.0123009340908438,0.998419475690512,"Not Significant"
"PTPMT1",-0.6243004036079,0.291592747048142,0.0093859504960264,0.998419475690512,"Not Significant"
"MSRB2",0.390572602263417,0.293258946151903,-0.0284682838202509,0.998419475690512,"Not Significant"
"METTL1",-0.575841411959318,0.300186418125508,0.0393023706221598,0.998419475690512,"Not Significant"
"KLF9",0.425708664679249,0.300828328780968,-0.045778218821872,0.998419475690512,"Not Significant"
"STX10",0.309923390201328,0.301809334173281,-0.0268459176400914,0.998419475690512,"Not Significant"
"PELI1",0.448561233927081,0.302280401022115,-0.0833075872649289,0.998419475690512,"Not Significant"
"GMPS",-0.380284835873527,0.302299258182023,0.586322451129544,0.732688073803575,"Not Significant"
"CISD2",-0.400148285703005,0.302730306049578,0.194785678490108,0.607074645286811,"Not Significant"
"BMPR2",0.363154169213343,0.303077162899901,-0.0376554717919602,0.998419475690512,"Not Significant"
"KAT2B",0.293061401833244,0.305086938140273,-0.00619582431257346,0.998419475690512,"Not Significant"
"MAP4K5",-0.41751561021368,0.306060628390387,0.129131325123331,0.998419475690512,"Not Significant"
"HDAC2",-0.331903727109105,0.306662805055991,0.669037801090874,0.724015366092508,"Not Significant"
"IL7",0.679288467677774,0.308217568459237,-0.0647051868976342,0.998419475690512,"Not Significant"
"TNFRSF25",0.619481482665768,0.308218247796718,-0.457385219801352,0.543548945616488,"Not Significant"
"UBE2G2",-0.324868671418027,0.30860837001785,0.0487061103819755,0.998419475690512,"Not Significant"
"QDPR",-0.528285763931655,0.309181788565976,0.310805539631357,0.998419475690512,"Not Significant"
"DYNLL2",-0.242724367419607,0.310495770576063,0.0439026454154781,0.998419475690512,"Not Significant"
"DEFA1",-1.07682748249067,0.311175249844187,0.487680653964536,0.228867640060625,"Not Significant"
"C15orf40",-0.439731417799333,0.311175249844187,0.101715971564249,0.998419475690512,"Not Significant"
"CCS",-0.294949321776184,0.311822331655507,0.0798020429039089,0.998419475690512,"Not Significant"
"EID3",0.478157607816161,0.311822331655507,-0.15709202232694,0.265864449909381,"Not Significant"
"H1-2",0.463794024084764,0.311939053373313,-0.0232847394595688,0.998419475690512,"Not Significant"
"PROCR",-0.601293146848705,0.312303357022964,0.045680457533403,0.998419475690512,"Not Significant"
"PPM1G",-0.27704832064178,0.312778124495357,0.146184065892823,0.966961547562754,"Not Significant"
"SRA1",0.289441250018122,0.31375351089493,-0.0188140530740583,0.998419475690512,"Not Significant"
"CBX5",-0.269223601948049,0.313778860126857,0.0669534665110283,0.998419475690512,"Not Significant"
"DCPS",-0.299022282584835,0.314005567685037,0.414482948478567,0.791573009435334,"Not Significant"
"PDIA5",-0.558749928504653,0.314815691290074,0.370918027604469,0.791573009435334,"Not Significant"
"ANAPC10",-0.498562281672515,0.315051668479325,0.12472511799451,0.638969005215889,"Not Significant"
"GALNS",-0.336904706562328,0.315480185468706,0.267008027097329,0.998419475690512,"Not Significant"
"WWC1",-0.666314270124256,0.315919898224485,0.0179436845001529,0.998419475690512,"Not Significant"
"GLRX3",-0.277193195875486,0.315919898224485,0.445813688226358,0.998419475690512,"Not Significant"
"SNRPC",-0.334259382629007,0.318586515141052,0.0594460191941115,0.998419475690512,"Not Significant"
"ITGB1",-0.234913370894644,0.319436505071608,0.016376710994531,0.998419475690512,"Not Significant"
"ARHGEF10",-0.523783391892474,0.319759545584091,0.00955258013986571,0.998419475690512,"Not Significant"
"CTSD",-0.469284940766429,0.319816790821781,0.250426230575826,0.998419475690512,"Not Significant"
"HID1",-0.654983286053075,0.320858063230495,0.0265011530445271,0.998419475690512,"Not Significant"
"CCDC9",0.34051721940993,0.322513623432253,-0.0395022739016842,0.998419475690512,"Not Significant"
"ANP32A",0.311538766380656,0.322805070355523,-0.00736222708047813,0.998419475690512,"Not Significant"
"BRPF1",-0.2911732728307,0.323759973272291,0.0742863042912043,0.998419475690512,"Not Significant"
"POP7",-0.519070844389712,0.324103147704033,0.237984699827793,0.727916443716349,"Not Significant"
"HSP90AB1",-0.352996020333811,0.324821858366747,0.423101953684807,0.998419475690512,"Not Significant"
"ADK",-0.432639571091644,0.325910874277968,0.306215305714026,0.953861878222889,"Not Significant"
"PFN2",-0.459516567716908,0.325984634564271,0.0136090569970032,0.998419475690512,"Not Significant"
"LINGO3",0.463139120147888,0.326090761743457,-0.0283590936930444,0.998419475690512,"Not Significant"
"BPIFA1",-0.962119461750424,0.326091669661469,0.143609903793866,0.964835353022169,"Not Significant"
"CPVL",-0.340680701037811,0.326206481170184,0.0767113689643117,0.998419475690512,"Not Significant"
"VILL",0.432898133015198,0.326827331641674,-0.109713902775317,0.994306542239506,"Not Significant"
"BTN3A2",0.387289461598459,0.328850694790784,-0.134798624418126,0.998419475690512,"Not Significant"
"FOXO4",0.341952510914153,0.328850694790784,-0.0302157873516009,0.998419475690512,"Not Significant"
"B4GALT2",-0.530946363050565,0.329595172184846,0.00593592867388277,0.998419475690512,"Not Significant"
"TNXB",-0.676664528233515,0.329595172184846,0.0356091122762273,0.998419475690512,"Not Significant"
"KCNAB2",-0.307917624016584,0.329917477099894,0.0849689769631003,0.998419475690512,"Not Significant"
"SLC41A2",-0.405312381372915,0.329917477099894,0.0537382287952796,0.998419475690512,"Not Significant"
"GNRH1",-0.511173468702397,0.333895542510144,0.0477994365718221,0.998419475690512,"Not Significant"
"UBQLN4",-0.336034955778256,0.33480103368044,0.0338143149268339,0.998419475690512,"Not Significant"
"S100A2",-0.816149013166294,0.33480103368044,0.432364231088746,0.538850142635265,"Not Significant"
"TNC",-0.66102674147915,0.335189460273628,0.531494302919094,0.0573277076614577,"Not Significant"
"EEF2KMT",-0.458593154978325,0.335464617487694,0.124384539707204,0.998419475690512,"Not Significant"
"POLR1C",-0.414895833927694,0.33601653705861,0.0378443957903497,0.998419475690512,"Not Significant"
"DYNLRB1",0.376718079486282,0.336625862806883,-0.169134953780434,0.998419475690512,"Not Significant"
"SHC1",-0.253502120042801,0.336881942625995,0.155982026369659,0.998419475690512,"Not Significant"
"FKBP1A",0.244470610395767,0.338020326853893,-0.106315796531349,0.998419475690512,"Not Significant"
"DNAJC19",-0.496875888813435,0.338020326853893,0.196690920618228,0.77932860200008,"Not Significant"
"SELENOH",-0.386975265001652,0.338084770898086,0.0853349465665103,0.998419475690512,"Not Significant"
"IL12RB2",0.621068224986841,0.338675594439372,-0.0185302688560582,0.998419475690512,"Not Significant"
"NMT1",-0.323002902811058,0.339298736248904,0.154463317160171,0.998419475690512,"Not Significant"
"VTI1B",-0.264419143173153,0.340074743491603,0.0580423664277474,0.998419475690512,"Not Significant"
"CLEC2B",0.354135761914194,0.34062797200982,-0.0378556289539901,0.998419475690512,"Not Significant"
"ABHD12",-0.385901595641067,0.3423762038082,0.0627776162672421,0.998419475690512,"Not Significant"
"STOML2",-0.34526001672647,0.343205125420658,0.143159740971363,0.998419475690512,"Not Significant"
"RAC2",0.348469758850699,0.343492307790766,-0.0138058464956386,0.998419475690512,"Not Significant"
"DDIT3",0.330697505072305,0.343492307790766,-0.0662576978125326,0.998419475690512,"Not Significant"
"SIRT5",-0.443666769250641,0.343498039909792,0.121630094854937,0.998419475690512,"Not Significant"
"RNF13",0.335605064605865,0.34564023415501,-0.0175275974659956,0.998419475690512,"Not Significant"
"MREG",-0.350540431434609,0.34703782803266,0.0107248336284088,0.998419475690512,"Not Significant"
"COTL1",0.267805925197136,0.348457735300086,-0.0157440809711584,0.998419475690512,"Not Significant"
"XPO5",-0.341866975051789,0.349148185482494,0.151891185855323,0.966961547562754,"Not Significant"
"CSRP1",-0.346297655714939,0.349868079685699,0.0574933937752544,0.998419475690512,"Not Significant"
"DCTN2",-0.267496685288798,0.350434634367511,0.131403656689903,0.998419475690512,"Not Significant"
"GDF15",-0.422980388515202,0.351205873348979,0.688810715067873,0.124964268290122,"Not Significant"
"GOT1",-0.448484623369959,0.352167372592525,0.0391450751956677,0.998419475690512,"Not Significant"
"ARMC3",-0.618427832603433,0.352167372592525,0.0282585018490688,0.998419475690512,"Not Significant"
"CAPN13",-0.558292339749672,0.352431467789203,0.120179633596751,0.998419475690512,"Not Significant"
"DUSP10",0.382235407429832,0.354558776926507,-0.0256586344313475,0.998419475690512,"Not Significant"
"KPNA6",-0.261746831674384,0.355073185207886,0.254219112461543,0.998231594656268,"Not Significant"
"SCAND1",0.386880175354213,0.355506423724914,-0.0240805548657203,0.998419475690512,"Not Significant"
"C1QC",-0.68912660898993,0.355742712948472,0.323065280452323,0.727916443716349,"Not Significant"
"MAPKAPK2",0.221800001303807,0.356969641208599,-0.0186131708830243,0.998419475690512,"Not Significant"
"NIF3L1",-0.500641537850764,0.357019150800712,0.235015864999891,0.998419475690512,"Not Significant"
"MRRF",-0.33377754594554,0.358109314860309,0.0622172452093171,0.998419475690512,"Not Significant"
"DPYSL2",-0.310885004851679,0.358539773164853,0.159888379781145,0.998419475690512,"Not Significant"
"POLH",0.33777983748843,0.358620425243063,-0.0792598039247822,0.998419475690512,"Not Significant"
"EIF1",0.25296289923323,0.35902936924535,-0.297512218180725,0.791573009435334,"Not Significant"
"MAPKAPK5",-0.313017618622104,0.359031732469747,0.0787651750501246,0.861410095495095,"Not Significant"
"PAGR1",0.308277132211999,0.360986269414206,-0.339376693648547,0.68854481936714,"Not Significant"
"GSS",-0.333580019999637,0.361673129750862,0.06250896916495,0.998419475690512,"Not Significant"
"PDCD1",0.535534055423213,0.361673129750862,-0.0437574268133451,0.998419475690512,"Not Significant"
"SEPSECS",-0.358641431139935,0.361706460820928,0.0102622903441259,0.998419475690512,"Not Significant"
"STX8",-0.489201153164498,0.362065130125495,0.105006796682804,0.998419475690512,"Not Significant"
"TSSC4",0.352133053736016,0.365635429222873,-0.110712137031972,0.998419475690512,"Not Significant"
"SETMAR",-0.420949676102451,0.365635429222873,0.0341345598841583,0.998419475690512,"Not Significant"
"TAF10",0.265483247828653,0.366385091109074,-0.00913478148989129,0.998419475690512,"Not Significant"
"CLUH",-0.462443688868978,0.366519079910826,0.0433176804428629,0.998419475690512,"Not Significant"
"LGALS1",-0.453485302704285,0.366519079910826,0.135127377004876,0.998419475690512,"Not Significant"
"HIKESHI",0.36628807340673,0.367453995207109,-0.0675623460815239,0.998419475690512,"Not Significant"
"IKBKB",0.241725659900692,0.368522408606733,-0.0139891713530335,0.998419475690512,"Not Significant"
"NAP1L4",-0.264159613352128,0.368573211633071,0.107112680265507,0.998419475690512,"Not Significant"
"EHD4",-0.236708439622055,0.369767604792226,0.0769018741682165,0.998419475690512,"Not Significant"
"CD74",-0.424767616851207,0.371988744092244,0.00302054312635494,0.998419475690512,"Not Significant"
"PLCD1",0.469103027258681,0.372264478266813,-0.175166711445164,0.998419475690512,"Not Significant"
"NUDCD3",-0.295202448656041,0.372297329194056,0.0682230535114701,0.998419475690512,"Not Significant"
"RNASE1",0.71820662358933,0.373485482293905,-1.50961526169736,0.0104147171666229,"Protein only"
"UROD",-0.35996596935684,0.37360975516395,0.103357534032496,0.998419475690512,"Not Significant"
"SFN",-0.553747543351141,0.37360975516395,0.209341796025388,0.998419475690512,"Not Significant"
"NT5DC3",-0.461468409558975,0.374822228707812,0.103856492789485,0.998419475690512,"Not Significant"
"ICA1",-0.469937752339882,0.375094563174003,0.0514707446582247,0.998419475690512,"Not Significant"
"CCT7",-0.278141367389018,0.375372251464657,0.066828414999624,0.998419475690512,"Not Significant"
"CLINT1",-0.230330580500234,0.375841657986997,0.147285864677249,0.998419475690512,"Not Significant"
"DYNLL1",-0.341245177003012,0.375873874492929,0.0233474008868177,0.998419475690512,"Not Significant"
"DNAJB6",0.240852189870331,0.377094748039572,-0.0772414128745647,0.998419475690512,"Not Significant"
"DNAJC10",-0.288843912403907,0.377887829639859,0.0577840513343702,0.998419475690512,"Not Significant"
"COPB2",-0.160739415349599,0.378710267496477,0.473809845526283,0.712002983900469,"Not Significant"
"ODC1",0.356402630871065,0.379256325704343,-0.0507699610399542,0.998419475690512,"Not Significant"
"WTAP",0.31917442273337,0.379256325704343,-0.0744238050146799,0.998419475690512,"Not Significant"
"TOR4A",0.28890820159874,0.379256325704343,-0.0110478144494371,0.998419475690512,"Not Significant"
"NAA50",-0.291478504103134,0.379536198144593,0.343389188305693,0.998419475690512,"Not Significant"
"CCT8",-0.276699774212381,0.380002748819271,0.217975200202671,0.998419475690512,"Not Significant"
"LAMC1",-0.390221091727018,0.381560700223975,0.27518406569795,0.998419475690512,"Not Significant"
"PTGES2",-0.408771135547584,0.382058311705761,0.0715363041970959,0.998419475690512,"Not Significant"
"INIP",-0.358386663547474,0.383468886371174,0.0244950220158257,0.998419475690512,"Not Significant"
"SORT1",0.243289388979422,0.384982332232089,-0.0538484930586649,0.998419475690512,"Not Significant"
"LMAN2L",-0.487587821763262,0.386571380734505,0.0350312467226033,0.998419475690512,"Not Significant"
"SLC3A2",0.234193879152653,0.387384967286766,-0.0226436969406439,0.998419475690512,"Not Significant"
"PSMD10",-0.302528283826188,0.388333605500499,0.0079013512639304,0.998419475690512,"Not Significant"
"IL13RA1",0.246196107669128,0.389328657072901,-0.0663903098170161,0.998419475690512,"Not Significant"
"PAIP1",0.324885505229228,0.389350938450145,-0.0380436531359266,0.998419475690512,"Not Significant"
"BTNL8",-0.516618798809566,0.389350938450145,0.0229717670165669,0.998419475690512,"Not Significant"
"MTPAP",-0.383120799102077,0.389350938450145,0.0525368800141177,0.998419475690512,"Not Significant"
"IL5RA",-0.575121810333226,0.389411557835695,0.0112318911215736,0.998419475690512,"Not Significant"
"CSNK2A2",-0.248746541258107,0.390318118924587,0.177361637039874,0.133662137446853,"Not Significant"
"SULT1B1",0.450641192806086,0.391419118757372,-0.147811682324787,0.998419475690512,"Not Significant"
"PID1",-0.583827165321223,0.391467364237191,0.140617087139872,0.998419475690512,"Not Significant"
"SERPINH1",-0.480909121703457,0.392323892771223,0.104808607294484,0.998419475690512,"Not Significant"
"COQ9",-0.389677306096975,0.393208211874168,0.140298352652302,0.998419475690512,"Not Significant"
"CCDC24",-0.477552723084649,0.394277916088067,0.0319357555129491,0.998419475690512,"Not Significant"
"MIEF1",-0.335220763524653,0.395077052265862,0.0478475412329377,0.998419475690512,"Not Significant"
"SLC30A5",-0.280454001339885,0.395670763566092,0.190135430318398,0.998419475690512,"Not Significant"
"FTL",-0.305197114292999,0.396884804667179,0.54607787756586,0.636133055324745,"Not Significant"
"DUSP6",0.343431613831799,0.396884804667179,-0.0204439913535717,0.998419475690512,"Not Significant"
"YY1",-0.224775342106985,0.397812841479327,0.041257550985426,0.998419475690512,"Not Significant"
"PECAM1",-0.393699721642457,0.398413152461288,0.132131906293611,0.980756007265894,"Not Significant"
"UROS",-0.454261685959502,0.399220830518008,0.0048799647542778,0.998419475690512,"Not Significant"
"DARS1",-0.3312641860401,0.399401348126119,0.305458723759851,0.998419475690512,"Not Significant"
"RPS4X",-0.333434640603619,0.399401348126119,0.179749584065152,0.998419475690512,"Not Significant"
"MBD1",-0.227048348686971,0.399401348126119,0.0943268157780254,0.998419475690512,"Not Significant"
"THBS1",-0.503287880979066,0.399401348126119,0.231250569755141,0.998419475690512,"Not Significant"
"ATL3",-0.22496675295029,0.399993853015652,0.114304575977368,0.998419475690512,"Not Significant"
"B3GNT8",0.457686083762125,0.400053472788815,-0.181292631623524,0.372985304558817,"Not Significant"
"SLC6A16",0.623104007207643,0.400357207875266,-0.0394064486274801,0.998419475690512,"Not Significant"
"LIMA1",-0.344248858353934,0.401172977064683,0.0142810330578693,0.998419475690512,"Not Significant"
"TMEM106A",0.347212510538174,0.401172977064683,-0.0446422272685935,0.998419475690512,"Not Significant"
"SMN1",-0.402185962571215,0.401172977064683,0.534969658971363,0.342408595900573,"Not Significant"
"COMT",-0.332155715212204,0.401313900984747,0.0309156015408773,0.998419475690512,"Not Significant"
"NT5DC1",-0.436855398559286,0.401506120984726,0.225660429679793,0.843121181677977,"Not Significant"
"PNPO",-0.368646815246291,0.401807644365329,0.071560990067933,0.998419475690512,"Not Significant"
"NAT14",-0.567467375037341,0.401937417994972,0.181162872562013,0.994739550495444,"Not Significant"
"CTPS1",-0.3264047099125,0.402168052485104,0.588968491142477,0.715823515377884,"Not Significant"
"ALG2",-0.293064643486783,0.40238745319485,0.0955803734310554,0.998419475690512,"Not Significant"
"PTPN13",-0.502415746340669,0.403168976097305,0.0317710172501899,0.998419475690512,"Not Significant"
"CASTOR1",-0.584208801076204,0.403935058206394,0.175040829754842,0.968200886529169,"Not Significant"
"INPP5B",-0.311218087227534,0.405334201374143,0.211158889921636,0.998419475690512,"Not Significant"
"PPIL2",-0.352874211044318,0.40536304438609,0.253365565195095,0.387768714793975,"Not Significant"
"GNPNAT1",-0.407999432858914,0.408229199728099,0.277669407700293,0.998419475690512,"Not Significant"
"THAP4",-0.327801963885225,0.408363533175969,0.0937238776759438,0.998419475690512,"Not Significant"
"BAG5",-0.257112082853112,0.408878326682881,0.0891772125888171,0.998419475690512,"Not Significant"
"BCAT2",-0.49508917040066,0.408893027740817,0.285650715247355,0.997850185965986,"Not Significant"
"SHMT1",-0.470207632860029,0.409273808754553,0.473252726978378,0.884404761183143,"Not Significant"
"POLR2E",-0.284550953494893,0.409405726401663,0.182842376333094,0.998419475690512,"Not Significant"
"HNRNPAB",-0.23451957058235,0.409720039832833,0.236575741331558,0.998419475690512,"Not Significant"
"GP6",0.540630226542728,0.409720039832833,-0.00472558535161402,0.998419475690512,"Not Significant"
"LRFN1",0.384384243043493,0.413699496651004,-0.00236918218963267,0.998419475690512,"Not Significant"
"APOA2",0.499942424144508,0.414383376519285,-0.108107460693602,0.994656144598261,"Not Significant"
"SERPINB4",-0.626660170337833,0.414383376519285,0.0247965932351836,0.998419475690512,"Not Significant"
"TLR10",0.49670538751826,0.41492781178939,-0.0397313293749026,0.998419475690512,"Not Significant"
"DSC2",0.348311998097481,0.415299432655602,-0.0370075421554051,0.998419475690512,"Not Significant"
"BCL2L11",0.291228710098574,0.416071650670545,-0.0323096833180081,0.998419475690512,"Not Significant"
"PA2G4",-0.256428025543307,0.417650650487128,0.662818798006987,0.791573009435334,"Not Significant"
"IDH1",-0.290530115887459,0.417911331012854,0.552197344614736,0.994739550495444,"Not Significant"
"PAXIP1",-0.337511945946027,0.418276471951553,0.109523066865479,0.963204148073108,"Not Significant"
"MYL12B",0.23763203008901,0.41864907519049,-0.103921587639234,0.998419475690512,"Not Significant"
"TCF4",0.517213686669022,0.422655727437897,-0.0371274185260102,0.998419475690512,"Not Significant"
"TWSG1",0.312545715210835,0.423351324443565,-0.170112564767176,0.744984064345224,"Not Significant"
"PYGB",-0.300127371547761,0.42450438910789,0.562853579406035,0.689645489521162,"Not Significant"
"RBP5",0.496696305186121,0.425732782188779,-0.142262393478313,0.848793124341065,"Not Significant"
"ARRB1",-0.286896389764936,0.425830632268504,0.178219647079343,0.998419475690512,"Not Significant"
"MPO",-0.522457283849856,0.426667616673225,0.483961242057058,0.960940008943582,"Not Significant"
"KCTD10",-0.263614649563868,0.42696392072328,0.00986605449546877,0.998419475690512,"Not Significant"
"TSTD1",0.412582451528156,0.429335548752288,-0.655173189745877,0.219654956827324,"Not Significant"
"ATG5",-0.254544543757709,0.42943584509651,0.0365476231484401,0.998419475690512,"Not Significant"
"PHPT1",-0.447452078531978,0.430046506138861,0.0886620222246599,0.998419475690512,"Not Significant"
"PPM1D",0.26415761135893,0.430868725394235,-0.0514573889061478,0.998419475690512,"Not Significant"
"RERG",-0.731860518249904,0.430877978835281,0.0496982072443944,0.998419475690512,"Not Significant"
"UBE4A",0.200884652090656,0.431007031194316,-0.028808757284207,0.998419475690512,"Not Significant"
"GMPR",0.539877424835312,0.431631259693979,-0.121060193038326,0.998419475690512,"Not Significant"
"CFAP36",-0.308618541131253,0.432038138717637,0.136849363171866,0.998419475690512,"Not Significant"
"ITGA4",0.319798912301444,0.432284494186481,-0.0045356614044293,0.998419475690512,"Not Significant"
"XYLB",-0.452627281719581,0.432482992519865,0.0757404425187655,0.994739550495444,"Not Significant"
"CD4",-0.281668072353364,0.43383682791128,0.0400888282626674,0.998419475690512,"Not Significant"
"PRDX6",-0.214697266775424,0.434488922071564,0.164777102837512,0.998419475690512,"Not Significant"
"ACVR1",-0.306484531201201,0.4358602400978,0.0600122281332497,0.998419475690512,"Not Significant"
"COL1A1",-0.629050903334379,0.435935145177515,0.264090051604042,0.395112389634454,"Not Significant"
"SYNE2",-0.260686758733761,0.436519664292919,0.146733628223571,0.998419475690512,"Not Significant"
"SET",-0.215149214367284,0.436634568040641,0.186113077603343,0.998419475690512,"Not Significant"
"IL6ST",0.284713732194279,0.436874131201879,-0.547062434001686,0.489329172537047,"Not Significant"
"TXNRD1",-0.244687576122039,0.439845208728258,0.265291695627173,0.998419475690512,"Not Significant"
"PPIG",-0.197762947627876,0.441709081665341,0.0937628500755471,0.998419475690512,"Not Significant"
"YWHAG",-0.246927726067458,0.442690527133588,0.274255594512845,0.998419475690512,"Not Significant"
"CNEP1R1",0.328036484755123,0.445137546338571,-0.0321924363522682,0.998419475690512,"Not Significant"
"JUP",0.463671018960149,0.445941572369797,-0.0454952843141475,0.998419475690512,"Not Significant"
"DNAJB2",-0.239362815826171,0.445941572369797,0.0826227531071075,0.998419475690512,"Not Significant"
"RCAN3",-0.318633481879273,0.447191128062879,0.214147492077608,0.849533369989811,"Not Significant"
"DAP",-0.191701417265474,0.447801547044511,0.0671654846342917,0.998419475690512,"Not Significant"
"OPHN1",-0.392876608802981,0.447835163225855,0.143844750686461,0.998419475690512,"Not Significant"
"BTN2A2",0.347525949405304,0.448282620846685,-0.171394477194042,0.493967257959456,"Not Significant"
"MAD2L2",0.275922264331903,0.4484734380744,-0.546570003931016,0.120595440085783,"Not Significant"
"BIK",0.529914812875795,0.44852697267545,-0.043191000509313,0.998419475690512,"Not Significant"
"RUVBL1",-0.386811068240648,0.44897764702923,0.016241310772463,0.998419475690512,"Not Significant"
"A1BG",-0.344910320268573,0.449012223079954,0.317489960126725,0.998419475690512,"Not Significant"
"SERPINE1",-0.316583993982919,0.449227391687149,0.201704349865108,0.998419475690512,"Not Significant"
"SERF1A",-0.54981865341136,0.449410146636152,0.00482250051261583,0.998419475690512,"Not Significant"
"CEACAM4",0.443384018678302,0.450206883152347,-0.020450975278289,0.998419475690512,"Not Significant"
"DUSP4",0.274212393009863,0.450327831625008,-0.0555661207087918,0.998419475690512,"Not Significant"
"BLVRB",-0.341488881067402,0.452459914717933,0.200722124147501,0.998419475690512,"Not Significant"
"TIGAR",-0.372658233756374,0.452617251859266,0.0139360148368564,0.998419475690512,"Not Significant"
"SPINK1",0.645588964367,0.452617251859266,-0.0810754078891497,0.998419475690512,"Not Significant"
"ASGR1",-0.383120361187204,0.453511914549567,0.0450292783146341,0.998419475690512,"Not Significant"
"PABPC4",-0.246502943720556,0.455355542343927,0.360463211088077,0.791573009435334,"Not Significant"
"BACH1",0.3068659426892,0.456792003999197,-0.0274161043516985,0.998419475690512,"Not Significant"
"FOXP1",0.182933369591511,0.457330644121616,-0.0362126473052238,0.998419475690512,"Not Significant"
"ARF6",0.22622504990754,0.4576117913628,-0.0282134775691772,0.998419475690512,"Not Significant"
"LDLRAD4",-0.240743767582354,0.458880290629362,0.0949516065991613,0.998419475690512,"Not Significant"
"INPP4A",0.252676123820969,0.458886337189315,-0.0141718578368171,0.998419475690512,"Not Significant"
"ALAD",-0.287625275209827,0.459093547901258,0.0660863667691641,0.998419475690512,"Not Significant"
"TIGIT",0.625009871426492,0.460559860647759,-0.0347385013144633,0.998419475690512,"Not Significant"
"EBAG9",-0.440800594384891,0.462264908221727,0.012571347025123,0.998419475690512,"Not Significant"
"BRD4",0.155307178352703,0.462792638750212,-0.00688624796042347,0.998419475690512,"Not Significant"
"CRLF3",0.28561266592968,0.465935678318752,-0.018382011315281,0.998419475690512,"Not Significant"
"ATF6",0.23137612319291,0.466445183138608,-0.107938620289255,0.998419475690512,"Not Significant"
"MAPK3",-0.23860884512408,0.466445183138608,0.295241972758202,0.998419475690512,"Not Significant"
"OAZ1",0.185333780613486,0.466512504452973,-0.0832296986426598,0.998419475690512,"Not Significant"
"TOR1AIP2",-0.149162621399463,0.466713315856047,0.150632662533521,0.998419475690512,"Not Significant"
"TRDMT1",-0.322739817700896,0.466923125459153,0.00161269018607442,0.998419475690512,"Not Significant"
"PTS",-0.341330320529812,0.468098663530687,0.182455680991747,0.998419475690512,"Not Significant"
"KIFBP",-0.324887762731372,0.4686042150036,0.346469320305139,0.998419475690512,"Not Significant"
"THBS3",-0.288171308082775,0.468776867283747,0.177434344242295,0.998419475690512,"Not Significant"
"RBM17",-0.239002174280447,0.469974942421776,0.172618071800061,0.998419475690512,"Not Significant"
"ATF6B",0.169726818655682,0.472388497679794,-0.0177265901500459,0.998419475690512,"Not Significant"
"ADPGK",0.21372891613344,0.474083460473031,-0.0510088736211019,0.998419475690512,"Not Significant"
"NT5C3B",-0.478787436170502,0.475416620784898,0.0271493794471946,0.998419475690512,"Not Significant"
"SRRT",-0.21182740462103,0.47542303711069,0.463930380458763,0.998419475690512,"Not Significant"
"PARK7",-0.222854405590638,0.475750130084985,0.122768136110967,0.998419475690512,"Not Significant"
"FLNA",-0.286025775547163,0.477279701400958,0.0803771734373263,0.998419475690512,"Not Significant"
"EML2",-0.217109808564142,0.477761209633741,0.0155759697850611,0.998419475690512,"Not Significant"
"NRIP3",0.3269167450395,0.478236006749618,-0.0653671393132814,0.998419475690512,"Not Significant"
"EHMT2",-0.326082602238874,0.47827911206632,0.17246638119407,0.854189735810682,"Not Significant"
"FLI1",0.25010799981969,0.479472996309263,-0.00424903962893333,0.998419475690512,"Not Significant"
"PIGR",-0.544028013794695,0.479672202783351,0.35992480954777,0.998419475690512,"Not Significant"
"TXN",0.253170981722816,0.480570079781892,-0.0250365685870021,0.998419475690512,"Not Significant"
"CD163",-0.425812841203285,0.481877660157331,0.126977100986399,0.998419475690512,"Not Significant"
"HSPA9",-0.205971207255011,0.482983610238902,0.19050365572438,0.994739550495444,"Not Significant"
"NME4",-0.395125141496067,0.483029650211878,0.0877984562088263,0.998419475690512,"Not Significant"
"SH3GLB1",0.279836804114188,0.485427188347812,-0.0485889911006265,0.998419475690512,"Not Significant"
"NQO2",-0.302186297719391,0.485427188347812,0.0286767838592317,0.998419475690512,"Not Significant"
"LILRB3",0.329248106101957,0.485613641679086,-0.00854391525153403,0.998419475690512,"Not Significant"
"HIF1A",0.261272813754605,0.487229114287099,-0.00036720763798943,0.998433450236531,"Not Significant"
"ATP1B1",-0.365546046019676,0.487229114287099,0.117449116003256,0.982473450051886,"Not Significant"
"FAF2",-0.18561314269178,0.487229114287099,0.174496856569744,0.998419475690512,"Not Significant"
"BPGM",0.303345436723302,0.488470648632697,-0.177483628811217,0.998419475690512,"Not Significant"
"YES1",-0.310856886398252,0.488470648632697,0.153157746845669,0.844219646885179,"Not Significant"
"SPCS1",-0.230649629473896,0.489069544877037,0.0539865650351741,0.998419475690512,"Not Significant"
"ADRM1",0.198249021697829,0.492145895343578,-0.0971186107696788,0.731090897332187,"Not Significant"
"PRMT3",-0.317908690348266,0.492418353895838,0.105692207110828,0.998419475690512,"Not Significant"
"RACGAP1",-0.342521696812111,0.492758634453204,0.0334314394765518,0.998419475690512,"Not Significant"
"ETV5",0.471766296271432,0.493517336379051,-0.0385371385339609,0.998419475690512,"Not Significant"
"PEA15",0.269964303491193,0.493517336379051,-0.0489749347412185,0.998419475690512,"Not Significant"
"SWAP70",-0.240093929717249,0.493552829758937,0.163752704938437,0.998419475690512,"Not Significant"
"ARID3A",0.290289971262364,0.493928195838008,-0.0284214332897625,0.998419475690512,"Not Significant"
"ABHD14A",-0.480255763822725,0.494540868749334,0.374278274853065,0.998419475690512,"Not Significant"
"ADAM15",-0.277999591664639,0.4945551670191,0.0608411441763045,0.899904387831016,"Not Significant"
"RBBP4",-0.234390326706065,0.494686740495251,0.793894395907225,0.305744440858904,"Not Significant"
"PSD",0.394315455336657,0.495554778036181,-0.121381102267575,0.998419475690512,"Not Significant"
"GPC1",-0.461898406907472,0.496323445554675,0.0457519881692512,0.998419475690512,"Not Significant"
"ELAVL1",-0.249078530332787,0.496404320843943,0.0473460223267899,0.998419475690512,"Not Significant"
"ICOSLG",-0.305703861907251,0.496404320843943,0.202508721883287,0.791573009435334,"Not Significant"
"PLAT",-0.4464028626124,0.498672197676846,0.143469158946357,0.857501682187315,"Not Significant"
"NTMT1",-0.290602678692106,0.50065677381206,0.0375248501956799,0.998419475690512,"Not Significant"
"ANKRA2",-0.342670767821839,0.50151190453571,0.0419518901255422,0.998419475690512,"Not Significant"
"FBXO28",0.218730386809613,0.50151190453571,-0.0434953140117683,0.998419475690512,"Not Significant"
"RCVRN",0.540372447811579,0.501703790709281,-0.0690137973413619,0.998419475690512,"Not Significant"
"PTP4A1",0.282018069088929,0.503441208985602,-0.00114602193370909,0.998419475690512,"Not Significant"
"POLR2J",0.249822857415017,0.503933846144439,-0.00519383743451911,0.998419475690512,"Not Significant"
"CTSA",0.230004438796095,0.50400418750053,-0.00303673764268901,0.998419475690512,"Not Significant"
"HMG20A",-0.3441107123169,0.507823380711301,0.16594756699588,0.998419475690512,"Not Significant"
"KDSR",-0.25590158238694,0.508520050687628,0.0942355606733456,0.597664869464268,"Not Significant"
"ACAP2",0.212350833835202,0.509188157817674,-0.0616246746403204,0.998419475690512,"Not Significant"
"ICAM5",0.418545848516423,0.509188157817674,-0.321212367031795,0.279909931123739,"Not Significant"
"ACBD4",-0.402507055331983,0.509597942315609,0.0953603615972057,0.998419475690512,"Not Significant"
"COMMD5",0.254450456269456,0.510107310902767,-0.142643620422398,0.523489353634919,"Not Significant"
"SPECC1",-0.224269709316296,0.510411943763049,0.234243907273104,0.444054623391545,"Not Significant"
"ETHE1",-0.282173934903098,0.511056701842664,0.00912033223104891,0.998419475690512,"Not Significant"
"ESS2",0.262062600227833,0.511414401569523,-0.0699446377657233,0.998419475690512,"Not Significant"
"MRPL14",-0.358710936742472,0.511414401569523,0.0520042720864975,0.998419475690512,"Not Significant"
"ABHD5",-0.262234017917617,0.511414401569523,0.225444620760074,0.998419475690512,"Not Significant"
"GNPDA1",-0.248703853986091,0.511414401569523,0.417131031502113,0.906608492274627,"Not Significant"
"FBL",-0.284722691351497,0.512447393470711,0.163027815578966,0.71955774706989,"Not Significant"
"TPRKB",0.479158224381781,0.5125176962371,-0.0152899691022701,0.998419475690512,"Not Significant"
"SMPD1",0.281213605369876,0.515229435082452,-0.346037355408884,0.517046758505958,"Not Significant"
"MANSC1",0.388349067847942,0.515252979445266,-0.262530129865487,0.998419475690512,"Not Significant"
"PCSK7",-0.187949327309738,0.517989877498857,0.0367175402190432,0.998419475690512,"Not Significant"
"MMEL1",-0.516599798828816,0.518826193920828,0.0509680013154708,0.998419475690512,"Not Significant"
"BMP1",-0.41051161996785,0.51893703173227,0.0875992412160911,0.998419475690512,"Not Significant"
"TNFRSF12A",-0.360345065693545,0.519071916770192,0.0271760114132093,0.998419475690512,"Not Significant"
"CXCL8",-0.471582027812827,0.51936351843252,0.238168552391283,0.998419475690512,"Not Significant"
"COMMD7",-0.347623064436588,0.519526842884936,0.276385067622813,0.726670319561975,"Not Significant"
"CCT5",-0.187739582351703,0.52051670981299,0.314962894725746,0.998419475690512,"Not Significant"
"MSRB3",0.399619373537919,0.521247648177803,-0.00858503313902526,0.998419475690512,"Not Significant"
"ITGAM",0.303445081800036,0.521851185927491,-0.0678445346716856,0.998419475690512,"Not Significant"
"BSG",-0.191506969059093,0.522079164228479,0.104913455670519,0.998419475690512,"Not Significant"
"ANXA2",-0.245196226176466,0.522079164228479,0.0155437362189793,0.998419475690512,"Not Significant"
"HS2ST1",-0.242053962823968,0.5226576574052,0.150643789982242,0.958741895914764,"Not Significant"
"MEF2D",-0.213995732960068,0.523288247232459,0.0267712038656324,0.998419475690512,"Not Significant"
"CCDC97",0.215963560040084,0.524011877105237,-0.050399335802632,0.998419475690512,"Not Significant"
"MANBA",0.194650686736952,0.525864095304434,-0.0431749232818687,0.998419475690512,"Not Significant"
"UGP2",-0.234147780675085,0.525864095304434,0.295562897209158,0.907605781940994,"Not Significant"
"CDH13",-0.520201176776773,0.526743035324633,0.0769676960248881,0.998419475690512,"Not Significant"
"TRMT112",-0.239273501076497,0.527984068386266,0.244262368113534,0.998419475690512,"Not Significant"
"HTATIP2",0.20272500854182,0.528856228076609,-0.00670106502383334,0.998419475690512,"Not Significant"
"ST3GAL5",0.337737702290727,0.533337623959849,-0.0399949447980296,0.998419475690512,"Not Significant"
"DDHD2",-0.281368704935668,0.533337623959849,0.0756695741214098,0.998419475690512,"Not Significant"
"MFNG",-0.302357508356713,0.533510579377924,0.0408752877033389,0.998419475690512,"Not Significant"
"FUCA1",-0.347249200947471,0.534266664245135,0.0277879110755027,0.998419475690512,"Not Significant"
"TMEM185A",-0.316618916998025,0.535917501714305,0.0402771993015803,0.998419475690512,"Not Significant"
"MVK",-0.460416312039821,0.536138442367173,0.168701529021362,0.785871831294745,"Not Significant"
"SMURF2",-0.306286427218963,0.537340383703,0.140507744424939,0.767643909690772,"Not Significant"
"ZBTB10",0.245100332694249,0.537340383703,-0.0369888116632913,0.998419475690512,"Not Significant"
"PIN4",-0.342921457292376,0.537640090485165,0.148101563064992,0.998419475690512,"Not Significant"
"FIG4",0.268277905241668,0.537640090485165,-0.00789557794894709,0.998419475690512,"Not Significant"
"HMGCS1",-0.197896905434847,0.537702175853498,0.157823517918585,0.998419475690512,"Not Significant"
"MRPL32",-0.300564033071541,0.537702175853498,0.293117498268727,0.848618838385101,"Not Significant"
"SYNCRIP",-0.220562547085953,0.537862428146043,0.458124237785703,0.722557595379307,"Not Significant"
"STAB1",0.259473710746995,0.537987142362706,-0.0787574774138842,0.998419475690512,"Not Significant"
"ADGRG1",-0.359821899274214,0.538890234993769,0.0310171729248531,0.998419475690512,"Not Significant"
"ARL1",-0.334391222328632,0.539028671817251,0.000818457883750592,0.998419475690512,"Not Significant"
"CYBRD1",-0.357656557512144,0.539433567721707,0.00938556166076421,0.998419475690512,"Not Significant"
"CYTH1",0.174571991976855,0.540544892909036,-0.0415353296944721,0.998419475690512,"Not Significant"
"WDR5",-0.268326661931159,0.540798875358593,0.485113834149426,0.726670319561975,"Not Significant"
"ARHGEF7",-0.165966669144277,0.540988933873221,0.0717586208005477,0.998419475690512,"Not Significant"
"RACK1",-0.169653815811818,0.54146298791986,0.774872787824671,0.579402613802489,"Not Significant"
"TNFRSF14",0.24719904899175,0.543997471601539,-0.00117750035607441,0.998419475690512,"Not Significant"
"PDE4A",0.21174880403592,0.544751043622049,-0.0813241696229224,0.998419475690512,"Not Significant"
"RPE",-0.295109234740328,0.545926342951529,0.120582541405163,0.998419475690512,"Not Significant"
"CHST11",0.268114951355954,0.54832173012674,-0.0306291287424902,0.998419475690512,"Not Significant"
"RPS20",-0.231836964126687,0.549565365233434,0.31751000980155,0.994739550495444,"Not Significant"
"PPA2",0.276212312064714,0.549689668130234,-0.105272422833213,0.998419475690512,"Not Significant"
"NR1H2",-0.170722218683682,0.549689668130234,0.0574906753175465,0.998419475690512,"Not Significant"
"SGF29",0.299109127756762,0.549689668130234,-0.0424857946001845,0.998419475690512,"Not Significant"
"SNX1",0.213315709365831,0.550449119460996,-0.0404917410761363,0.998419475690512,"Not Significant"
"ZFAND5",-0.191612516200302,0.550931787338207,0.0197396345923752,0.998419475690512,"Not Significant"
"PIK3IP1",0.199210032250263,0.550931787338207,-0.0879360408080926,0.998419475690512,"Not Significant"
"WDR18",-0.346686711587145,0.551378482464323,0.105933408481985,0.998419475690512,"Not Significant"
"MAST4",-0.342974323057069,0.551384955941424,0.0144674839525656,0.998419475690512,"Not Significant"
"CP",-0.34764528664809,0.551613503047482,0.0870258804595331,0.998419475690512,"Not Significant"
"LIMD1",-0.216527960473961,0.555011776400728,0.136317858529947,0.998419475690512,"Not Significant"
"DDT",0.285138992976015,0.555098819179338,-0.0453966948350789,0.998419475690512,"Not Significant"
"UBE2A",0.164257173858265,0.555227169410534,-0.00365470928204865,0.998419475690512,"Not Significant"
"BMF",0.299709284886501,0.555243119710808,-0.0147074132320795,0.998419475690512,"Not Significant"
"AP2A2",-0.203733108491909,0.555320856343802,0.268476338510473,0.998419475690512,"Not Significant"
"DAPK3",0.213461656402576,0.556384472199225,-0.00336710761896004,0.998419475690512,"Not Significant"
"GALNT11",-0.193987009711757,0.556384472199225,0.0229231269231704,0.998419475690512,"Not Significant"
"NAAA",0.304625461051079,0.557326664160811,-0.491341432739103,0.702886689041492,"Not Significant"
"CDH3",-0.472854252599304,0.557448818547144,0.0957474941091355,0.998419475690512,"Not Significant"
"RRAGC",0.248502180351882,0.55826560940314,-0.0187379030119825,0.998419475690512,"Not Significant"
"DENR",0.197363714572899,0.55834577251522,-0.273346108249194,0.447873601337046,"Not Significant"
"MAPK9",-0.263322716719622,0.558865335886121,0.0986087142760109,0.998419475690512,"Not Significant"
"RPS6KA3",0.178766339908468,0.55892371398671,-0.020704971263148,0.998419475690512,"Not Significant"
"DHX38",-0.156671890406137,0.559027670337311,0.0629091439776233,0.998419475690512,"Not Significant"
"TIMP1",-0.314942629130548,0.56160249801787,0.216960261100389,0.998419475690512,"Not Significant"
"KIF1C",-0.197748762922266,0.562373572722399,0.000520693787520628,0.998433450236531,"Not Significant"
"RASA1",-0.197819845379875,0.563254738482412,0.0627500076609254,0.998419475690512,"Not Significant"
"LRRC25",0.25756238201202,0.563355517195548,-0.0155230672754005,0.998419475690512,"Not Significant"
"BRF1",-0.280822045134698,0.563473144639334,6.35727772225068e-05,0.999630123061287,"Not Significant"
"MTRF1L",0.269175434782235,0.563473144639334,-0.0307544983242381,0.998419475690512,"Not Significant"
"OLA1",-0.201951857929476,0.563865017123348,0.283424610866948,0.998419475690512,"Not Significant"
"ANKRD46",-0.351233629915824,0.563940304316644,0.0115655316619892,0.998419475690512,"Not Significant"
"PRPF19",-0.236203104568666,0.564632860861435,0.352962553111987,0.907520138716496,"Not Significant"
"COPS7B",-0.266072558290828,0.56562314793046,0.0844908332844059,0.998419475690512,"Not Significant"
"HNRNPC",0.187488568750204,0.566121985269133,-0.00987105088723721,0.998419475690512,"Not Significant"
"PRKCSH",-0.175070507703985,0.566472750243003,0.0722089867861617,0.998419475690512,"Not Significant"
"JPH3",0.584952148910445,0.566726456665436,-0.00922691966097336,0.998419475690512,"Not Significant"
"MZB1",-0.664043797049373,0.569199607756809,0.306898842194096,0.579402613802489,"Not Significant"
"KIF23",-0.34064415963763,0.570083540187015,0.128410171441562,0.998419475690512,"Not Significant"
"CCL24",-0.534848948667746,0.570645843321454,0.017190946071693,0.998419475690512,"Not Significant"
"AUH",-0.300844360492758,0.571475104497277,0.0484427239269837,0.998419475690512,"Not Significant"
"MST1",-0.462774441528479,0.571935646101152,0.112228385717074,0.998419475690512,"Not Significant"
"TSG101",0.254077784384182,0.571979089285701,-0.282635974342274,0.998419475690512,"Not Significant"
"BCL7A",-0.286897762309157,0.572405467301813,0.415530959681211,0.652101980055702,"Not Significant"
"BID",0.287792341778543,0.5728283630007,-0.0371975665261365,0.998419475690512,"Not Significant"
"NARS1",-0.216478467590072,0.572986957535563,0.230790308595304,0.998419475690512,"Not Significant"
"SNAP29",0.209801839796526,0.573810565595335,-0.0287425550803015,0.998419475690512,"Not Significant"
"GABBR1",0.408582890184307,0.573810565595335,-0.0169706115687727,0.998419475690512,"Not Significant"
"TINF2",0.178072423924632,0.57404827166746,-0.0276989088058352,0.998419475690512,"Not Significant"
"AP1G2",-0.177979769006128,0.57452699465657,0.106267229221181,0.998419475690512,"Not Significant"
"COLGALT1",-0.199502816791421,0.574838742528654,0.328400213347751,0.951348538431534,"Not Significant"
"DCTN6",-0.229310643926259,0.577048136906215,0.103746098822726,0.998419475690512,"Not Significant"
"EDF1",-0.24409307141428,0.577289599252973,0.0950882573453719,0.998419475690512,"Not Significant"
"RBKS",0.362491676296525,0.577289599252973,-0.0625918193013138,0.998419475690512,"Not Significant"
"EEF1A1",-0.212046155245613,0.578126310385159,0.258669709445779,0.849533369989811,"Not Significant"
"USP4",-0.183484442858929,0.579485001140438,0.176994999815325,0.998419475690512,"Not Significant"
"PCBD2",-0.266315626359845,0.579499702964097,0.0802983627274168,0.998419475690512,"Not Significant"
"MVB12B",0.322970264202451,0.579626012728685,-0.0689881578766278,0.998419475690512,"Not Significant"
"TOMM20",-0.216340331651609,0.58286709972345,0.0405621956200343,0.998419475690512,"Not Significant"
"RPS5",-0.26136775868618,0.583110070707575,0.106124806180524,0.998419475690512,"Not Significant"
"DHPS",-0.231455637342591,0.583373312932654,0.249467396904779,0.963204148073108,"Not Significant"
"CFL2",0.36653735065268,0.584771143995298,-0.161723909094071,0.998419475690512,"Not Significant"
"CPTP",-0.217539667833518,0.584771143995298,0.0269005748684882,0.998419475690512,"Not Significant"
"RRAS",0.285512626445163,0.584771143995298,-0.0620474107377234,0.998419475690512,"Not Significant"
"SDCBP",0.214771495027993,0.584771143995298,-0.140891040752506,0.998419475690512,"Not Significant"
"PPARA",-0.250377766852173,0.584804574491182,0.280051761988759,0.595986518586414,"Not Significant"
"COPS8",-0.251170700191817,0.584829495152179,0.143039570386025,0.998419475690512,"Not Significant"
"GAS6",0.243821350599204,0.586427332514056,-0.240839008240576,0.327559834846293,"Not Significant"
"KLC1",-0.210944956261304,0.586427332514056,0.219697371727819,0.998419475690512,"Not Significant"
"SAP30L",0.282438267719954,0.586876880370581,-0.0327059125136078,0.998419475690512,"Not Significant"
"LRP5",-0.396089778606371,0.586876880370581,0.0803464072062916,0.998419475690512,"Not Significant"
"PRMT2",0.1388053836745,0.587893058319172,-0.0605621739695562,0.998419475690512,"Not Significant"
"EIF4EBP1",-0.377061901524284,0.587893058319172,0.0915224623873866,0.998419475690512,"Not Significant"
"HS3ST1",-0.355265483149835,0.588268316292299,0.0654277337137907,0.998419475690512,"Not Significant"
"UBE2B",0.226757447951883,0.58891265572783,-0.0294710255527705,0.998419475690512,"Not Significant"
"IDE",-0.228281339462683,0.589687674556304,0.531520774151195,0.71955774706989,"Not Significant"
"UBB",-0.207951319622557,0.591813455797594,0.22798715894711,0.998419475690512,"Not Significant"
"DNAJB4",0.303265213993923,0.591876553257586,-0.0758280236471403,0.998419475690512,"Not Significant"
"MGAT2",0.329686012357911,0.592016220459265,-0.0422552366773526,0.998419475690512,"Not Significant"
"CTBP1",0.165352536200382,0.592712908241639,-0.00365033143658624,0.998419475690512,"Not Significant"
"VBP1",0.231435839098808,0.593431327190665,-0.00964779622709837,0.998419475690512,"Not Significant"
"TNFRSF8",0.336297247343305,0.593925356760499,-0.114127552072087,0.998419475690512,"Not Significant"
"PDCD6IP",-0.169032939833328,0.595416978425457,0.0702814818091995,0.998419475690512,"Not Significant"
"RAB3D",0.262908170258844,0.596906303150812,-0.093315469879572,0.998419475690512,"Not Significant"
"USP19",0.166903450331912,0.597077849215471,-0.0177066360932606,0.998419475690512,"Not Significant"
"BLOC1S5",-0.295683064331673,0.597077849215471,0.032500670338064,0.998419475690512,"Not Significant"
"WASL",-0.219554368446451,0.597272815055921,0.220052134254453,0.998419475690512,"Not Significant"
"RNF25",-0.241611569756156,0.597893963735405,0.00829965934910182,0.998419475690512,"Not Significant"
"FCGR3A",0.26877970299016,0.598080560712398,-0.318783285720136,0.998419475690512,"Not Significant"
"FRS2",0.226364955578493,0.598080560712398,-0.140581919274541,0.857501682187315,"Not Significant"
"LRRC37A2",0.216130485501513,0.598111323925671,-0.0115404060457797,0.998419475690512,"Not Significant"
"ITCH",-0.181064605805673,0.5998085083964,0.0338794108052183,0.998419475690512,"Not Significant"
"NOP16",-0.302817424606389,0.600487750893062,0.0801521539784974,0.998419475690512,"Not Significant"
"DCBLD1",-0.324786595434983,0.600487750893062,0.0360660946583757,0.998419475690512,"Not Significant"
"DPH2",-0.282968750889387,0.601023879120381,0.0229769631917425,0.998419475690512,"Not Significant"
"CLEC10A",0.358989797420732,0.601023879120381,-0.0189711389726927,0.998419475690512,"Not Significant"
"RPLP2",-0.217309137125948,0.601624320133868,0.239961720206526,0.958741895914764,"Not Significant"
"SCIMP",0.224495603489253,0.605202419308557,-0.0495909165778358,0.998419475690512,"Not Significant"
"ADSS2",-0.160862772771996,0.605292803452931,0.127981095651317,0.998419475690512,"Not Significant"
"STX4",0.158047017706068,0.605292803452931,-0.196633899215959,0.998419475690512,"Not Significant"
"ZNF566",-0.304155798569683,0.605292803452931,0.014636903873191,0.998419475690512,"Not Significant"
"HEXA",-0.229507110318484,0.605353702580201,0.043758938786496,0.998419475690512,"Not Significant"
"UBA2",-0.211121034232428,0.605587029903486,0.0653333114490692,0.998419475690512,"Not Significant"
"KCNRG",0.31900022937481,0.605747597447828,-0.0766530429860496,0.998419475690512,"Not Significant"
"MICALL1",-0.191015932260908,0.606029070136596,0.191556482837786,0.874049872264311,"Not Significant"
"PRRT2",0.429645710285138,0.606987061377891,-0.162013568914033,0.998419475690512,"Not Significant"
"MRPL10",-0.205213299820555,0.607057133125697,0.0247398420721172,0.998419475690512,"Not Significant"
"G3BP1",-0.159165671406395,0.607346428336605,0.050912251776764,0.998419475690512,"Not Significant"
"ANP32B",-0.170536949189316,0.607346428336605,0.0699851672356208,0.998419475690512,"Not Significant"
"HSPA5",-0.186675598507494,0.608918298986823,0.358340677247275,0.857501682187315,"Not Significant"
"MDK",0.376074714491192,0.608942284386307,-0.197183962362202,0.998419475690512,"Not Significant"
"RGS3",0.183836473909125,0.609093753312389,-0.00891124230873011,0.998419475690512,"Not Significant"
"ZNF75D",0.219627931139196,0.609432270247425,-0.053948547117006,0.998419475690512,"Not Significant"
"MRPL12",-0.301988266729705,0.610704628975171,0.0315133247975889,0.998419475690512,"Not Significant"
"DCTPP1",-0.33847772496671,0.61082979922381,0.367681791928899,0.92559285537565,"Not Significant"
"PRPS2",-0.244252203053293,0.61292513316876,0.0233915687677688,0.998419475690512,"Not Significant"
"SRP14",0.181871364725182,0.613061355738642,-0.0502062637322001,0.998419475690512,"Not Significant"
"PURB",0.150027310140048,0.613061355738642,-0.201304897743744,0.998419475690512,"Not Significant"
"PCLAF",-0.384098042969368,0.614494001164434,0.155530458318149,0.843121181677977,"Not Significant"
"MICA",0.245801075916893,0.6145237688591,-0.217994024378368,0.993246420374571,"Not Significant"
"ROGDI",0.254092629327968,0.615615078206595,-0.0710859812983487,0.998419475690512,"Not Significant"
"PFDN5",-0.1646243449554,0.615615078206595,0.143980224620067,0.998419475690512,"Not Significant"
"HNRNPA0",-0.173609943961669,0.616329103392205,0.203098663610759,0.998419475690512,"Not Significant"
"PDHX",-0.187343949658914,0.617406297037981,0.0714288584637998,0.998419475690512,"Not Significant"
"TNIP1",0.264917635849148,0.617925291624727,-0.0326944066077806,0.998419475690512,"Not Significant"
"CGGBP1",0.158775122490411,0.618031838288654,-0.157334358746386,0.998419475690512,"Not Significant"
"CBLIF",0.437656166355669,0.618098590488199,-0.25096260590607,0.565340011812361,"Not Significant"
"EIF4EBP3",0.352308872398348,0.618321304992282,-0.0869322951376481,0.998419475690512,"Not Significant"
"AP4M1",-0.238505530821632,0.618802721682914,0.227096507568257,0.716792830623108,"Not Significant"
"LRP12",0.229275954896328,0.619116725555514,-0.132962163247673,0.565795148183683,"Not Significant"
"SLBP",-0.204076888529071,0.619896595686907,0.342482115726168,0.538850142635265,"Not Significant"
"THYN1",-0.302442516058928,0.620367992389804,0.369287666259455,0.998419475690512,"Not Significant"
"PAPLN",0.256372654087573,0.620788737438962,-0.0161576693998001,0.998419475690512,"Not Significant"
"CAMK1D",-0.218503398793087,0.620910862294966,0.107399466433134,0.998419475690512,"Not Significant"
"ACVRL1",-0.323258801561426,0.620939077724921,0.0290357930623741,0.998419475690512,"Not Significant"
"AGR2",0.408981256058137,0.621018849196986,-0.201770834646263,0.951348538431534,"Not Significant"
"IL1RL1",0.402354668183233,0.621018849196986,-0.465222198950755,0.998419475690512,"Not Significant"
"KCTD7",-0.182528616652289,0.623556216528812,0.05909327940126,0.998419475690512,"Not Significant"
"KRT6A",0.468046907979652,0.623556216528812,-0.0150911714740229,0.998419475690512,"Not Significant"
"TG",-0.298869971529007,0.624054421222091,0.00112422393833964,0.998419475690512,"Not Significant"
"MICALL2",-0.268990991261651,0.625811298904535,0.0292220120025284,0.998419475690512,"Not Significant"
"BZW2",-0.221839806708342,0.627624855673597,0.0744210624043984,0.998419475690512,"Not Significant"
"RANGAP1",-0.171015859466832,0.628820419964642,0.318883792542217,0.998419475690512,"Not Significant"
"ABCD4",-0.20289657785269,0.629853372246997,0.0985520882016447,0.998419475690512,"Not Significant"
"PDLIM5",0.138772410924597,0.6301882479452,-0.0585814126964736,0.998419475690512,"Not Significant"
"TRAPPC4",-0.169600196032046,0.631134714282953,0.116923128878798,0.998419475690512,"Not Significant"
"COMMD6",0.288740581484231,0.631142376121841,-0.00481700980284466,0.998419475690512,"Not Significant"
"FADD",0.248588069337366,0.632050083716036,-0.0919780797089611,0.998419475690512,"Not Significant"
"RP9",-0.299419889927086,0.632246596302602,0.108407167765513,0.964835353022169,"Not Significant"
"PMPCA",-0.172883470359982,0.632641066541072,0.0688825899149373,0.998419475690512,"Not Significant"
"WNT5A",0.335878258223033,0.63283182594022,-0.0422542026756646,0.998419475690512,"Not Significant"
"MRE11",-0.183499846121056,0.633824740311804,0.17933869801708,0.907520138716496,"Not Significant"
"LDB1",0.134726833489639,0.635839653003197,-0.029750890177014,0.998419475690512,"Not Significant"
"ATIC",-0.254792101014626,0.636624319174775,0.293089731079189,0.998419475690512,"Not Significant"
"BCL6",0.24284332352215,0.636720770650173,-0.0151826928852837,0.998419475690512,"Not Significant"
"OSBP",0.146386856014759,0.636893970591187,-0.0392340679806927,0.998419475690512,"Not Significant"
"RGS18",0.301166088131339,0.637329052696483,-0.0809014688081016,0.998419475690512,"Not Significant"
"CD300LB",0.275504391428692,0.637365584425617,-0.0440400613998146,0.998419475690512,"Not Significant"
"UPB1",0.332181810076881,0.637507013341911,-0.0166794698954005,0.998419475690512,"Not Significant"
"GTF2A2",-0.25357533926039,0.637634859495881,0.141608614972992,0.942156010382713,"Not Significant"
"ALKBH3",0.353181896205872,0.638116996205977,-0.097781288856613,0.963204148073108,"Not Significant"
"POGLUT3",-0.255047172178106,0.638892567034623,0.358140326732784,0.871133880789158,"Not Significant"
"AGER",0.209164519248411,0.63937211021921,-0.29633556819366,0.998419475690512,"Not Significant"
"PLBD2",-0.192591514919145,0.640054113521925,0.0645162485480055,0.998419475690512,"Not Significant"
"DDIT4",-0.24105803526954,0.640260425790525,0.0226925855777464,0.998419475690512,"Not Significant"
"P4HB",-0.118095059372278,0.640743446701714,0.162030111116016,0.998419475690512,"Not Significant"
"HAAO",-0.251529583511851,0.640743446701714,0.135986691932166,0.998419475690512,"Not Significant"
"TRAPPC3",0.209445127684398,0.641029724716751,-0.0126193467474814,0.998419475690512,"Not Significant"
"ANTKMT",-0.323690145505879,0.641412844927698,0.0107649410773476,0.998419475690512,"Not Significant"
"HS6ST1",0.212295429756809,0.641749711999751,-0.172612659274708,0.994739550495444,"Not Significant"
"IL2RG",0.285496542832839,0.643409664348631,-0.159582317449655,0.915163423081306,"Not Significant"
"MAP2K4",-0.197285534713095,0.644344242406418,0.249601836163737,0.724917974752513,"Not Significant"
"CKAP2",-0.300135248485484,0.644344242406418,0.344372049961971,0.790827704016838,"Not Significant"
"NPEPL1",0.165682561995434,0.644344242406418,-0.0510286605453362,0.998419475690512,"Not Significant"
"LECT2",0.494568309519585,0.644406109643899,-0.0648609546495155,0.998419475690512,"Not Significant"
"SIAH1",-0.15767884552914,0.645143178012631,0.119059980299011,0.666731253528176,"Not Significant"
"BCL11A",-0.214085245121034,0.645715854044188,0.0627549431232026,0.998419475690512,"Not Significant"
"CD1D",0.292418188433991,0.645836732939995,-0.0107437066259258,0.998419475690512,"Not Significant"
"PDE5A",-0.380337418337675,0.645836732939995,0.0238082363996239,0.998419475690512,"Not Significant"
"NUDCD2",-0.232422724234146,0.646623745382735,0.0630636692666174,0.998419475690512,"Not Significant"
"NRDC",0.17011366413535,0.647841651938642,-0.0213144755224557,0.998419475690512,"Not Significant"
"SMAD1",-0.335882307346064,0.648838967860446,0.0104724000350282,0.998419475690512,"Not Significant"
"GCNT1",0.213616921956062,0.649268733252523,-0.0448974064585458,0.998419475690512,"Not Significant"
"AHSA1",-0.224613316155372,0.65000566919025,0.138111249545935,0.998419475690512,"Not Significant"
"SNX12",0.175675032842621,0.651695778982573,-0.124906900806155,0.998419475690512,"Not Significant"
"DDRGK1",-0.205234992701604,0.655839921124229,0.257991931942309,0.994739550495444,"Not Significant"
"PTP4A3",0.248809937660054,0.656665628926993,-0.0388163926925107,0.998419475690512,"Not Significant"
"OAT",-0.157736059532829,0.657698487705098,0.0397853134048468,0.998419475690512,"Not Significant"
"FCGBP",-0.391524798690709,0.658172966443492,0.0474132964758559,0.998419475690512,"Not Significant"
"DNAJB11",-0.157442800569609,0.659600063307167,0.560800226514393,0.210904001530224,"Not Significant"
"S100A14",-0.334817168774462,0.659927050592569,0.0563738165337657,0.998419475690512,"Not Significant"
"YIPF6",-0.14198825067853,0.661269611451562,0.0282097388171028,0.998419475690512,"Not Significant"
"RER1",-0.143024908861533,0.661304750359468,0.159777150625331,0.967173265821445,"Not Significant"
"COMMD8",0.237525994159063,0.663229323938817,-0.00420918561865417,0.998419475690512,"Not Significant"
"PCNA",-0.270345311005974,0.663293636348294,0.642809529725674,0.266620711539702,"Not Significant"
"MBNL2",-0.237988207185148,0.665325400236578,0.0667672290721044,0.998419475690512,"Not Significant"
"LCORL",0.198104241753248,0.665558667780999,-0.00415645520754562,0.998419475690512,"Not Significant"
"CCDC134",0.212795861104129,0.667522269024613,-0.095513548076203,0.998419475690512,"Not Significant"
"HBEGF",-0.210557825160622,0.667522269024613,0.0160944008043356,0.998419475690512,"Not Significant"
"CDK16",-0.135004027495724,0.66847108823173,0.0780021221450946,0.998419475690512,"Not Significant"
"KXD1",-0.129827840349912,0.668741644071892,0.0166657237717175,0.998419475690512,"Not Significant"
"TRIM27",-0.151053260553911,0.668753975344181,0.0193536107579764,0.998419475690512,"Not Significant"
"SLC26A11",-0.201576707387045,0.671644568692402,0.0175888134943127,0.998419475690512,"Not Significant"
"RPL12",-0.193735345313661,0.671644568692402,0.566860293762915,0.561955226227409,"Not Significant"
"SPHK2",-0.223974550693868,0.673008636286662,0.0713569800639542,0.832343405187712,"Not Significant"
"RNASE10",-0.394289813138157,0.674264984788106,0.113966638336488,0.791573009435334,"Not Significant"
"PRKCZ",-0.329791535163917,0.674585102596752,0.107488049266452,0.998419475690512,"Not Significant"
"UBASH3B",-0.208625498100017,0.675000034313735,0.143226136554775,0.998419475690512,"Not Significant"
"ARHGAP1",-0.134634225575744,0.676801072511262,0.0556947959760658,0.998419475690512,"Not Significant"
"GUCD1",0.134868332638155,0.678012053692148,-0.0361325725761359,0.998419475690512,"Not Significant"
"FBXL5",0.199456437142338,0.679710548952178,-0.0211936315669464,0.998419475690512,"Not Significant"
"ZWILCH",-0.343305054065251,0.679710548952178,0.0408930810106892,0.998419475690512,"Not Significant"
"PCTP",-0.138839255907145,0.679977997294164,0.185966824316681,0.960473324825292,"Not Significant"
"MSMB",-0.458581975080804,0.679977997294164,0.0762005570506794,0.998419475690512,"Not Significant"
"HDGF",-0.135257049038041,0.68096773419648,0.0649787394868986,0.998419475690512,"Not Significant"
"SF1",-0.108603655569127,0.681367020140401,0.106133625934136,0.998419475690512,"Not Significant"
"ELP1",-0.198719319603871,0.682335104407505,0.0669391629165277,0.998419475690512,"Not Significant"
"OSCAR",0.174327942871735,0.68325792826533,-0.0199444233899685,0.998419475690512,"Not Significant"
"RPL26L1",-0.298597115170297,0.683950626283464,0.364236235686719,0.998419475690512,"Not Significant"
"NPLOC4",0.117121562040791,0.684164081259899,-0.240125162854364,0.998419475690512,"Not Significant"
"SNX11",-0.153522092144407,0.686728425439013,0.0200275090778129,0.998419475690512,"Not Significant"
"LIPN",-0.351773498111996,0.689000313109845,0.139001438172032,0.83029414715592,"Not Significant"
"VIM",-0.177583339179045,0.690197172937354,0.36353467658392,0.994739550495444,"Not Significant"
"AARSD1",-0.242701075272042,0.69038993399933,0.0464107226581743,0.998419475690512,"Not Significant"
"NIP7",-0.14682480552184,0.690485289062081,0.324727463009861,0.744984064345224,"Not Significant"
"NDUFAF1",0.197879455461611,0.690619049676501,-0.0773924404882501,0.998419475690512,"Not Significant"
"UBE2G1",-0.134491787227037,0.69078425745193,0.141059503698266,0.998419475690512,"Not Significant"
"IFNGR1",0.149788681399657,0.690978880927807,-0.0630329227437877,0.998419475690512,"Not Significant"
"B9D2",0.197536312695021,0.691545218551406,-0.763424254661274,0.101014253771789,"Not Significant"
"NUDT14",0.260938696594532,0.692029059095452,-0.155245138476551,0.29574286735093,"Not Significant"
"MOB1B",-0.156120501327758,0.692899915563177,0.236106762332801,0.998419475690512,"Not Significant"
"TCP11L1",-0.207949724571131,0.693685953717675,0.0197965045725244,0.998419475690512,"Not Significant"
"NDRG4",-0.357629496872707,0.693735502415778,0.314057360834695,0.770214640379157,"Not Significant"
"LAT2",0.189087381581319,0.6949274673802,-0.0168260707077783,0.998419475690512,"Not Significant"
"BNIP3L",0.160034451494507,0.694966334712374,-0.00378152665898036,0.998419475690512,"Not Significant"
"IP6K1",0.155441800889906,0.695795168369526,-0.128138954657727,0.998419475690512,"Not Significant"
"ARNT",-0.127960471666497,0.695795168369526,0.203125911763207,0.96484128332814,"Not Significant"
"NSMCE2",-0.164173308807988,0.696236478323978,0.00582732755413018,0.998419475690512,"Not Significant"
"GNE",-0.16945435829343,0.69678843426485,0.130880086347538,0.812397933483493,"Not Significant"
"NDST1",-0.175186227046811,0.697067778251725,0.116900134354075,0.998419475690512,"Not Significant"
"FERMT3",-0.179520268574656,0.698096766965781,0.0370621221957745,0.998419475690512,"Not Significant"
"CINP",-0.154304788459877,0.698368112291017,0.163510805070819,0.998419475690512,"Not Significant"
"CALR",-0.151362834416817,0.698822700595789,0.1219266261608,0.993246420374571,"Not Significant"
"IRF8",-0.222031177838019,0.699670484786822,0.0424502958273786,0.998419475690512,"Not Significant"
"PDIA3",-0.155314725499202,0.701121280612753,0.362285208013179,0.937878599947475,"Not Significant"
"KIAA2013",0.125363747958881,0.70218654545574,-0.0125604616826886,0.998419475690512,"Not Significant"
"IMPA2",-0.186104978925637,0.70218654545574,0.0554972005541457,0.998419475690512,"Not Significant"
"GK5",-0.17360545950597,0.702412681748258,0.0679379812339117,0.998419475690512,"Not Significant"
"MRM2",-0.209708806199155,0.706087976896908,0.14284287250794,0.732688073803575,"Not Significant"
"HOMER3",-0.156533951122133,0.706599299101838,0.150109393868453,0.790827704016838,"Not Significant"
"ASPH",-0.193795399499599,0.706839924462208,0.0102615441223074,0.998419475690512,"Not Significant"
"GABARAPL1",-0.130991832154805,0.707072548039102,0.298548974474031,0.998419475690512,"Not Significant"
"ST6GALNAC3",0.279684236758092,0.707072548039102,-0.0365880175016217,0.998419475690512,"Not Significant"
"LST1",0.216427642645292,0.70748042250228,-0.0391912196612377,0.998419475690512,"Not Significant"
"PTPN11",-0.114289658671556,0.709724386711007,0.16076997076107,0.998419475690512,"Not Significant"
"COPS5",0.1577300276494,0.709724386711007,-0.348093289549724,0.998419475690512,"Not Significant"
"ENTPD5",-0.251092441127171,0.709896571344854,0.0972021439458449,0.998419475690512,"Not Significant"
"SSBP1",0.131946226831823,0.709896571344854,-0.0261266915437211,0.998419475690512,"Not Significant"
"LYPD3",0.296857025438727,0.710732691109869,-0.157866303299414,0.994739550495444,"Not Significant"
"ASH1L",0.111599301040211,0.710732691109869,-0.000953286261425367,0.998419475690512,"Not Significant"
"WWP2",0.137724257129036,0.711578146914825,-0.00708132617028491,0.998419475690512,"Not Significant"
"HS3ST3A1",0.414560110849149,0.711794086743301,-0.020482826765216,0.998419475690512,"Not Significant"
"DVL2",-0.140188228207913,0.712880134729214,0.0471181066606545,0.998419475690512,"Not Significant"
"GRHPR",-0.193012446505702,0.712894847495719,0.0881868578637783,0.998419475690512,"Not Significant"
"RAD18",-0.272266603199028,0.71312125427197,0.0156853357736655,0.998419475690512,"Not Significant"
"ATP1B3",-0.158672102746467,0.713260413435397,0.234628960369221,0.849533369989811,"Not Significant"
"SAP30",-0.209829005164864,0.713260413435397,0.352639636640162,0.726670319561975,"Not Significant"
"CBS",0.258338648151558,0.713620654226179,-0.0229469592041062,0.998419475690512,"Not Significant"
"NT5C",0.164021231579017,0.7139606677818,-0.150861149226372,0.998419475690512,"Not Significant"
"HDHD3",-0.222196814298124,0.714448397185069,0.0226051947392219,0.998419475690512,"Not Significant"
"NCK2",0.166030517029277,0.714502903816319,-0.228728412017493,0.994306542239506,"Not Significant"
"PTX3",-0.311923422644442,0.715031557807937,0.000479731572997001,0.998419475690512,"Not Significant"
"CD320",-0.286085503405743,0.716614192728602,0.0404528635026111,0.998419475690512,"Not Significant"
"TDP1",-0.184832342087963,0.716875360001776,0.207805616736437,0.998419475690512,"Not Significant"
"CDK2",-0.156808059224291,0.717120353015349,0.229227093533776,0.998419475690512,"Not Significant"
"CCN1",-0.293942934448024,0.719344897418522,0.1875408753691,0.998419475690512,"Not Significant"
"REEP2",-0.374619462658643,0.719344897418522,0.02008614931113,0.998419475690512,"Not Significant"
"NDUFB4",0.223388938388801,0.720243505331259,-0.0555034703293343,0.998419475690512,"Not Significant"
"SIAE",0.315063424893884,0.720335684198166,-0.204502721902642,0.998419475690512,"Not Significant"
"GID8",-0.145212543255993,0.721905490514225,0.0930131010256759,0.998419475690512,"Not Significant"
"MPIG6B",0.235765324434132,0.723175805585609,-0.0114329220774044,0.998419475690512,"Not Significant"
"CNDP1",-0.368606607761644,0.723296176619281,0.00482106403879185,0.998419475690512,"Not Significant"
"NREP",0.228931281076642,0.723419678424073,-0.0963916280395303,0.998419475690512,"Not Significant"
"CENPW",0.35981513049973,0.723655627779606,-0.00216919822970666,0.998419475690512,"Not Significant"
"ERP44",0.132472437638253,0.725171089945284,-0.176123828600334,0.998419475690512,"Not Significant"
"ZBTB7A",0.128717890265043,0.725201818794902,-0.0119525889036859,0.998419475690512,"Not Significant"
"EIF2S1",-0.172694069131876,0.725201818794902,0.432075210284499,0.998419475690512,"Not Significant"
"COA3",-0.24874508268125,0.725398139905671,0.0312642707120554,0.998419475690512,"Not Significant"
"CCNH",-0.148348078486372,0.725487259399776,0.122017077511292,0.998419475690512,"Not Significant"
"PTPRH",0.259175329999056,0.725800771992487,-0.028653662685011,0.998419475690512,"Not Significant"
"COQ7",-0.162381609399891,0.726978680744479,0.0056063748744609,0.998419475690512,"Not Significant"
"TERF1",0.172006291645555,0.728456577178165,-0.0354734995817305,0.998419475690512,"Not Significant"
"STIM1",-0.102330822308301,0.729040463438513,0.0208089315954567,0.998419475690512,"Not Significant"
"RPIA",-0.178555647459205,0.729126841321603,0.299327057746301,0.998419475690512,"Not Significant"
"FUT3",-0.275404118316324,0.729126841321603,0.36598496313697,0.998419475690512,"Not Significant"
"MAP2K5",-0.208573681213831,0.729126841321603,0.362648518731245,0.994739550495444,"Not Significant"
"ARL11",-0.227443447349763,0.729137278611687,0.108589917919953,0.998419475690512,"Not Significant"
"TGFBR1",0.167514236907986,0.730849407537881,-0.0251907287813869,0.998419475690512,"Not Significant"
"PIK3C2A",-0.162871011484367,0.731898053007653,0.0235048583373081,0.998419475690512,"Not Significant"
"LTBR",-0.10486466426641,0.732929154906165,0.191693801463194,0.844219646885179,"Not Significant"
"GLA",0.197109701194058,0.73355192476537,-0.13908408572954,0.595628154734049,"Not Significant"
"SMIM3",0.168298075529078,0.734073490071675,-0.00509270160472873,0.998419475690512,"Not Significant"
"CTNNB1",0.103176192799248,0.734455379384406,-0.0841193261162119,0.998419475690512,"Not Significant"
"SLC25A38",-0.216579260101099,0.734556172955541,0.0424030466171535,0.998419475690512,"Not Significant"
"SNX4",0.166789017406671,0.734584994876686,-0.3170588526118,0.565795148183683,"Not Significant"
"DIAPH1",-0.102744608515184,0.734966886546227,0.0515629421085155,0.998419475690512,"Not Significant"
"EEF1G",-0.158511990655307,0.734976003720761,0.143702366642115,0.998419475690512,"Not Significant"
"DERL1",0.170206859726025,0.735454620940974,-0.127622900688996,0.998419475690512,"Not Significant"
"XXYLT1",0.255748805418587,0.735579156634719,-0.0128154379985258,0.998419475690512,"Not Significant"
"ESRRA",-0.148566424784065,0.735826553920268,0.109084171750614,0.967173265821445,"Not Significant"
"NXT1",-0.181921959599595,0.736829490344388,0.631741155111251,0.16599366427197,"Not Significant"
"DDX23",0.113071141974962,0.737075457535478,-0.00243742824459228,0.998419475690512,"Not Significant"
"PPFIA1",-0.09554860112765,0.739455915463481,0.118211795078032,0.998419475690512,"Not Significant"
"CRAT",-0.172136936944903,0.739642666774339,0.139786774180977,0.998419475690512,"Not Significant"
"SLC27A2",-0.247394453769562,0.739664825089608,0.147533202987651,0.998419475690512,"Not Significant"
"MAP2K3",0.141520884422179,0.740179832413654,-0.00101499303171251,0.998419475690512,"Not Significant"
"USP1",0.154337766808853,0.74132594153698,-0.100551473303072,0.844219646885179,"Not Significant"
"LAIR1",0.189666810169497,0.74132594153698,-0.00237684070326839,0.998419475690512,"Not Significant"
"POLE3",-0.168127112478892,0.741878980131295,0.123575008133478,0.998419475690512,"Not Significant"
"CBL",-0.126588983411092,0.742759644038964,0.109312763742313,0.998419475690512,"Not Significant"
"SUGT1",-0.13228442481559,0.743233071320237,0.14327757603754,0.998419475690512,"Not Significant"
"C4B",-0.240038293792581,0.745464710272653,0.521970416007939,0.84343372662366,"Not Significant"
"VHL",0.141064568947446,0.745464710272653,-0.0113857632565764,0.998419475690512,"Not Significant"
"FOLR3",0.311107289847502,0.745838847723341,-0.0579940088236595,0.998419475690512,"Not Significant"
"RAPGEF1",-0.111787186407848,0.74597048052475,0.0156951917665896,0.998419475690512,"Not Significant"
"PUDP",0.18012097761928,0.746135869082698,-0.219155311154238,0.998419475690512,"Not Significant"
"CTDSPL",-0.250003602230773,0.748194913418524,0.0348009609135989,0.998419475690512,"Not Significant"
"PDLIM4",-0.24798610522088,0.748210764786666,0.0113856827526961,0.998419475690512,"Not Significant"
"AGO2",-0.130890988347519,0.748494401356339,0.128742816510718,0.998419475690512,"Not Significant"
"RIOX2",-0.215916512481843,0.74931138903033,0.322859184120503,0.993246420374571,"Not Significant"
"XBP1",0.130953062391049,0.749686336352983,-0.00830139596118705,0.998419475690512,"Not Significant"
"SPAST",0.114929774250649,0.751020421264759,-0.148082244648551,0.712538158465916,"Not Significant"
"TADA3",-0.0939872320594216,0.751617275092623,0.169719464336232,0.832343405187712,"Not Significant"
"TNKS",0.150741578489596,0.751617275092623,-0.00697494565481146,0.998419475690512,"Not Significant"
"CAPG",0.141474165510848,0.752374284169552,-0.0175891819572601,0.998419475690512,"Not Significant"
"ASAP3",-0.243924967876924,0.752980145435458,0.0445059172735999,0.998419475690512,"Not Significant"
"EXOG",-0.210965495132395,0.753838029791148,0.171228184595506,0.998419475690512,"Not Significant"
"PLCD3",-0.272078852230818,0.754391224017664,0.248352382598423,0.998419475690512,"Not Significant"
"RND1",0.244412284069257,0.755882314859498,-0.0404759068053621,0.998419475690512,"Not Significant"
"TADA2A",-0.216408280914846,0.755916076413573,0.0128650146276659,0.998419475690512,"Not Significant"
"HERC1",-0.0987166622315062,0.756172270614818,0.221046690211895,0.934081246389468,"Not Significant"
"PFKFB3",-0.190018626992915,0.756172270614818,0.305069609815895,0.998419475690512,"Not Significant"
"ARPP19",0.116402207916382,0.756558918919109,-0.056414421172402,0.998419475690512,"Not Significant"
"IFNGR2",0.157760556182328,0.757026379053472,-0.0124142164545412,0.998419475690512,"Not Significant"
"TIMP2",-0.132527595285554,0.757101409873455,0.319906983864739,0.998332351349598,"Not Significant"
"ACADM",-0.128115609188019,0.757642342829409,0.492683906356132,0.954918486558191,"Not Significant"
"BIN3",0.117516631934413,0.758720511916454,-0.219482672454225,0.255879197216916,"Not Significant"
"AAGAB",-0.133233012287811,0.75919906556261,0.195811844864774,0.998419475690512,"Not Significant"
"MXRA7",0.163047780524901,0.759707198236438,-0.027429278856125,0.998419475690512,"Not Significant"
"NUDC",-0.152795415518865,0.759926760601746,0.00980531036915041,0.998419475690512,"Not Significant"
"ADAT1",0.16762223003312,0.761086030105142,-0.049035122093736,0.998419475690512,"Not Significant"
"RPS3",-0.131720881656068,0.761651257014385,0.251052163857985,0.998419475690512,"Not Significant"
"UBE2C",0.224999812405336,0.762156830166461,-0.040024244235632,0.998419475690512,"Not Significant"
"PRDX3",-0.103346592579074,0.762156830166461,0.0950453335333454,0.998419475690512,"Not Significant"
"TK2",-0.158725056218269,0.762566176240124,0.279148260341357,0.791573009435334,"Not Significant"
"PDK1",0.153026584128086,0.764306069977592,-0.019283368765401,0.998419475690512,"Not Significant"
"CFH",-0.217159664049541,0.765345944883413,0.308151188840486,0.998419475690512,"Not Significant"
"CCN2",-0.279022352187402,0.765562725403082,0.0696928914808566,0.998419475690512,"Not Significant"
"PWWP3A",-0.162927434324944,0.765562725403082,0.30602115547562,0.674452248637249,"Not Significant"
"ST3GAL1",0.0987993111827187,0.765562725403082,-0.0966746511141765,0.712002983900469,"Not Significant"
"SGK1",-0.178482814534829,0.765562725403082,0.053445063995004,0.998419475690512,"Not Significant"
"ZNF230",0.198029037126013,0.766696918803273,-0.0249481486828012,0.998419475690512,"Not Significant"
"NDRG3",0.121594936703119,0.766696918803273,-0.0838377719679188,0.998419475690512,"Not Significant"
"CARHSP1",-0.141411363632667,0.766696918803273,0.223235318158335,0.960940008943582,"Not Significant"
"LY86",-0.206747590986029,0.766936265309998,0.149988867913176,0.998419475690512,"Not Significant"
"SERPINA3",-0.290009531824586,0.769603765729716,0.590613246642942,0.998419475690512,"Not Significant"
"RNPC3",0.140332020194971,0.770007604747557,-0.0402041744194692,0.998419475690512,"Not Significant"
"LSM12",-0.0978692854977518,0.770013854121991,0.126608166309815,0.998197234976641,"Not Significant"
"TIRAP",-0.178221428954224,0.770262371391323,0.00718698266795114,0.998419475690512,"Not Significant"
"HLA-G",-0.24279858975641,0.771206027036774,0.462438088571433,0.879850494349592,"Not Significant"
"SIRT3",0.20641673374079,0.77197337327643,-0.00574655811247445,0.998419475690512,"Not Significant"
"ARSA",-0.118349573870498,0.772540582328952,0.0197877158443408,0.998419475690512,"Not Significant"
"TATDN3",0.17869304333018,0.776365214740563,-0.107484807270504,0.998419475690512,"Not Significant"
"PPIB",-0.104279819176326,0.776403980186177,0.0500606801817565,0.998419475690512,"Not Significant"
"PUF60",-0.118946354515547,0.776403980186177,0.198340099921094,0.998419475690512,"Not Significant"
"DPH5",-0.164607055327438,0.776425655643592,0.110159710393544,0.998419475690512,"Not Significant"
"SNRPE",-0.207728020968111,0.777371568533096,0.0178439384231657,0.998419475690512,"Not Significant"
"RAB5B",-0.0790338284762514,0.778309140003278,0.217228283688977,0.998419475690512,"Not Significant"
"CTRC",0.244283378750662,0.778601212586271,-0.0292766605972923,0.998419475690512,"Not Significant"
"KIN",-0.144284107494947,0.781167235968091,0.0998110779682838,0.998419475690512,"Not Significant"
"SNX17",-0.0999301399343674,0.781989035655353,0.141329930735143,0.844219646885179,"Not Significant"
"BLOC1S2",0.123574752952008,0.782885776647098,-0.0490436086833959,0.998419475690512,"Not Significant"
"ADAM17",0.0983048253098765,0.784056127786874,-0.0119829118663831,0.998419475690512,"Not Significant"
"NDUFB10",-0.16357844142825,0.784056127786874,0.0381347253613418,0.998419475690512,"Not Significant"
"SCO1",0.153968598488845,0.784422689854776,-0.102518376469792,0.92559285537565,"Not Significant"
"LCAT",-0.205623508083908,0.784422689854776,0.0773629320676575,0.998419475690512,"Not Significant"
"PNP",-0.139159095291617,0.78457548823086,0.692716280313202,0.85054234904987,"Not Significant"
"CADM1",-0.263494114023653,0.785681732984476,0.0599759581812126,0.998419475690512,"Not Significant"
"ACO1",0.179832093349947,0.78586068121074,-0.604257813862773,0.33638801102274,"Not Significant"
"MSRA",0.149321568752823,0.78586068121074,-0.0182296309197462,0.998419475690512,"Not Significant"
"GSTZ1",-0.176280155073923,0.786519397511942,0.132412579745874,0.998419475690512,"Not Significant"
"SNX8",0.121560595396006,0.786815661568604,-0.16915814244464,0.998419475690512,"Not Significant"
"STAU2",0.136633086394356,0.786815661568604,-0.0115163667103547,0.998419475690512,"Not Significant"
"ARRDC3",-0.149222492364046,0.786815661568604,0.0807425930327382,0.914764807656585,"Not Significant"
"H2AZ1",0.10007655994056,0.786815661568604,-0.0158267892176239,0.998419475690512,"Not Significant"
"BEX4",-0.182589574666728,0.78755298854586,0.0207367616414706,0.998419475690512,"Not Significant"
"HGS",-0.0995040984775361,0.787695416289409,0.0607367466652053,0.998419475690512,"Not Significant"
"CSNK1A1L",-0.203941809795161,0.787703942848658,0.286275108889745,0.588432988518752,"Not Significant"
"GFPT1",-0.143722607162927,0.787703942848658,0.322425021791615,0.85054234904987,"Not Significant"
"MYOM3",-0.246748753053135,0.78875452512306,0.0408832085368914,0.998419475690512,"Not Significant"
"LMO4",-0.152435323413129,0.788769134370538,0.250002169711548,0.913613729375303,"Not Significant"
"GPX3",-0.171422195163368,0.789320760463392,0.0928756597950373,0.998419475690512,"Not Significant"
"SRPK2",-0.100067962294182,0.789447749903492,0.115671189639533,0.998419475690512,"Not Significant"
"PICK1",-0.176506903501539,0.791437028140361,0.0779920032848337,0.998419475690512,"Not Significant"
"MAPK8",-0.108154095598416,0.792058750024278,0.0115881360253818,0.998419475690512,"Not Significant"
"HIBCH",-0.151280088644218,0.79237845413462,0.12416050024144,0.998419475690512,"Not Significant"
"DDX19B",-0.132972090484052,0.79237845413462,0.00956885841806273,0.998419475690512,"Not Significant"
"ANKRD40",-0.130181691003646,0.79249538673386,0.0257921272925092,0.998419475690512,"Not Significant"
"LRRTM4",-0.25978712928779,0.792515295773649,0.0101358785037474,0.998419475690512,"Not Significant"
"TPGS2",-0.142201125483234,0.79309832579768,0.0407270609469318,0.998419475690512,"Not Significant"
"CDK5RAP3",-0.0887661151448135,0.793935832373454,0.240549069169525,0.963204148073108,"Not Significant"
"XPNPEP1",-0.104148662317353,0.793963541212215,0.152422803177833,0.998419475690512,"Not Significant"
"HYPK",-0.160132844036718,0.794020967585157,0.0664135779158771,0.998419475690512,"Not Significant"
"RPL11",-0.131109351867704,0.794183437641785,0.262975330813224,0.968200886529169,"Not Significant"
"APLP1",-0.248682957159377,0.795336337588184,0.0284954130017177,0.998419475690512,"Not Significant"
"TXNDC11",-0.0894377603674667,0.795744644153142,0.0287101919091511,0.998419475690512,"Not Significant"
"TBCE",0.164306493473166,0.795958317201552,-0.000891937733484622,0.998805706404385,"Not Significant"
"RARRES1",-0.244190823051753,0.79704905960713,0.350741500449235,0.998419475690512,"Not Significant"
"VAV3",-0.134376305247984,0.79704905960713,0.412500563961511,0.423910207196171,"Not Significant"
"ACTN4",-0.0850151954812077,0.797082662324193,0.23734175148413,0.561955226227409,"Not Significant"
"PNPLA2",-0.104160132172451,0.797230051940939,0.28640472496549,0.49571448481297,"Not Significant"
"NUMBL",-0.193448544352106,0.797230051940939,0.0585200717612812,0.998419475690512,"Not Significant"
"HP",-0.225712644379141,0.797937312261854,1.90570252489771,0.060058188027274,"Not Significant"
"AIFM1",-0.0978609364027113,0.798094935795,0.0999600863547687,0.998419475690512,"Not Significant"
"SEMA4B",0.113254474719488,0.798385079515075,-0.0296362381945198,0.998419475690512,"Not Significant"
"DNM1L",-0.106066937104235,0.798433367052849,0.0381119266875698,0.998419475690512,"Not Significant"
"IL1A",-0.338661885591541,0.798783824184687,0.129490454455498,0.998419475690512,"Not Significant"
"SERPINF1",-0.185026702738022,0.798944165853935,0.381543070456177,0.998419475690512,"Not Significant"
"RRM2B",0.116593873983915,0.799642532698433,-0.193879762537007,0.954030819013644,"Not Significant"
"GPR107",0.115523358496076,0.799642532698433,-0.190248219495465,0.82154707401671,"Not Significant"
"STK10",-0.119621737274911,0.800961874099285,0.0197178764103375,0.998419475690512,"Not Significant"
"LILRB5",-0.128060084482512,0.80101469765479,0.0716649545116407,0.998419475690512,"Not Significant"
"SNRPA1",-0.151335382647796,0.80101469765479,0.19389279128925,0.998419475690512,"Not Significant"
"GPHN",-0.194654162209152,0.801119524001325,0.153866243452943,0.998419475690512,"Not Significant"
"ATP5IF1",-0.179030807215818,0.801377860590909,0.245847047082828,0.964835353022169,"Not Significant"
"NPTN",0.0799415352777557,0.801535782279213,-0.126498006140548,0.998419475690512,"Not Significant"
"HRAS",-0.195606846810609,0.802295813107339,0.0354527892505587,0.998419475690512,"Not Significant"
"GCDH",-0.192811027939948,0.802911695123694,0.0313544755352723,0.998419475690512,"Not Significant"
"ARF3",0.075419267869278,0.803685523621161,-0.147647491791278,0.998419475690512,"Not Significant"
"NCL",-0.103037800985164,0.80370501919453,0.0501379492464142,0.998419475690512,"Not Significant"
"METTL26",-0.187081599821836,0.805298470835221,0.124726652066183,0.966961547562754,"Not Significant"
"BROX",-0.0937715580301507,0.805298470835221,0.0181786296097002,0.998419475690512,"Not Significant"
"UBE2R2",-0.0848915658334257,0.806169802189803,0.143918911207295,0.781368446819726,"Not Significant"
"GOSR2",-0.0873492259351981,0.80618419033353,0.0491966939855202,0.998419475690512,"Not Significant"
"CHI3L1",-0.212191465828765,0.806678224203261,0.441203760223194,0.998419475690512,"Not Significant"
"FKBP2",-0.138219376555951,0.807097822205431,0.109297840958136,0.998419475690512,"Not Significant"
"ACOT13",-0.116797400726116,0.807315676607585,0.145854126685421,0.998419475690512,"Not Significant"
"ZRANB1",-0.0960476827579413,0.807315676607585,0.0990174048295893,0.998419475690512,"Not Significant"
"RWDD1",0.144937313575575,0.807544900183513,-0.00675370553933431,0.998419475690512,"Not Significant"
"PANK3",0.10227397283273,0.807671075435278,-0.0160306603695919,0.998419475690512,"Not Significant"
"PXYLP1",0.183743770252619,0.808607611128,-0.00481127943471206,0.998419475690512,"Not Significant"
"CLSTN1",-0.102787848166898,0.808726842331967,0.050696875571699,0.998419475690512,"Not Significant"
"SARS1",-0.0928267578010499,0.808852049295599,0.00292900879004378,0.998419475690512,"Not Significant"
"PPP2R1A",-0.0877380118765958,0.808905508549433,0.149590254726561,0.998419475690512,"Not Significant"
"DESI1",0.108892614249183,0.808905508549433,-0.0304839485692097,0.998419475690512,"Not Significant"
"STIP1",-0.100066714894722,0.808905508549433,0.337329611256611,0.998419475690512,"Not Significant"
"CAMK2B",-0.256121182449788,0.808905508549433,0.300441287976665,0.869338812198814,"Not Significant"
"TMA16",-0.181983231677019,0.809241710834868,0.0553134069569581,0.998419475690512,"Not Significant"
"POLR2I",-0.21664553060883,0.810320267310604,0.083190549933099,0.998419475690512,"Not Significant"
"MATK",0.195936068107335,0.810646125824032,-0.0195154839606506,0.998419475690512,"Not Significant"
"UBE2K",-0.10283512165125,0.81234637516706,0.00505273762536944,0.998419475690512,"Not Significant"
"CHMP1B",0.073338867315686,0.812877623549242,-0.248142594125316,0.998419475690512,"Not Significant"
"NSUN6",0.168859840944081,0.812877623549242,-0.0176951662070576,0.998419475690512,"Not Significant"
"EIF1AX",-0.118672032364509,0.813512939484942,0.00810807620791695,0.998419475690512,"Not Significant"
"NUDT1",-0.232527938767079,0.814402556712384,0.0558510868881438,0.998419475690512,"Not Significant"
"DFFA",-0.113764462581448,0.814511800627546,0.024207944953085,0.998419475690512,"Not Significant"
"KLHL7",-0.119787703537041,0.814518480141607,0.237493024332848,0.315128655592298,"Not Significant"
"GPI",-0.102270742133661,0.814821100827062,0.76833478452728,0.85054234904987,"Not Significant"
"CHIT1",-0.195508664560595,0.815183710949342,0.140519752305672,0.998419475690512,"Not Significant"
"CLEC1A",-0.168427820111724,0.815201928908877,0.0524922994690138,0.998419475690512,"Not Significant"
"ABL1",-0.115151673352002,0.816201719310708,0.0607286217275578,0.998419475690512,"Not Significant"
"CSF2RA",-0.105274311683014,0.816201719310708,0.0615736506500066,0.998419475690512,"Not Significant"
"RNF8",-0.146668292763712,0.817906531313259,0.0855680353540057,0.998419475690512,"Not Significant"
"POMK",-0.116556766189946,0.818524857569262,0.285192011452107,0.857501682187315,"Not Significant"
"PRPF6",-0.0716287652393323,0.819292149966669,0.0957893709565115,0.998419475690512,"Not Significant"
"COX7A2L",0.0933377037504058,0.819308240957249,-0.101795097269826,0.985039353349534,"Not Significant"
"SEPHS1",-0.164396876359597,0.819308240957249,0.417264899955998,0.967173265821445,"Not Significant"
"MFAP1",0.0974077097849551,0.81932230857114,-0.0633144015695608,0.998419475690512,"Not Significant"
"RECQL",-0.107600929589054,0.820007740531169,0.520037965823373,0.791573009435334,"Not Significant"
"VAMP4",-0.114818187212175,0.820408360664606,0.0130138509508555,0.998419475690512,"Not Significant"
"MVD",-0.124235698246523,0.820408360664606,0.221061811873823,0.998419475690512,"Not Significant"
"TATDN1",-0.133505700025544,0.820761555153579,0.219385378343556,0.998419475690512,"Not Significant"
"TPM2",-0.189706346182483,0.821023307200546,0.155902683526139,0.888296904828152,"Not Significant"
"CCDC126",-0.11687745171725,0.82105592908281,0.00763625672549408,0.998419475690512,"Not Significant"
"RAB13",-0.103028514653288,0.82105592908281,0.0699913847187884,0.998419475690512,"Not Significant"
"MYL6",0.0820614212011198,0.821066515911489,-0.0480956644175905,0.998419475690512,"Not Significant"
"PLEKHA3",0.107485227831215,0.823005562137215,-0.105033683353888,0.998419475690512,"Not Significant"
"RABIF",-0.0880533835263872,0.823249536966396,0.0766501824947569,0.942156010382713,"Not Significant"
"HECW2",-0.176324788238869,0.823249536966396,0.28864172581435,0.844219646885179,"Not Significant"
"CWF19L1",-0.100879923612537,0.823387405044218,0.309134882013554,0.998419475690512,"Not Significant"
"GEMIN7",-0.173382860712474,0.824055595369624,0.223277248702844,0.857501682187315,"Not Significant"
"CD82",0.10932167601207,0.824994456940694,-0.0731023318355979,0.998419475690512,"Not Significant"
"MTIF3",0.146480466311569,0.825020969489209,-0.103589027686283,0.998419475690512,"Not Significant"
"EED",-0.117822159889889,0.825020969489209,0.605052050994158,0.565795148183683,"Not Significant"
"LRP8",-0.13425137529934,0.825180337968732,0.0429318666987256,0.998419475690512,"Not Significant"
"CEACAM21",-0.15280255879947,0.825180337968732,0.0992089746824076,0.998419475690512,"Not Significant"
"STK16",-0.124561368313349,0.825180337968732,0.124955131779594,0.960940008943582,"Not Significant"
"POLR2M",-0.141031424391685,0.82635178966425,0.0240314314891985,0.998419475690512,"Not Significant"
"NUBP2",-0.137361836724355,0.826751115885882,0.0967523583021301,0.998419475690512,"Not Significant"
"WDR48",-0.0986566333949952,0.826849864114213,0.178766024055189,0.998419475690512,"Not Significant"
"SERPINA10",-0.133923755949844,0.827188915690463,0.0354075819263666,0.998419475690512,"Not Significant"
"ANGPTL4",-0.218077476371599,0.827356538383147,0.184655251342002,0.906266089138714,"Not Significant"
"SPG21",-0.0639959765159998,0.8275902342567,0.127697375039697,0.998419475690512,"Not Significant"
"KRT7",-0.194772471504525,0.8275902342567,0.0352034589880949,0.998419475690512,"Not Significant"
"MMP12",0.274779998783338,0.827649420236499,-0.179337977894326,0.998419475690512,"Not Significant"
"TRABD2A",0.167524867566083,0.828310268089205,-0.0971412466457395,0.998419475690512,"Not Significant"
"MUCL1",0.243174130357784,0.828922517812841,-0.0479376445320542,0.998419475690512,"Not Significant"
"AASDHPPT",-0.107154599160185,0.829324169565012,0.248549026173211,0.998419475690512,"Not Significant"
"ATE1",-0.162657854117079,0.829805515995189,0.0311584828551314,0.998419475690512,"Not Significant"
"GCNT2",0.149893778162172,0.829944323760358,-0.0532311773394073,0.998419475690512,"Not Significant"
"IL1B",0.216239927496355,0.83009817798418,-0.000880070309870005,0.998419475690512,"Not Significant"
"VAMP2",-0.0935842375016477,0.830264805625133,0.0467495834366604,0.998419475690512,"Not Significant"
"NUDT21",-0.103737600030286,0.830400414069455,0.401391248851016,0.964835353022169,"Not Significant"
"LTB4R",0.104615555440685,0.830619854411113,-0.110431802633245,0.998419475690512,"Not Significant"
"LRPAP1",-0.0974399809098818,0.830619854411113,0.374715807585676,0.776604021167797,"Not Significant"
"CAV2",-0.126405289997278,0.830708629655993,0.0451411393262471,0.998419475690512,"Not Significant"
"DNM1",-0.245122583196495,0.830708629655993,0.00681017176131391,0.998419475690512,"Not Significant"
"KLK4",0.240312941524487,0.830708629655993,-0.0359553642070043,0.998419475690512,"Not Significant"
"MICOS10",-0.092495088187475,0.830708629655993,0.145166007236539,0.998419475690512,"Not Significant"
"ASAP2",-0.145729940698728,0.830916686920973,0.0025027916365885,0.998419475690512,"Not Significant"
"POU2F1",0.0793966875130697,0.830916686920973,-0.0468258695608381,0.998419475690512,"Not Significant"
"MAP3K10",-0.148933526872276,0.832883462170121,0.151142600387656,0.966961547562754,"Not Significant"
"COPE",-0.0885972695813803,0.833208452428066,0.161460566766541,0.998419475690512,"Not Significant"
"SCFD1",0.117345043776749,0.835133605220561,-0.0271433822909055,0.998419475690512,"Not Significant"
"MRTO4",-0.157617282840856,0.835168049798055,0.414321210044188,0.857501682187315,"Not Significant"
"B3GNT2",0.0858476272432495,0.835414494697167,-0.0234260355703718,0.998419475690512,"Not Significant"
"LANCL2",0.129085725357874,0.835546145717336,-0.225483505209491,0.998419475690512,"Not Significant"
"SCIN",0.162975452568384,0.83568522811476,-0.0998803026090423,0.998419475690512,"Not Significant"
"ZNF134",0.130718386201982,0.836523841357798,-0.0774666208572024,0.998419475690512,"Not Significant"
"EIF4H",0.0686074944763678,0.836523841357798,-0.0460016403057495,0.998419475690512,"Not Significant"
"ERH",-0.127262317527407,0.837086408029058,0.343373322658138,0.994656144598261,"Not Significant"
"GGH",-0.182841710851873,0.837495534486044,0.205338891132987,0.998419475690512,"Not Significant"
"COMTD1",-0.166025705008334,0.838099159171274,0.0497796724179408,0.998419475690512,"Not Significant"
"RNASE6",-0.15403357176685,0.838190911405176,0.143001115779064,0.998419475690512,"Not Significant"
"UPK3BL1",-0.174966890545481,0.838190911405176,0.0126017421692187,0.998419475690512,"Not Significant"
"CREB3L1",-0.173915367287305,0.838889704121446,0.0704825513892825,0.998419475690512,"Not Significant"
"MST1R",-0.182710164423995,0.839341149292382,0.096781433153813,0.993246420374571,"Not Significant"
"FAM20C",-0.1096160027773,0.839572754879747,0.311747613041276,0.827327785382536,"Not Significant"
"FNBP1",-0.0981273037247025,0.839622425813287,0.206997379019017,0.998419475690512,"Not Significant"
"ARHGEF2",-0.0828069972930437,0.841888288395624,0.151603046757597,0.963204148073108,"Not Significant"
"VOPP1",0.0767480187004729,0.842172085925172,-0.0184032142718177,0.998419475690512,"Not Significant"
"GABPB1",0.101835894583042,0.84286921436527,-0.0228235374846641,0.998419475690512,"Not Significant"
"RAN",-0.0878563023212939,0.843291905881604,0.327612528228436,0.998419475690512,"Not Significant"
"VRK1",-0.101175509071742,0.843291905881604,0.0402235220837464,0.998419475690512,"Not Significant"
"PAPSS1",-0.0817350530615009,0.84425093274393,0.627049606786787,0.499942345878088,"Not Significant"
"PDCD4",0.088220207534817,0.84425093274393,-0.0412676653237715,0.998419475690512,"Not Significant"
"PDXK",-0.0653223210511008,0.844962489301374,0.0469807425265221,0.998419475690512,"Not Significant"
"ACAT2",0.11321339143462,0.845442258096748,-0.0208567629605089,0.998419475690512,"Not Significant"
"KRT19",0.195474875805068,0.845705462860143,-0.0152359138460535,0.998419475690512,"Not Significant"
"HUS1",0.0885317584306114,0.846227697324757,-0.185623053123541,0.994739550495444,"Not Significant"
"COQ5",-0.134333420060527,0.846227697324757,0.00884829081526503,0.998419475690512,"Not Significant"
"PIK3R1",-0.0711356482384587,0.846716819437707,0.092494636214146,0.998419475690512,"Not Significant"
"VCP",-0.0683809677887215,0.846802208869445,0.34641716982403,0.966961547562754,"Not Significant"
"PSMD4",-0.0594852246540357,0.846841236154259,0.00868840071054148,0.998419475690512,"Not Significant"
"FGD2",0.120266202850082,0.846882300463259,-0.234374120131991,0.998419475690512,"Not Significant"
"SERF2",0.0774315473216294,0.84711875169362,-0.00102962396656715,0.998419475690512,"Not Significant"
"PFDN4",-0.163747316375875,0.847805856680946,0.00709003775503702,0.998419475690512,"Not Significant"
"PPP1R2",-0.0696948333277313,0.847805856680946,0.101003858582086,0.998419475690512,"Not Significant"
"TCP1",-0.0715588637731313,0.848856611540986,0.110476874651816,0.998419475690512,"Not Significant"
"SH3BGRL3",-0.084592632151336,0.848856611540986,0.0979107076825717,0.998419475690512,"Not Significant"
"DAXX",-0.0702137989660052,0.848856611540986,0.0318925555601172,0.998419475690512,"Not Significant"
"C1QTNF1",-0.179901641398065,0.848856611540986,0.252583692017445,0.998419475690512,"Not Significant"
"TMCC3",-0.116698833116968,0.850287960727437,0.0747303443840813,0.998419475690512,"Not Significant"
"FAM219B",0.0942636277707408,0.850287960727437,-0.0286555452644097,0.998419475690512,"Not Significant"
"EIF5",0.0606945816122389,0.8505936905486,-0.0285793742193239,0.998419475690512,"Not Significant"
"TBXAS1",-0.100999926262043,0.850920655873288,0.0896072515166324,0.963204148073108,"Not Significant"
"TRIP10",-0.122380693865052,0.850920655873288,0.204031029518643,0.998419475690512,"Not Significant"
"VCL",0.0825216491186563,0.852015030536056,-0.0848540911403878,0.998419475690512,"Not Significant"
"COX5B",-0.0861795351923786,0.852122342236089,0.0106819615533271,0.998419475690512,"Not Significant"
"UBA3",0.0762646575265859,0.852308705806034,-0.0416380344393451,0.998419475690512,"Not Significant"
"VAC14",-0.0822790053941056,0.852504271051125,0.122727806091316,0.998419475690512,"Not Significant"
"TGFBI",-0.0948997443689329,0.853508946940415,0.427029499550778,0.767643909690772,"Not Significant"
"ASPRV1",0.15522979643085,0.853603588847849,-0.123342632689203,0.998419475690512,"Not Significant"
"SH3PXD2B",-0.0781398000451594,0.853921495018411,0.109862727722007,0.998419475690512,"Not Significant"
"GPCPD1",0.0912456158014119,0.854114437465663,-0.0267615278919809,0.998419475690512,"Not Significant"
"HES6",-0.187129897370589,0.854154335640483,0.0703461018167854,0.963204148073108,"Not Significant"
"B4GALT1",0.0751644017829851,0.854351592637727,-0.341364218064973,0.996129977073955,"Not Significant"
"DCUN1D2",-0.133347005848604,0.854473774679165,0.010354900486142,0.998419475690512,"Not Significant"
"PLTP",-0.127594265243959,0.854640693619522,0.127157545851645,0.998419475690512,"Not Significant"
"MESD",-0.0928758522480975,0.854729841725322,0.105621410878573,0.960462348430834,"Not Significant"
"RPS7",0.079734441698402,0.854729841725322,-0.00489980779480271,0.998419475690512,"Not Significant"
"QSOX1",-0.0883780538970732,0.854942375474747,0.308274942933498,0.998419475690512,"Not Significant"
"CASS4",-0.128408628489882,0.85531517311779,0.00285932602533126,0.998419475690512,"Not Significant"
"TSC2",-0.0809274807701963,0.855673960128953,0.0770192453176794,0.998419475690512,"Not Significant"
"NANS",-0.0655113546945908,0.855673960128953,0.272039924384839,0.998419475690512,"Not Significant"
"BLNK",0.167907894781365,0.855929983025271,-0.00333844465163334,0.998419475690512,"Not Significant"
"NFKBID",-0.105427981124081,0.855975171081722,0.0341311288042895,0.998419475690512,"Not Significant"
"SNRPG",-0.0918227605649456,0.856399837560357,0.058392516602127,0.998419475690512,"Not Significant"
"DNAJB14",-0.0753057276942119,0.856554322921457,0.0934803542918578,0.776604021167797,"Not Significant"
"TRAPPC13",-0.103343758001808,0.857089318256998,0.0236247892637508,0.998419475690512,"Not Significant"
"PXDN",-0.187107844614342,0.857582458496998,0.055588855420093,0.998419475690512,"Not Significant"
"JAML",-0.111152682467646,0.857582458496998,0.0299090848021912,0.998419475690512,"Not Significant"
"U2AF2",-0.0748663777951498,0.85904104116933,0.0270174126396446,0.998419475690512,"Not Significant"
"GALNT1",-0.0680745147156975,0.859936384671173,0.148764976556744,0.998419475690512,"Not Significant"
"CREBZF",0.0704644081027946,0.860538895274552,-0.00837138222308582,0.998419475690512,"Not Significant"
"USP14",-0.0710725400708496,0.861206373836592,0.388588830384771,0.998419475690512,"Not Significant"
"CCDC50",-0.103981932144671,0.861360157975775,0.0746841479293236,0.998419475690512,"Not Significant"
"TAB1",-0.134183195059567,0.862763098688531,0.0791955007108887,0.994739550495444,"Not Significant"
"CAPNS1",-0.0737412792578301,0.863627460212988,0.241330865678788,0.998419475690512,"Not Significant"
"MYC",-0.0974407767650741,0.863681063935051,0.0030936539456088,0.998419475690512,"Not Significant"
"CLEC1B",-0.137693201316136,0.863681063935051,0.0607038197550827,0.998419475690512,"Not Significant"
"USP30",-0.113209615911214,0.86424669192048,0.0672084679123556,0.998419475690512,"Not Significant"
"NAIF1",-0.0878647565564622,0.864497668173472,0.138204745290812,0.998419475690512,"Not Significant"
"ATP6V1F",-0.0861063758033173,0.8647038041121,0.0115228893924625,0.998419475690512,"Not Significant"
"GDA",-0.109404776364879,0.8647038041121,0.087948669859394,0.998419475690512,"Not Significant"
"SAMSN1",0.123093352497319,0.86574203761364,-0.139058273047841,0.998419475690512,"Not Significant"
"EIF4G1",-0.0604023138206468,0.865904030979028,0.410385311405769,0.744984064345224,"Not Significant"
"OLAH",0.209175427302671,0.866359950962303,-0.144752608170797,0.998419475690512,"Not Significant"
"WNK1",0.0509920552369462,0.866701644331766,-0.245929482860029,0.998419475690512,"Not Significant"
"KMO",0.118591914315006,0.866855094735548,-0.0262865911570306,0.998419475690512,"Not Significant"
"EPHA4",-0.14054295373618,0.867152669356021,0.0597651173421037,0.998419475690512,"Not Significant"
"PDE6D",-0.0954106463724511,0.86763094531995,0.0611869588163575,0.936867356766746,"Not Significant"
"DEFA3",-0.285209065261741,0.867939669835644,1.21636055482266,0.172753480476017,"Not Significant"
"DDX6",-0.0637052436511084,0.868155355591543,0.314948321254698,0.998419475690512,"Not Significant"
"ARHGDIA",-0.0682368976009795,0.868496615568127,0.162314583623,0.994739550495444,"Not Significant"
"TK1",-0.118533678416866,0.86897812632259,0.0952193485577463,0.706375430478359,"Not Significant"
"APPL1",0.0850432590652736,0.869683581518363,-0.0426315971499584,0.998419475690512,"Not Significant"
"SEMA6A",0.145802220152791,0.869735278537694,-0.0195593720867618,0.998419475690512,"Not Significant"
"DCUN1D5",-0.0998958337112325,0.869882900308717,0.0770426027412718,0.998419475690512,"Not Significant"
"FCRL5",-0.126116927750742,0.870379197065748,0.199816123618032,0.853216168095328,"Not Significant"
"DYRK1A",0.0518147518099039,0.870379197065748,-0.0570453780996323,0.998419475690512,"Not Significant"
"DOCK2",-0.0899605389944639,0.870785988057113,0.189817640990869,0.873362904078878,"Not Significant"
"PTRHD1",-0.113422896537549,0.870862505973911,0.625344999696435,0.781368446819726,"Not Significant"
"GLUL",-0.0692022978742871,0.872811821517332,0.399089397001316,0.744984064345224,"Not Significant"
"DLGAP4",0.0633658097685884,0.872851298238772,-0.325811526082208,0.951348538431534,"Not Significant"
"SARS2",-0.149986141544815,0.873160478284559,0.0357802089285726,0.998419475690512,"Not Significant"
"CRK",0.0523063163131725,0.873160478284559,-0.0683597225957559,0.998419475690512,"Not Significant"
"METTL3",0.0797971330214572,0.873160478284559,-0.0737978143044116,0.998419475690512,"Not Significant"
"TPI1",-0.0742672670585431,0.873588312089337,0.46509989852897,0.998419475690512,"Not Significant"
"AKT3",-0.0919787816477638,0.875005251853916,0.237898891600298,0.998419475690512,"Not Significant"
"LGALS3BP",-0.11308122653252,0.875716183604436,0.275571709463819,0.998419475690512,"Not Significant"
"RUFY1",0.0518664801908381,0.875716183604436,-0.0211685818784186,0.998419475690512,"Not Significant"
"MANF",-0.106195192787437,0.875716183604436,0.444520911623972,0.747534626083946,"Not Significant"
"MICU2",0.0568979365760074,0.875716183604436,-0.040454689412169,0.998419475690512,"Not Significant"
"HNRNPA1",-0.060782687769097,0.875841652092206,0.358766010920457,0.998419475690512,"Not Significant"
"TTC9",-0.11083086898071,0.875868560604017,0.0858506018325593,0.998419475690512,"Not Significant"
"RILPL2",0.0819288056998982,0.876151500500599,-0.155309819610739,0.998419475690512,"Not Significant"
"ERN1",-0.0845830163714156,0.87641700629986,0.0105339916221093,0.998419475690512,"Not Significant"
"ATF1",0.0742207883691597,0.87641700629986,-0.0880333987657122,0.998419475690512,"Not Significant"
"ASNS",0.112111660568713,0.876556702933494,-0.00450253182222098,0.998419475690512,"Not Significant"
"SULF2",-0.109182913733798,0.877793952856047,0.248783947096563,0.843121181677977,"Not Significant"
"PDZD11",0.0925381602036379,0.877929059568967,-0.116166530052637,0.707787623395344,"Not Significant"
"PABPN1",0.0467812287347165,0.878497185032422,-0.0025239976489536,0.998419475690512,"Not Significant"
"ITGA5",-0.0636911533900586,0.878497185032422,0.0199792119422051,0.998419475690512,"Not Significant"
"PIH1D1",0.0966371258561012,0.878497185032422,-0.0387336166576417,0.998419475690512,"Not Significant"
"ASPA",0.0992827874598608,0.878614403463724,-0.0470747329420657,0.998419475690512,"Not Significant"
"CUTC",-0.0763859586356819,0.879600880350311,0.0797458229851689,0.998419475690512,"Not Significant"
"KCTD5",-0.0647955121438041,0.879968877877839,0.00901945959175032,0.998419475690512,"Not Significant"
"RPS27A",-0.0725427793687676,0.879968877877839,0.298532085863153,0.998419475690512,"Not Significant"
"DNAJC17",0.11821208223259,0.880150309328712,-0.246051549405616,0.953556158314323,"Not Significant"
"ST6GALNAC2",0.070674174600815,0.881012929904169,-0.0082160794311736,0.998419475690512,"Not Significant"
"ACOT8",-0.0818783668445915,0.881228701093889,0.0745424134705082,0.998419475690512,"Not Significant"
"EIF4G2",0.0466571896497847,0.881377970459063,-0.0183546089742713,0.998419475690512,"Not Significant"
"FCHSD1",-0.0626438125442992,0.881377970459063,0.0362895789320263,0.998419475690512,"Not Significant"
"MRPL58",0.120276220096774,0.882135726023768,-0.0159641597097126,0.998419475690512,"Not Significant"
"MFAP3",0.0719571730092893,0.882135726023768,-0.00346788604713144,0.998419475690512,"Not Significant"
"CRKL",-0.0534903303325298,0.882135726023768,0.111306454622517,0.998419475690512,"Not Significant"
"EMC4",-0.0710873934963209,0.882952836035085,0.219062906328915,0.667314755509568,"Not Significant"
"MAPKAPK3",-0.0597488406710514,0.883249247904124,0.409188919436066,0.998419475690512,"Not Significant"
"COQ10A",-0.130067161767094,0.88342343572392,0.0016042972731908,0.998419475690512,"Not Significant"
"CCDC107",-0.107824056297064,0.88374937362842,0.155357181458412,0.998419475690512,"Not Significant"
"SLAMF8",0.115074620591627,0.88374937362842,-0.0804702826261868,0.998419475690512,"Not Significant"
"UTP6",-0.0538663486308528,0.884224918386363,0.0237149677276133,0.998419475690512,"Not Significant"
"HSP90AA1",-0.0790959624142531,0.884306082097767,0.499566334043702,0.994739550495444,"Not Significant"
"OSBPL11",-0.0600036439899582,0.884452238738549,0.169892149969607,0.922019559814175,"Not Significant"
"PPID",0.0651193399532071,0.884563479170672,-0.122819112864077,0.998419475690512,"Not Significant"
"SIGLEC7",-0.0774103128711527,0.884796900913261,0.316952777150864,0.838880033899902,"Not Significant"
"SEC22A",-0.0899559859963003,0.885585966612112,0.00145608362692052,0.998419475690512,"Not Significant"
"BECN1",0.0345356792667373,0.885800950109692,-0.0039288383968745,0.998419475690512,"Not Significant"
"ZFAND3",-0.0647476585023953,0.886188188808891,0.06374678192342,0.998419475690512,"Not Significant"
"RAB2A",-0.0496592375182236,0.886789562015162,0.198358239624254,0.873362904078878,"Not Significant"
"MOB4",-0.0743608664852662,0.886789562015162,0.335910653793343,0.853216168095328,"Not Significant"
"STX6",-0.0579580937814689,0.886789562015162,0.0521529827380383,0.998419475690512,"Not Significant"
"VPS26A",-0.0626013466058254,0.886801289036878,0.31819039760683,0.998419475690512,"Not Significant"
"MDM4",-0.068238423021975,0.886936950072344,0.0118581026700197,0.998419475690512,"Not Significant"
"TBCB",-0.0541176840857163,0.887024754748878,0.152341443475761,0.998419475690512,"Not Significant"
"UBE2V1",-0.0703708776961832,0.887386245572586,0.0293179231255774,0.998419475690512,"Not Significant"
"MAT2A",-0.0530910821407374,0.887534536230566,0.162315153544712,0.998419475690512,"Not Significant"
"HES1",-0.0914980175932926,0.887574129155875,0.285277463339284,0.552683656177141,"Not Significant"
"RIC8A",0.0531057860185888,0.887574129155875,-0.00546583797820258,0.998419475690512,"Not Significant"
"TNRC6B",0.0588631554733932,0.887574129155875,-0.0761970679211379,0.998419475690512,"Not Significant"
"NDUFB6",-0.0831184681423581,0.887856717533499,0.0862027881201168,0.998419475690512,"Not Significant"
"FOXRED1",0.0879905471010687,0.888901923498872,-0.0667925138110289,0.998419475690512,"Not Significant"
"NEURL4",-0.0946525550797771,0.889051833580468,0.128845054794779,0.853216168095328,"Not Significant"
"DUT",-0.107230679635777,0.889459332349685,0.210900470253755,0.998419475690512,"Not Significant"
"UBE2N",0.0600829262405919,0.890582211675261,-0.0091719009756042,0.998419475690512,"Not Significant"
"CYB561D1",-0.0651442843675034,0.894771595913487,0.144569354806879,0.954918486558191,"Not Significant"
"ITGAL",0.077236742085071,0.895601548707566,-0.067630938635638,0.998419475690512,"Not Significant"
"SH3GLB2",0.0863378947144145,0.896153766943188,-0.619536917649076,0.489329172537047,"Not Significant"
"ST3GAL6",0.076030718734512,0.896177501902346,-0.454423464094454,0.101014253771789,"Not Significant"
"TMUB1",0.0824611537748617,0.896432145586569,-0.207509555255011,0.688685113694679,"Not Significant"
"TWF2",-0.0602856611427677,0.8968125718364,0.297616367355725,0.998419475690512,"Not Significant"
"OSMR",-0.0978236437471124,0.8968125718364,0.00548289112446457,0.998419475690512,"Not Significant"
"POLR3K",-0.0938813250788013,0.897127782640969,0.0411388869151577,0.998419475690512,"Not Significant"
"PTRH2",-0.0682170177487513,0.897574152350404,0.063259528534451,0.998419475690512,"Not Significant"
"UPRT",-0.0734414944528057,0.897574152350404,0.0672363880668884,0.998419475690512,"Not Significant"
"ENO1",-0.0521443140467593,0.899482947857099,0.274483416229229,0.998419475690512,"Not Significant"
"VTI1A",-0.0529930812375245,0.899570381194351,0.16738949143206,0.861410095495095,"Not Significant"
"APBB3",0.0760668040108547,0.899844659976846,-0.0241875278399564,0.998419475690512,"Not Significant"
"KLHL12",-0.0518328455828271,0.900934128064091,0.197962320833796,0.69265497861691,"Not Significant"
"USP5",0.0838369626712744,0.900934128064091,-0.216199791525053,0.906608492274627,"Not Significant"
"CACYBP",-0.0581777244099884,0.901386711621186,0.104661134137885,0.998419475690512,"Not Significant"
"TRADD",0.0541865464522354,0.901386711621186,-0.134340626953226,0.998419475690512,"Not Significant"
"TFAM",0.0587189168002418,0.902027432678375,-0.148784030753591,0.998419475690512,"Not Significant"
"CXCL17",0.147149969891387,0.902027432678375,-0.198568121637004,0.583792845865603,"Not Significant"
"MFAP5",0.156930668606347,0.902507389004017,-0.254169696166783,0.744984064345224,"Not Significant"
"SAA1",-0.166254275028808,0.902674591993049,0.886855407096851,0.210904001530224,"Not Significant"
"PMF1",0.0724578094708432,0.905545365893265,-0.00723412072490022,0.998419475690512,"Not Significant"
"LGALSL",-0.0963908137712626,0.906032729321196,0.0686608783466391,0.998419475690512,"Not Significant"
"A2ML1",0.124087135467491,0.90614617930077,-0.202460520357502,0.515350664012769,"Not Significant"
"THAP11",0.0675292672205023,0.906330937476623,-0.0120856553827412,0.998419475690512,"Not Significant"
"CRTC3",-0.0515769126286726,0.906810683847507,0.00170492960116448,0.998419475690512,"Not Significant"
"SNCA",0.0942847292800546,0.90697692608181,-0.095918611881036,0.998419475690512,"Not Significant"
"MET",0.083565043725198,0.907299970440143,-0.00424701826345148,0.998419475690512,"Not Significant"
"ELK1",-0.0468897738325922,0.907336765121023,0.0693103217224439,0.998419475690512,"Not Significant"
"EZR",-0.0527093027410116,0.907336765121023,0.230442017132857,0.998419475690512,"Not Significant"
"TGM1",0.115602202454974,0.907530372362237,-0.0601324407527714,0.998419475690512,"Not Significant"
"HDAC8",-0.0742724217031558,0.907963897026384,0.12328403783604,0.998419475690512,"Not Significant"
"PRC1",-0.108137356963653,0.909002934672966,0.0148708950138122,0.998419475690512,"Not Significant"
"BLOC1S3",0.0658019172436139,0.909566295492113,-0.0619653060585552,0.998419475690512,"Not Significant"
"PGRMC2",-0.0672911481097234,0.910034163788595,0.0198493504727272,0.998419475690512,"Not Significant"
"SPATA33",0.0906983403998906,0.91016741080812,-0.254191944732877,0.474455026347285,"Not Significant"
"STAT5A",-0.0544165180410923,0.910308501132521,0.18021856194323,0.593517962616812,"Not Significant"
"COQ6",-0.0846255443637459,0.910308501132521,0.122581502592918,0.998419475690512,"Not Significant"
"XYLT2",0.0758525962444013,0.911119733892309,-0.106361211879667,0.958741895914764,"Not Significant"
"NDE1",0.0440186154813369,0.911119733892309,-0.107644990262502,0.83415514956057,"Not Significant"
"UBL7",0.066132061467944,0.911202882898708,-0.103048335568513,0.998419475690512,"Not Significant"
"TRAPPC5",-0.0994208093622828,0.911776684034494,0.0608792304623668,0.998419475690512,"Not Significant"
"PELO",0.060620906841139,0.911776684034494,-0.0137065066295585,0.998419475690512,"Not Significant"
"SOS1",0.0619218571694604,0.911978698609781,-0.00947883100083187,0.998419475690512,"Not Significant"
"CUL9",0.0612096690952021,0.912029094873388,-0.060963006798795,0.998419475690512,"Not Significant"
"ATP5F1B",-0.0514536451742431,0.912058075330356,0.121700402440597,0.998419475690512,"Not Significant"
"BLMH",0.078771907291494,0.91207903538846,-0.0247188544164331,0.998419475690512,"Not Significant"
"RPS12",-0.0637426688065461,0.912083251822611,0.147258606064222,0.998419475690512,"Not Significant"
"PPCDC",0.0878404769783497,0.912399891678868,-0.00693073727305594,0.998419475690512,"Not Significant"
"PBRM1",-0.0355350519701236,0.912399891678868,0.255231970224528,0.996694065903583,"Not Significant"
"ABL2",-0.055156916040354,0.912825840868154,0.173764653142676,0.577776069661935,"Not Significant"
"GPD1L",0.078081696472484,0.913793293333411,-0.066360755285095,0.998419475690512,"Not Significant"
"CEBPA",-0.0638274813671703,0.914459261636695,0.0507643868684158,0.998419475690512,"Not Significant"
"ATG7",-0.0644603943301314,0.915039192255404,0.0178790603240192,0.998419475690512,"Not Significant"
"EIF2B1",0.0574128228212458,0.915746032063861,-0.0918299938704969,0.998419475690512,"Not Significant"
"IFT20",0.0458607741889934,0.915746032063861,-0.104277666819447,0.998419475690512,"Not Significant"
"FAHD1",-0.0722535655090603,0.915985650215364,0.288812007374319,0.998419475690512,"Not Significant"
"KLK2",-0.11275653316569,0.916628632920434,0.109182087729417,0.998419475690512,"Not Significant"
"TRIM62",0.074119818697045,0.916628632920434,-0.00470691477758496,0.998419475690512,"Not Significant"
"MRPL52",-0.0836596158278623,0.916628632920434,0.0155163346210707,0.998419475690512,"Not Significant"
"STXBP4",-0.082739525676856,0.916817859258805,0.00886179000153559,0.998419475690512,"Not Significant"
"VAMP7",0.052598219280478,0.917340062333403,-0.64619284838708,0.96484128332814,"Not Significant"
"SGK3",-0.0470167431007587,0.917340062333403,0.0497270763019669,0.998419475690512,"Not Significant"
"DHX8",-0.0428769951798951,0.917340062333403,0.0922136750910622,0.998419475690512,"Not Significant"
"FRG1",0.0463960713854856,0.918472880751097,-0.06957115639781,0.998419475690512,"Not Significant"
"PLSCR3",-0.0718438183983997,0.918472880751097,0.0041970152651236,0.998419475690512,"Not Significant"
"GLUD1",0.0486144771050685,0.918472880751097,-0.0327994159847463,0.998419475690512,"Not Significant"
"FAM241A",0.0857739133952712,0.919022574812426,-0.0512234315480461,0.998419475690512,"Not Significant"
"GSTM1",0.145783720876822,0.919137988534145,-0.0414021567854951,0.998419475690512,"Not Significant"
"MORF4L1",0.0290564213238033,0.919333355796337,-0.0736161383676222,0.998419475690512,"Not Significant"
"DYNC1LI2",0.0372936282031215,0.920181112769542,-0.0534338347667915,0.998419475690512,"Not Significant"
"PROK2",0.101054651103139,0.920517122786704,-0.13257270816608,0.998419475690512,"Not Significant"
"CYTH4",0.0634349147819861,0.920642426328177,-0.00765743644073811,0.998419475690512,"Not Significant"
"CAND1",-0.0531752520381834,0.921112193171026,0.353676511459728,0.998419475690512,"Not Significant"
"SIGIRR",-0.0717431886747604,0.921400943568307,0.0539305031825876,0.993246420374571,"Not Significant"
"ARHGAP26",-0.0612420310707247,0.922000710405905,0.0935685811234875,0.998419475690512,"Not Significant"
"KCTD1",0.0958110048243802,0.922006327226352,-0.153588186604346,0.550566198150448,"Not Significant"
"NHLRC3",-0.0553937345346784,0.922132710230817,0.00936411987055998,0.998419475690512,"Not Significant"
"AKR1A1",-0.0516734932094136,0.922132710230817,0.31974543415914,0.998419475690512,"Not Significant"
"MAP1LC3A",-0.0707320926342479,0.922132710230817,0.114173532127581,0.998419475690512,"Not Significant"
"STK4",0.0527339562979365,0.922274997867325,-0.0370960023129071,0.998419475690512,"Not Significant"
"PCYOX1",-0.0726577097707521,0.922291881112957,0.41454219906961,0.982338295188849,"Not Significant"
"EPHA1",-0.0713769959185577,0.922533020772567,0.0326343156550982,0.998419475690512,"Not Significant"
"CARNMT1",-0.0637604119081599,0.9228044236674,0.261425531225619,0.767384076116731,"Not Significant"
"BMPER",-0.122789096690559,0.923046369285621,0.159677142486365,0.71955774706989,"Not Significant"
"SLC16A3",0.0593469185028744,0.923059696896109,-0.0114214568166099,0.998419475690512,"Not Significant"
"EEA1",-0.0384186821150082,0.923174340795582,0.0150091877259617,0.998419475690512,"Not Significant"
"MDH2",-0.0491331108001556,0.926798238357972,0.392734597990685,0.998419475690512,"Not Significant"
"TM2D1",-0.0345459196591006,0.926798238357972,0.0489104765580247,0.998419475690512,"Not Significant"
"CST3",-0.0602292351402022,0.928387287202243,0.138656595710614,0.998419475690512,"Not Significant"
"MAP4K1",-0.0758907744203936,0.92925635913744,0.469992143698756,0.699529867723275,"Not Significant"
"CSRP2",0.0715098242416673,0.929991560028221,-0.0891653039406328,0.998419475690512,"Not Significant"
"CFD",-0.0717253622809407,0.930097829802769,0.092095097904568,0.998419475690512,"Not Significant"
"CKS1B",0.0666891254891039,0.93066446992845,-0.00879597714411593,0.998419475690512,"Not Significant"
"ANXA7",0.0320823788023608,0.93066446992845,-0.389961660191477,0.906608492274627,"Not Significant"
"MMGT1",0.0424943191243209,0.930839242873897,-0.0133350474598503,0.998419475690512,"Not Significant"
"VAMP3",0.0484477474955525,0.93154323396528,-0.0307691812549596,0.998419475690512,"Not Significant"
"ITPKC",-0.0494512641501474,0.931551931687744,0.000128814034920005,0.998805706404385,"Not Significant"
"RGS16",0.0659329527698601,0.93159978511032,-0.0508016793499753,0.998419475690512,"Not Significant"
"RGS14",0.0477553171594958,0.932762176060697,-0.0128934427275867,0.998419475690512,"Not Significant"
"KMT2D",-0.0386134543433654,0.932762176060697,0.0282137745533239,0.998419475690512,"Not Significant"
"SMC3",-0.0344184739087072,0.932967830834707,0.520620138237623,0.998419475690512,"Not Significant"
"SBDS",0.0456965362507735,0.933034716882786,-0.0488397177528048,0.998419475690512,"Not Significant"
"RANBP3",-0.0326105259089267,0.933045849471853,0.195791813115249,0.998419475690512,"Not Significant"
"PACSIN2",-0.0382418924553168,0.933391572761302,0.110767657196442,0.998419475690512,"Not Significant"
"PPP1R10",-0.039294876671377,0.933712303817798,0.00225369078645377,0.998419475690512,"Not Significant"
"IKBKG",-0.0413765576280089,0.933712303817798,0.0569390647766824,0.998419475690512,"Not Significant"
"DHFR",-0.0530504756967454,0.934293528958136,0.070133330612167,0.998419475690512,"Not Significant"
"GRN",-0.0503140016856023,0.935224497161474,0.324073522718475,0.998419475690512,"Not Significant"
"SNAP23",-0.042915453653915,0.935224497161474,0.0628216624007513,0.998419475690512,"Not Significant"
"PSMD5",-0.0471895963371728,0.935224497161474,0.0226936986371765,0.998419475690512,"Not Significant"
"TXNL4A",-0.0417121080074752,0.935385714287199,0.00232855827955014,0.998419475690512,"Not Significant"
"REPS2",0.0472786524177879,0.935451868730279,-0.172767814773741,0.998419475690512,"Not Significant"
"ZFAND2B",-0.0318455350184307,0.935692805001841,0.0918041168121892,0.998419475690512,"Not Significant"
"S100A16",0.0824484709008122,0.936919047296288,-0.05304248069336,0.998419475690512,"Not Significant"
"IFRD1",0.0477417638194763,0.937200362083915,-0.00739835520711703,0.998419475690512,"Not Significant"
"ST6GALNAC1",-0.0801961987768313,0.937200362083915,0.0212172910561091,0.998419475690512,"Not Significant"
"SSU72",-0.023455789788687,0.937475663761513,0.210431611706935,0.96329381930457,"Not Significant"
"C6orf89",0.0313982462353332,0.937804802491905,-0.0409584927738439,0.998419475690512,"Not Significant"
"NDUFS4",0.0613965572885081,0.938297884545682,-0.0842811375137239,0.998419475690512,"Not Significant"
"LACTB2",0.0643559929203952,0.938967974147636,-0.0582848561018525,0.998419475690512,"Not Significant"
"DHX9",0.0304528120361397,0.940045077268862,-0.083390311118033,0.998419475690512,"Not Significant"
"COX7A1",0.0883853067356357,0.94013087356481,-0.0485284212260497,0.998419475690512,"Not Significant"
"SERAC1",-0.033561472438275,0.940497664818938,0.0215122883095336,0.998419475690512,"Not Significant"
"EHD1",-0.0528804701347028,0.94094609680503,0.360852721806199,0.990324172248275,"Not Significant"
"STARD10",0.0429711573864905,0.941049667423265,-0.0396556645752823,0.998419475690512,"Not Significant"
"RPSA",-0.0348742771473772,0.941791957414145,0.00130028535801836,0.998419475690512,"Not Significant"
"BPNT1",-0.0606086538458513,0.941791957414145,0.185024285486766,0.998419475690512,"Not Significant"
"PMM1",0.0499723965848514,0.941995383089895,-0.0274116169329343,0.998419475690512,"Not Significant"
"ASL",-0.0400243121134329,0.942105476904813,0.201913750337339,0.998419475690512,"Not Significant"
"SMAD4",0.0312161002548929,0.942105476904813,-0.0321608545461728,0.998419475690512,"Not Significant"
"ADGRF1",-0.0568927274476323,0.942992024256014,0.105958432936866,0.998419475690512,"Not Significant"
"PQBP1",0.0332042757116841,0.944018083988999,-0.0604391240476044,0.998419475690512,"Not Significant"
"CPD",0.0420243588034867,0.944146758038521,-0.0363560806750597,0.998419475690512,"Not Significant"
"COX19",0.0354500844784208,0.944824223792904,-0.202684200843459,0.826899092752479,"Not Significant"
"HAX1",0.0286151693237058,0.945401130518552,-0.0196484977419486,0.998419475690512,"Not Significant"
"TNFRSF10B",-0.036697045188532,0.945464488328056,0.00439681606183167,0.998419475690512,"Not Significant"
"USP12",0.0352277671215759,0.945539540376569,-0.103058716130911,0.998419475690512,"Not Significant"
"PDAP1",0.038024115179085,0.945922204635467,-0.224327892869194,0.998419475690512,"Not Significant"
"NBR1",-0.0216434685846207,0.945985301372744,0.138510421317669,0.781368446819726,"Not Significant"
"FASN",-0.0706797286601086,0.946544209981764,0.406095980759047,0.744542530843383,"Not Significant"
"SCRN3",0.0501605995456504,0.946834021553843,-0.0885948768000604,0.987022850306148,"Not Significant"
"NR1D1",0.0423658548840428,0.947744368625609,-0.0361020981720921,0.998419475690512,"Not Significant"
"ATXN3",-0.0375395286998439,0.949058772574558,0.0764595811801653,0.998419475690512,"Not Significant"
"TRIM28",-0.0270139104571919,0.949240804765323,0.204620531910075,0.998419475690512,"Not Significant"
"ARL2BP",-0.0465948192459062,0.950143820927288,0.167442274493384,0.998419475690512,"Not Significant"
"ATP5MF",-0.055080062133219,0.950655345522484,0.048057457555605,0.998419475690512,"Not Significant"
"PSMB2",-0.0309299890407794,0.950655345522484,0.589279356376041,0.342408595900573,"Not Significant"
"ARHGAP24",0.0398347001040876,0.95086507697425,-0.0263450594565993,0.998419475690512,"Not Significant"
"POLE2",0.0837714668174288,0.952064177763395,-0.0102673316120804,0.998419475690512,"Not Significant"
"NDUFAF5",-0.0561721105370921,0.952128179094214,0.00829652956049897,0.998419475690512,"Not Significant"
"RFC4",0.0482887176684395,0.952432063357582,-0.0788610591445663,0.998419475690512,"Not Significant"
"PLCG2",-0.0444699135320423,0.952432063357582,0.0986398467100583,0.998419475690512,"Not Significant"
"ALDOA",-0.0267313458687794,0.953936136366207,0.483477774201778,0.998419475690512,"Not Significant"
"PAFAH1B3",-0.0536048301861863,0.954648733122382,0.174201187604205,0.998419475690512,"Not Significant"
"GULP1",-0.0589629289280918,0.954829487624521,0.0973559496022699,0.998419475690512,"Not Significant"
"BARD1",-0.0434113103435687,0.955248685932278,0.020150643110259,0.998419475690512,"Not Significant"
"RPS14",-0.0286554496955728,0.955674022504957,0.158127531083712,0.998419475690512,"Not Significant"
"IGFBP4",-0.04480552880688,0.956192914884761,0.211116417026989,0.998419475690512,"Not Significant"
"DUS2",-0.0466858336722891,0.956506932519683,0.107033847111883,0.998419475690512,"Not Significant"
"CXCL6",0.056661845497689,0.956506932519683,-1.20598519191931,0.166270264751264,"Not Significant"
"BPTF",-0.0173362573905827,0.956506932519683,0.0110751577821847,0.998419475690512,"Not Significant"
"SMURF1",0.0224349746300837,0.956506932519683,-0.122008725826924,0.885933373593249,"Not Significant"
"GOLM1",0.0346211148235127,0.956506932519683,-0.661193812766815,0.342523497810336,"Not Significant"
"PECR",-0.0369865418841232,0.956506932519683,0.0152036199698912,0.998419475690512,"Not Significant"
"ACTN1",-0.021605649846618,0.956587767919822,0.438104251029569,0.853216168095328,"Not Significant"
"GORAB",-0.0418249047570246,0.957780765584152,0.0386958343197799,0.998419475690512,"Not Significant"
"CPOX",0.0362100258142826,0.958020514837932,-0.017215386160912,0.998419475690512,"Not Significant"
"YTHDC1",-0.0209618574116067,0.958341468292799,0.117274065476984,0.998419475690512,"Not Significant"
"IMPDH1",-0.0258502198817508,0.959031790956765,0.0840128547913617,0.998419475690512,"Not Significant"
"HSD11B1",0.0502497093111582,0.95944172543594,-0.0149818199843007,0.998419475690512,"Not Significant"
"C1S",-0.0517755610178503,0.959784463013115,0.630826177041599,0.543548945616488,"Not Significant"
"TMEM52B",-0.055867912633162,0.959784463013115,0.143802860033977,0.998419475690512,"Not Significant"
"POLI",-0.032157578034633,0.959784463013115,0.0160564642320287,0.998419475690512,"Not Significant"
"SVIP",-0.0449198962311828,0.960128789396928,0.0293035993338794,0.998419475690512,"Not Significant"
"RTRAF",-0.0184918289940062,0.960661501941293,0.100003959344931,0.998419475690512,"Not Significant"
"TACC3",0.023748480618137,0.960808501192964,-0.0252561935903731,0.998419475690512,"Not Significant"
"NUDT5",-0.0301688132160316,0.961320660869642,0.0351836391503317,0.998419475690512,"Not Significant"
"GRAMD2B",-0.0445860957682182,0.961626637156238,0.116923110214916,0.998419475690512,"Not Significant"
"NR4A1",0.0349082616364801,0.961675786915774,-0.038880312658771,0.998419475690512,"Not Significant"
"GALK1",-0.026097965594874,0.961675786915774,0.158778851962529,0.998419475690512,"Not Significant"
"SAR1B",-0.0197079107181188,0.961729538988344,0.0508817024234079,0.998419475690512,"Not Significant"
"PLEKHO2",-0.0274012311408068,0.961759158661835,0.103812365613789,0.998419475690512,"Not Significant"
"EIF2AK4",-0.0275662417250118,0.961860143158352,0.151225789539389,0.998419475690512,"Not Significant"
"HNRNPH1",-0.0151937749974025,0.961906068788536,0.0574259935992451,0.998419475690512,"Not Significant"
"AACS",-0.0369688830968464,0.961929016094809,0.389982780105512,0.653028715766797,"Not Significant"
"MTMR1",-0.0207228180925018,0.961929016094809,0.00342994347575688,0.998419475690512,"Not Significant"
"TAGLN2",0.0185332369775823,0.961980610595103,-0.211850273230856,0.998419475690512,"Not Significant"
"MRPL21",-0.0343075354372761,0.962355265109228,0.127976793596218,0.998419475690512,"Not Significant"
"RPRD1B",-0.0267859681392772,0.962472754256285,0.0198430231457913,0.998419475690512,"Not Significant"
"SDSL",-0.0309652600414237,0.963464958197968,0.0349191174065559,0.998419475690512,"Not Significant"
"JDP2",-0.0257740066429932,0.963464958197968,0.00497018201519687,0.998419475690512,"Not Significant"
"CAB39L",0.0290599131981492,0.963905906727258,-0.524474719623627,0.688286929981576,"Not Significant"
"NPL",-0.0252325709902598,0.964649728634987,0.129619672959755,0.899904387831016,"Not Significant"
"TREM1",0.0245937240921837,0.965000009038332,-0.0229040187020033,0.998419475690512,"Not Significant"
"PFDN2",0.0275740441673354,0.965276210104615,-0.0355295379210002,0.998419475690512,"Not Significant"
"CD83",0.0344420197940418,0.966687268859258,-0.049663517790315,0.998419475690512,"Not Significant"
"GLIPR1",-0.0212279650831263,0.967200258830874,0.0177979320129575,0.998419475690512,"Not Significant"
"ING4",-0.0231946190655252,0.968194967644994,0.0117754270183629,0.998419475690512,"Not Significant"
"SH3BP2",0.020312941498823,0.969115830785455,-0.0330563000856153,0.998419475690512,"Not Significant"
"JUN",0.0247372990374837,0.969622548570371,-0.081090811826822,0.998419475690512,"Not Significant"
"IGF2R",-0.0181864187108213,0.970825036190259,0.281719508334448,0.595628154734049,"Not Significant"
"LTO1",0.0269221857208405,0.970825036190259,-0.0246628871355659,0.998419475690512,"Not Significant"
"WBP2",0.0144714985086622,0.974107139518297,-0.0542856993410528,0.998419475690512,"Not Significant"
"TBC1D22B",-0.0146266754408756,0.975699759759525,0.157812593302651,0.702213458755182,"Not Significant"
"AZGP1",0.0400573922764014,0.975745777642092,-0.0165911661139693,0.998419475690512,"Not Significant"
"SENP1",-0.0157970793153351,0.976235197391995,0.257373265058822,0.960940008943582,"Not Significant"
"DNAJB1",0.0248789920922947,0.97691619975495,-0.224499336640231,0.998419475690512,"Not Significant"
"TXNDC15",0.0176405941324428,0.977652325142357,-0.00419542400363584,0.998419475690512,"Not Significant"
"POLR2K",-0.0229359605554464,0.977710078867932,0.0431403784538028,0.998419475690512,"Not Significant"
"MMACHC",-0.0221527932309627,0.978042187583427,0.421247461098265,0.857501682187315,"Not Significant"
"MYL5",0.0194016516293603,0.978169010296224,-0.0289378998770028,0.998419475690512,"Not Significant"
"ATXN10",0.0147510908632436,0.97821585399025,-0.0450653593106274,0.998419475690512,"Not Significant"
"KCTD2",-0.0140549619235799,0.97821585399025,0.250026734120734,0.761031800787922,"Not Significant"
"HIP1R",0.0204132378923114,0.978333874032867,-0.151418358562521,0.928775506569602,"Not Significant"
"PNKP",-0.0179376008553231,0.978333874032867,0.252259567826593,0.998419475690512,"Not Significant"
"LSMEM1",-0.0239109804155817,0.978621482943083,0.0338827594219112,0.998419475690512,"Not Significant"
"EVI2A",-0.0215021780018662,0.978758676805686,0.0256704448628242,0.998419475690512,"Not Significant"
"ID1",-0.0269430205827361,0.979029151691519,0.060117657922081,0.998419475690512,"Not Significant"
"PRRG4",0.0137691418115395,0.979029151691519,-0.0162808054153234,0.998419475690512,"Not Significant"
"ZHX1",-0.0200421780157948,0.979077537115052,0.0166330210958282,0.998419475690512,"Not Significant"
"ILKAP",0.0169642584113961,0.979077537115052,-0.0651322511890133,0.998419475690512,"Not Significant"
"SGTA",-0.00998705932350083,0.979810846338915,0.072135951201581,0.998419475690512,"Not Significant"
"ANXA1",-0.0141871906970466,0.980416466037606,0.196394948218704,0.998419475690512,"Not Significant"
"PDP1",-0.0124030448000469,0.980548750092514,0.102834613918179,0.998419475690512,"Not Significant"
"DIDO1",-0.00831680367354533,0.98065433020737,0.0502763524860326,0.998419475690512,"Not Significant"
"ADA2",-0.0148676253187972,0.980733411584864,0.152567731241621,0.998419475690512,"Not Significant"
"TRMT6",-0.0152144034655058,0.981342243359121,0.264580978377045,0.857501682187315,"Not Significant"
"YEATS4",0.0221209425949817,0.981342243359121,-0.0635853675774633,0.998419475690512,"Not Significant"
"ERP29",-0.0134097560979686,0.981703280575596,0.235627351835763,0.998419475690512,"Not Significant"
"PSTPIP1",-0.0162426758637224,0.98200486062742,0.342375359679509,0.773746887382184,"Not Significant"
"KCTD17",-0.0187719394917934,0.98208048663315,0.257053669465976,0.715509825856095,"Not Significant"
"PSMD9",0.00967221064345608,0.982660790220411,-0.00321853991655421,0.998419475690512,"Not Significant"
"SIRT2",-0.00942826906065308,0.982661347676242,0.115573027824853,0.998419475690512,"Not Significant"
"FGFBP1",-0.025936058101802,0.982781998374077,0.472864110850789,0.305744440858904,"Not Significant"
"RABEPK",-0.0143655117161472,0.982781998374077,0.0413513794165754,0.998419475690512,"Not Significant"
"RTF2",-0.0122860280004258,0.982781998374077,0.675576656301207,0.635259964953991,"Not Significant"
"IGFBP7",0.0189130824299074,0.982820701183151,-0.938054263440362,0.133662137446853,"Not Significant"
"TBC1D5",0.00788850361745438,0.982820701183151,-0.00789861064782916,0.998419475690512,"Not Significant"
"PGAM1",-0.0100678650334162,0.983345869563057,0.323801567608387,0.998419475690512,"Not Significant"
"CUTA",0.0182521555350596,0.983793774094201,-0.0682329995056405,0.998419475690512,"Not Significant"
"AZIN1",-0.00911602888779157,0.98488326198183,0.0233617786266413,0.998419475690512,"Not Significant"
"C2",-0.0137581090787858,0.985401166257746,0.41129170143772,0.857501682187315,"Not Significant"
"TMPRSS11B",0.0172761009258289,0.985814658764328,-0.139275622156004,0.617812696158297,"Not Significant"
"SENP2",0.00933603615470911,0.985814658764328,-0.0551502242030959,0.998419475690512,"Not Significant"
"EPHB1",0.0201326798659095,0.986028432226167,-0.0810000058372123,0.966961547562754,"Not Significant"
"LY75",0.0102450540967009,0.986030593866311,-0.690559393638876,0.375509918535515,"Not Significant"
"VPS9D1",0.013560822056107,0.986179803393276,-0.00917650527716743,0.998419475690512,"Not Significant"
"RELL1",0.00902946121961047,0.986330662602146,-0.106033867201978,0.977028140171628,"Not Significant"
"HMBS",0.0146644366980525,0.987270304696774,-0.169624427666093,0.998419475690512,"Not Significant"
"TRAPPC2",0.00990103822165671,0.987270304696774,-0.0179855200481141,0.998419475690512,"Not Significant"
"CBLN2",-0.020955311787753,0.987344237617526,0.0307553469589331,0.998419475690512,"Not Significant"
"MAPRE1",-0.00646212787727369,0.988052033380281,0.219916177969939,0.998419475690512,"Not Significant"
"TMED2",0.00865489785353495,0.988052033380281,-0.0271713748848894,0.998419475690512,"Not Significant"
"SNX15",0.00855547488611769,0.989132125896407,-0.310814598821244,0.998419475690512,"Not Significant"
"ECI1",-0.0103660589235837,0.989167233147275,0.158647615244711,0.998419475690512,"Not Significant"
"TPD52L2",-0.00569010215217517,0.990575536249251,0.20167464286243,0.998419475690512,"Not Significant"
"GTF2I",0.00460635442518503,0.990650513356436,-0.0106125517004664,0.998419475690512,"Not Significant"
"KIF3C",-0.00874572987460261,0.990744646269791,0.049730132361284,0.998419475690512,"Not Significant"
"MEIG1",0.0181673805185165,0.991067518289886,-0.00508392667131345,0.998419475690512,"Not Significant"
"USP22",0.00639921920451477,0.991829702190906,-0.0643581646004708,0.998419475690512,"Not Significant"
"NFYA",0.0057015788918742,0.991829702190906,-0.0518872838053308,0.998419475690512,"Not Significant"
"CHMP6",-0.00728346364192544,0.991829702190906,0.252184311757594,0.998419475690512,"Not Significant"
"INPP5A",0.00660520521409841,0.992364094092253,-0.036123122102511,0.998419475690512,"Not Significant"
"HECTD3",0.00553645042552867,0.992627611958795,-0.114161226908184,0.998419475690512,"Not Significant"
"QTRT2",-0.00466960892216918,0.993527460295739,0.117226060251952,0.998419475690512,"Not Significant"
"TNNT3",-0.0100844290578235,0.99398005562178,0.0516724433320224,0.998419475690512,"Not Significant"
"METRNL",-0.00447605930289113,0.994584380333592,0.0364078846376383,0.998419475690512,"Not Significant"
"CD44",0.0049799000610047,0.995058392652656,-0.0337059099963357,0.998419475690512,"Not Significant"
"AP1AR",-0.00446153506017233,0.995098591651938,0.255558848437643,0.998419475690512,"Not Significant"
"GHDC",-0.0049263834724989,0.995312551170306,0.0754679646837729,0.998419475690512,"Not Significant"
"NFE2L1",0.00350916402000576,0.995507773147594,-0.248600015189512,0.827327785382536,"Not Significant"
"KEAP1",-0.00405135493273621,0.995507773147594,0.0388893677017499,0.998419475690512,"Not Significant"
"NUDT16L1",-0.00494019261811729,0.99609874874664,0.0631574934096664,0.998419475690512,"Not Significant"
"AMT",0.00423611646436329,0.996248953157761,-0.00797569240096146,0.998419475690512,"Not Significant"
"HSCB",-0.00634326921396247,0.996248953157761,0.0633727394233544,0.998419475690512,"Not Significant"
"ISOC1",-0.00474243752067906,0.996248953157761,0.0790853153685505,0.998419475690512,"Not Significant"
"SQSTM1",-0.00357588746991736,0.996366347696657,0.0167742975286993,0.998419475690512,"Not Significant"
"TOLLIP",0.0027559956627244,0.996415032819787,-0.145630269502432,0.998419475690512,"Not Significant"
"CARD9",-0.00410341882490984,0.996500990615715,0.180141857785012,0.853216168095328,"Not Significant"
"TP53",-0.00254106988474174,0.997702899553841,0.045685627768968,0.998419475690512,"Not Significant"
"TXNDC12",-0.00186122671086378,0.997702899553841,0.195046839652252,0.994306542239506,"Not Significant"
"CHKB",0.00205297693012055,0.997702899553841,-0.15842028983279,0.781368446819726,"Not Significant"
"SUDS3",0.00122767669228045,0.998592085941021,-0.0597207971984223,0.998419475690512,"Not Significant"
"SUMO4",-0.00110730010994208,0.99926383237865,0.224559686485452,0.966961547562754,"Not Significant"
"STYX",-0.000347221918081004,0.999628778030348,0.212021845386809,0.883038900315944,"Not Significant"
"MAZ",-0.000208736380071792,0.999879125679949,0.00169052604424789,0.998419475690512,"Not Significant"
