"","gene_symbol","log2FC_RNA","padj_RNA","log2FC_protein","padj_protein","r_all","r_Control","r_LRTI","delta_r_LRTI_Control"
"1","CCDC24",-0.477552723084649,0.394277916088067,0.0319357555129491,0.998419475690512,0.0519035048358207,0.59243949096882,-0.185486453355272,-0.777925944324093
"2","LANCL1",-0.419267857798467,0.499359607993952,-0.3886344225572,0.853216168095328,0.0450104624532613,0.471649983997027,-0.258836416227691,-0.730486400224718
"3","GCHFR",-1.69166098856974,0.0120159069565711,-0.446082289356344,0.813379694366864,0.344776000902753,0.721993894408403,0.0285332132288925,-0.693460681179511
"4","HAGH",-0.365072258345408,0.250153588137772,-0.00557263241996364,0.998419475690512,-0.0136982207476146,0.48011844446073,-0.208601584370913,-0.688720028831643
"5","BASP1",0.182869801651943,0.725171089945284,0.199372428560259,0.998419475690512,0.215970975576866,-0.279320121878715,0.396552211403686,0.675872333282401
"6","ABRAXAS1",-0.210750660965748,0.697067778251725,-0.0340516818470338,0.998419475690512,0.0454240114998161,-0.373646939542133,0.301975630288911,0.675622569831044
"7","NIT2",-0.393136849130997,0.489630319614297,-0.0768449724051607,0.998419475690512,-0.0205851481631647,0.391459951268056,-0.28162571247102,-0.673085663739077
"8","GIMAP6",1.95448871804002,4.76931783080588e-05,0.148733540859808,0.726670319561975,0.390794216486877,-0.165965343413541,0.505684148186171,0.671649491599712
"9","CD72",0.263918233540284,0.691545218551406,0.0118600912006218,0.998419475690512,0.211430556800218,-0.256863998188977,0.414627389372596,0.671491387561572
"10","MAPRE1",-0.00646212787727369,0.988052033380281,0.219916177969939,0.998419475690512,0.0613789778339025,-0.383107717595012,0.276204370420222,0.659312088015234
"11","GLA",0.197109701194058,0.73355192476537,-0.13908408572954,0.595628154734049,-0.1366725474652,-0.501306425397721,0.157893021552991,0.659199446950712
"12","C1QC",-0.68912660898993,0.355742712948472,0.323065280452323,0.727916443716349,-0.00662078224496932,0.445953906900274,-0.212974981097713,-0.658928887997987
"13","TADA3",-0.0939872320594216,0.751617275092623,0.169719464336232,0.832343405187712,0.244213606071824,-0.238330748358998,0.418810227336288,0.657140975695286
"14","LDB1",0.134726833489639,0.635839653003197,-0.029750890177014,0.998419475690512,0.0672452647977256,-0.366686664461649,0.289185017349209,0.655871681810857
"15","CCL8",4.00096145514428,0.00456923054538259,0.890623084640164,0.0100940521362388,0.755812376145433,0.0704703413215208,0.722932595998185,0.652462254676664
"16","MAP2K3",0.141520884422179,0.740179832413654,-0.00101499303171251,0.998419475690512,0.0445383867921085,0.50890793428172,-0.140876815754033,-0.649784750035753
"17","TINF2",0.178072423924632,0.57404827166746,-0.0276989088058352,0.998419475690512,0.05486446070398,0.49600043604115,-0.147121127265631,-0.64312156330678
"18","AMN",0.101696285545251,0.913967256480479,0.0415383585652529,0.998419475690512,0.0191636694986038,-0.452922268192746,0.189175677314947,0.642097945507693
"19","NANS",-0.0655113546945908,0.855673960128953,0.272039924384839,0.998419475690512,0.154514015846038,0.572029270485253,-0.0699955132083986,-0.642024783693652
"20","ARL5A",-0.351330174926173,0.329215663405961,-0.0169540205340085,0.998419475690512,0.181027374554294,-0.26521083890935,0.372091549233008,0.637302388142358
"21","PLTP",-0.127594265243959,0.854640693619522,0.127157545851645,0.998419475690512,0.0431768527822838,0.464172784112556,-0.172001336885125,-0.636174120997681
"22","UBLCP1",-0.00620100302769414,0.991727020920172,-0.256940663474881,0.998419475690512,-0.00804334755120038,-0.428226942753444,0.204117077235735,0.632344019989179
"23","FHIT",-0.323390620051752,0.73301760859927,-0.395432334286453,0.818970386642779,0.072856887560347,0.460812492390486,-0.170043414462327,-0.630855906852813
"24","ARL5B",0.701235899870571,0.13190892665732,0.319596570062822,0.853246595165932,-0.0170964269378093,-0.467768804063313,0.161845469888774,0.629614273952087
"25","GRN",-0.0503140016856023,0.935224497161474,0.324073522718475,0.998419475690512,0.0982834842338833,0.446646851008834,-0.177546727432244,-0.624193578441078
"26","ENG",-0.457935977743779,0.253350561234055,0.0251174837705332,0.998419475690512,0.0614502641393634,0.494732900975324,-0.128425025749426,-0.62315792672475
"27","SCIMP",0.224495603489253,0.605202419308557,-0.0495909165778358,0.998419475690512,-0.198353134375229,0.223633971470378,-0.395631702578486,-0.619265674048863
"28","PDXK",-0.0653223210511008,0.844962489301374,0.0469807425265221,0.998419475690512,-0.0511984343385778,-0.506129920058149,0.108497361849342,0.614627281907491
"29","AZIN1",-0.00911602888779157,0.98488326198183,0.0233617786266413,0.998419475690512,-0.0239522031257543,0.356466897991134,-0.257084388117105,-0.613551286108239
"30","C2",-0.0137581090787858,0.985401166257746,0.41129170143772,0.857501682187315,-0.0852204910630943,0.301756660153587,-0.311364405697647,-0.613121065851234
"31","SMPDL3A",1.22595612754118,0.00500509021778165,0.0691207287323963,0.998419475690512,-0.0143648343816854,-0.473549454256657,0.139168390068792,0.612717844325449
"32","NDST1",-0.175186227046811,0.697067778251725,0.116900134354075,0.998419475690512,-0.0577551196041437,0.335741206053404,-0.27187516286028,-0.607616368913684
"33","TGM2",-0.943916733625442,0.0151637210520136,0.0389713292495271,0.998419475690512,0.155355214289047,0.551913193337996,-0.0547975204377207,-0.606710713775717
"34","JPT1",0.27909154375076,0.339976904177023,0.0408823646844117,0.998419475690512,0.0100479101797216,-0.36085987267787,0.241482456619398,0.602342329297268
"35","PRKCZ",-0.329791535163917,0.674585102596752,0.107488049266452,0.998419475690512,-0.00498445010452009,0.410588485736473,-0.191243160569083,-0.601831646305556
"36","TGM3",-0.353638065595357,0.731747962466952,-0.983978200302926,0.289253029107103,0.140036864291743,-0.290314524111108,0.309495591844735,0.599810115955843
"37","GAA",-0.595342327829178,0.0538534860554467,0.0334295691326914,0.998419475690512,0.160442982337309,0.5148114300734,-0.0844109260905122,-0.599222356163913
"38","BCAM",-0.751110510859147,0.234686091466007,-0.00279765336778349,0.998419475690512,0.10560744654604,-0.328394341321961,0.269805983425711,0.598200324747672
"39","CTSD",-0.469284940766429,0.319816790821781,0.250426230575826,0.998419475690512,0.0987211977043212,0.482340641456454,-0.114368626065814,-0.596709267522268
"40","CD63",0.17445479199513,0.608545151130842,0.124046106666626,0.888876320159086,0.00910520348227349,-0.438055714540601,0.156546857206656,0.594602571747257
"41","FUT2",-0.311946262140906,0.682376898303322,-0.0344987603976772,0.998419475690512,-0.0471781200232186,-0.456969780920824,0.132627022484337,0.589596803405161
"42","KCTD17",-0.0187719394917934,0.98208048663315,0.257053669465976,0.715509825856095,0.144966955959811,0.540844201378843,-0.0475254084292435,-0.588369609808086
"43","OLR1",-0.562587555934833,0.246667112125593,-0.10786470667398,0.998419475690512,0.122511513407401,-0.297999478378012,0.288857004515109,0.586856482893122
"44","GUSB",-0.332641481643243,0.28033383662197,-0.126876128600301,0.998419475690512,0.0908240286369191,0.516939706366719,-0.066698145836026,-0.583637852202745
"45","SIGIRR",-0.0717431886747604,0.921400943568307,0.0539305031825876,0.993246420374571,-0.120408396764832,-0.488654601400257,0.0931825173757592,0.581837118776016
"46","SIAH1",-0.15767884552914,0.645143178012631,0.119059980299011,0.666731253528176,-0.196581639477035,0.28224048261617,-0.293593695357027,-0.575834177973197
"47","NR4A1",0.0349082616364801,0.961675786915774,-0.038880312658771,0.998419475690512,-0.0234035000935551,0.364168466746416,-0.205571590555398,-0.569740057301814
"48","EVA1C",-1.10848236297942,0.0322166762928835,0.0294211662648967,0.998419475690512,-0.0222817389357121,-0.386825716228777,0.182132515277488,0.568958231506265
"49","CAMP",-0.822399319623244,0.214378043398749,0.19504689623669,0.998419475690512,0.0449778920237577,-0.288823967738803,0.278325093646775,0.567149061385578
"50","POLE2",0.0837714668174288,0.952064177763395,-0.0102673316120804,0.998419475690512,-0.0511705685304901,-0.387789168738789,0.1787594804589,0.566548649197688
"51","PMM1",0.0499723965848514,0.941995383089895,-0.0274116169329343,0.998419475690512,0.01569233058858,0.353661008190043,-0.21197403624406,-0.565635044434103
"52","RPAIN",-0.187478469472891,0.697099325231865,-0.01254620349208,0.998419475690512,-0.0618329003286209,-0.425443646335093,0.140128951653945,0.565572597989038
"53","VAT1",-0.635888893828602,0.108214973873721,0.333968827186234,0.998419475690512,0.0381053053482713,0.412882473848409,-0.152635543643367,-0.565518017491776
"54","ACP5",-0.874640607172834,0.13000500695715,-0.526693475957433,0.702660476954124,0.607742555996121,0.82242830152433,0.259216091804746,-0.563212209719585
"55","CCL5",1.43556115015538,0.00146454451628683,0.34246560145613,0.436549411138318,0.481292338613227,0.0474040504420069,0.610562761290837,0.56315871084883
"56","LY75",0.0102450540967009,0.986030593866311,-0.690559393638876,0.375509918535515,0.148089248601615,0.472776101788847,-0.0901496747934188,-0.562925776582265
"57","FTH1",-0.088012990664753,0.850846313907625,-0.206048917845648,0.879850494349592,-0.0303713616261991,-0.285266388179901,0.274490099824415,0.559756488004316
"58","PLIN3",-0.0456077596990943,0.898463554098768,-0.030772899052153,0.998419475690512,-0.0620923106019946,-0.470973379602333,0.0877133293033788,0.558686708905712
"59","BTG2",0.414330222447905,0.282858565485519,-0.0632601324452857,0.998419475690512,0.101048505508524,0.509670723948538,-0.0463006929773053,-0.555971416925844
"60","SAT2",0.467795969998822,0.253741921733006,0.189308274124652,0.844219646885179,0.0907806483993144,-0.365816229028229,0.189668757484257,0.555484986512486
"61","PTP4A3",0.248809937660054,0.656665628926993,-0.0388163926925107,0.998419475690512,-0.0214619127781224,0.318938982440078,-0.236027685037232,-0.55496666747731
"62","APOC2",-2.07835509847769,0.00556787277678486,-0.0336282653547356,0.998419475690512,-0.0839823372566266,-0.444982019128571,0.109015323803027,0.553997342931599
"63","RBM17",-0.239002174280447,0.469974942421776,0.172618071800061,0.998419475690512,0.047358838115782,-0.368585190219284,0.184474975160246,0.55306016537953
"64","LAG3",1.84172091958571,0.00431521119060515,0.0892528614169131,0.998419475690512,0.284637203117512,-0.166553302653288,0.384319207795122,0.550872510448409
"65","CSF1",0.70003504070661,0.101787142771127,0.13475917100651,0.988693611948736,0.153672905869784,0.520869865350043,-0.0279389600233177,-0.548808825373361
"66","POLM",-0.323676007771297,0.349148185482494,-0.108773167513312,0.844219646885179,0.0254239575431032,-0.344279186210957,0.204069838289119,0.548349024500075
"67","CCL3",1.11485245682881,0.027683388119506,-0.0919219330456191,0.998419475690512,0.0386240223497411,0.468005594479097,-0.0784492856883564,-0.546454880167453
"68","EHD1",-0.0528804701347028,0.94094609680503,0.360852721806199,0.990324172248275,-0.0333834983255984,-0.3991881374421,0.147222566655406,0.546410704097506
"69","ALDH3B1",-0.250061771384522,0.510107310902767,-1.00312092221886,0.00182632217962132,0.343468314833817,0.54148804020639,-0.00365452674031616,-0.545142566946706
"70","CASS4",-0.128408628489882,0.85531517311779,0.00285932602533126,0.998419475690512,0.123805496926535,-0.279676167083939,0.264383073849654,0.544059240933593
"71","RAB5A",0.387079615769724,0.17260114073087,0.120463989906181,0.998419475690512,0.044180330972445,-0.344356582779436,0.199317376806344,0.54367395958578
"72","QKI",0.354244228531444,0.180080854604851,-0.013014282685702,0.998419475690512,0.150713690105201,0.551669408606016,0.0112922484063613,-0.540377160199655
"73","APOC1",-2.38396005686173,0.000159542487294905,0.337990339417718,0.998419475690512,-0.0882346205661534,0.296140315485128,-0.242012672205409,-0.538152987690537
"74","SLAMF7",1.90422350540449,0.000322909079038451,-0.303075556752348,0.29774321937391,-0.216710286080694,-0.377542468509683,0.160275195181229,0.537817663690911
"75","ITPA",-0.520738367744018,0.261515974137395,0.0705664087347358,0.998419475690512,-0.102670812879907,0.260834138491362,-0.274292945341786,-0.535127083833149
"76","FOXM1",-0.0995389060459868,0.900199472415268,-0.212637527269893,0.844219646885179,0.0944369828001406,0.413275272228126,-0.119673396353583,-0.532948668581709
"77","ATP1B3",-0.158672102746467,0.713260413435397,0.234628960369221,0.849533369989811,0.0501065249390034,-0.328375437746461,0.203332453313302,0.531707891059763
"78","FMR1",0.576996914750964,0.0106652910354932,0.0287827487964689,0.998419475690512,0.093196301877308,-0.356505206978266,0.174305689637283,0.530810896615549
"79","CX3CL1",0.192905957244046,0.814075991996608,0.190869763242087,0.873362904078878,0.195271477474754,-0.165654597497147,0.364342727054097,0.529997324551243
"80","PAK4",-0.43149434309079,0.316953623307095,-0.0846142649283251,0.998419475690512,0.160228287146578,0.498780254975932,-0.0311909196936883,-0.52997117466962
"81","MNDA",1.12368259099608,0.00501438658296926,0.446514856278609,0.998419475690512,0.0410159828562948,-0.428844747462095,0.0987173952773262,0.527562142739421
"82","SMURF2",-0.306286427218963,0.537340383703,0.140507744424939,0.767643909690772,-0.11787166955554,0.22013289461707,-0.30724301836997,-0.52737591298704
"83","GZMH",1.52754861760771,0.058028172425133,0.0612312511865097,0.998419475690512,0.121817259819857,-0.294034044167949,0.232504433394021,0.526538477561971
"84","CXCL9",2.64639401880489,0.000225013543573843,0.148021037941458,0.995158784051307,0.595213400960916,0.211817410387851,0.73809084666761,0.526273436279758
"85","PLBD1",0.222784965799792,0.660263824491245,0.112042692147644,0.998419475690512,0.288627944132827,-0.107981408569709,0.41827311346457,0.52625452203428
"86","HINT1",-0.30477995437283,0.515446919373292,-0.143722252812182,0.998419475690512,0.263294464175226,0.580663759491624,0.0573436454446631,-0.523320114046961
"87","SEC61G",-0.0480068693385785,0.957828996785399,-0.0906621190323671,0.998419475690512,-0.0589458381557541,0.271683920598351,-0.24968965743412,-0.521373578032471
"88","DDIT4",-0.24105803526954,0.640260425790525,0.0226925855777464,0.998419475690512,0.112022685844524,0.452949713189612,-0.0679852064794045,-0.520934919669016
"89","YWHAH",0.0140423769973357,0.977270749492958,0.0522481810809441,0.998419475690512,-0.0895852250454171,0.241450702409066,-0.277781666582162,-0.519232368991228
"90","HSD17B10",0.0334068602495195,0.956947810325466,0.278522937191074,0.879850494349592,0.119709403137034,0.480675300165119,-0.0361411538754556,-0.516816454040574
"91","STAMBPL1",1.5802137363031,0.00521280874332121,0.197783683209664,0.575651785302824,0.00800322319383622,0.285895023447394,-0.229130788164888,-0.515025811612281
"92","NOMO2",-0.590219342465838,0.0334574314796001,0.289846902076008,0.998419475690512,-0.193323213315936,0.221968666429889,-0.292460034250623,-0.514428700680512
"93","CASP2",-0.0249907071286524,0.958320169321671,-0.0982831928677961,0.998419475690512,0.0298428411971862,-0.357148793579893,0.156444196177803,0.513592989757695
"94","ST3GAL1",0.0987993111827187,0.765562725403082,-0.0966746511141765,0.712002983900469,-0.0213733521721176,-0.294589843839494,0.218503338313365,0.51309318215286
"95","GALNT14",1.42994892106177,0.0173878166144475,-0.0893292377082064,0.96484128332814,-0.0908606484747321,-0.323761763015885,0.187275942625277,0.511037705641162
"96","TDP1",-0.184832342087963,0.716875360001776,0.207805616736437,0.998419475690512,-0.148708094758171,0.243757982519999,-0.266978843447822,-0.510736825967821
"97","TTC9",-0.11083086898071,0.875868560604017,0.0858506018325593,0.998419475690512,0.0942346663760598,0.470648526797749,-0.0388228332720574,-0.509471360069807
"98","MRPL33",-0.469202762574005,0.383639273053989,-0.108991677224079,0.998419475690512,-0.119600686957353,-0.493892940420113,0.0148032208920736,0.508696161312186
"99","GPX3",-0.171422195163368,0.789320760463392,0.0928756597950373,0.998419475690512,-0.0632673390253628,-0.4242994275982,0.084147509515638,0.508446937113838
"100","FBP1",-1.28501892300389,0.00773587097225939,0.125849913708891,0.998419475690512,0.140577921328309,0.451392060317372,-0.0567332345224031,-0.508125294839775
"101","NAT1",0.113868063346372,0.868305052896497,0.028809688670561,0.998419475690512,0.0817949131265659,0.387088040707478,-0.120697200720893,-0.507785241428371
"102","FCGRT",-0.503518893068703,0.113886430315697,-0.249653598564941,0.998419475690512,0.127883186543856,0.445764729062436,-0.0612053332602621,-0.506970062322698
"103","SPA17",-0.926602505031189,0.105453717048422,-0.301492647381191,0.54857359154578,0.413227952499384,0.671228531329711,0.165188445293354,-0.506040086036357
"104","OCLN",-0.463647323217721,0.417919551318605,-0.00865342665178985,0.998419475690512,-0.00115651972443379,-0.36533799744644,0.140637834867677,0.505975832314117
"105","RECQL",-0.107600929589054,0.820007740531169,0.520037965823373,0.791573009435334,-0.124562816003171,-0.427259407416681,0.0784072199712304,0.505666627387911
"106","CD69",2.79176001477394,7.46346404399501e-07,0.262987642253242,0.605946461423911,0.272365721111944,-0.211585337230898,0.293098581502886,0.504683918733784
"107","STMN1",-0.599526639709985,0.232347346184266,-0.0444283214144258,0.998419475690512,0.21561636452328,0.474999901273651,-0.0290923185951726,-0.504092219868823
"108","FGD2",0.120266202850082,0.846882300463259,-0.234374120131991,0.998419475690512,0.165246459368158,0.496741451309761,-0.00710073723729438,-0.503842188547055
"109","EEF1B2",-0.564180823012061,0.042252606206782,-0.0744917771246572,0.998419475690512,0.0906802845081799,0.422699823835038,-0.0808487869707814,-0.50354861080582
"110","CD27",1.40470853362619,0.02121791285998,0.293934433856706,0.917185685045979,-0.0253986142762266,0.314291077438833,-0.189234870645283,-0.503525948084116
"111","PLAU",-0.806544739200541,0.12827898445163,0.167924405669251,0.706375430478359,0.171897068059245,0.56703807832158,0.0637754544423654,-0.503262623879214
"112","LYSMD3",0.268267137688169,0.449743375953884,0.00217493209849587,0.998419475690512,0.067090736220375,0.397256636391893,-0.104379217877282,-0.501635854269175
"113","NDUFAF3",0.340789847018851,0.484747142123839,0.0262821389551286,0.998419475690512,-0.00316674070253665,-0.307700377108356,0.193336776831891,0.501037153940247
"114","EBAG9",-0.440800594384891,0.462264908221727,0.012571347025123,0.998419475690512,0.0711190307760828,0.418818737273744,-0.0806256075400124,-0.499444344813756
"115","S100P",0.516177013359753,0.209226081583,-0.0169761057012007,0.998419475690512,0.158278980406767,-0.185642350425143,0.313795504643172,0.499437855068315
"116","BDP1",0.151535937141421,0.60273447151547,0.064238834628147,0.998419475690512,-0.0493362704769422,-0.447510102563473,0.0518700330617142,0.499380135625187
"117","RPL11",-0.131109351867704,0.794183437641785,0.262975330813224,0.968200886529169,-0.0270553697519312,-0.34172613916862,0.157231339567947,0.498957478736567
"118","ASPH",-0.193795399499599,0.706839924462208,0.0102615441223074,0.998419475690512,0.17033981887589,0.526654886209702,0.0279835146950098,-0.498671371514692
"119","SPOCK2",0.5038367144209,0.329595172184846,0.431212247727289,0.721802398933348,0.383237573310237,-0.0384824991114193,0.459309929098407,0.497792428209826
"120","OAS1",1.91170823853832,0.00173462844949027,1.32202039930391,0.0146652583213273,0.598251447863711,0.0672345056466574,0.564722897633588,0.497488391986931
"121","TRAPPC13",-0.103343758001808,0.857089318256998,0.0236247892637508,0.998419475690512,-0.0327618684507329,-0.335539958507696,0.161678558864159,0.497218517371855
"122","IER3",0.426355007737928,0.325984634564271,0.0602649590361848,0.998419475690512,0.184190138651165,0.513993123248543,0.0168730545290156,-0.497120068719528
"123","ACBD6",-0.519377010346743,0.101787142771127,-0.120960432126068,0.998419475690512,-0.00423843723975917,0.313404324723254,-0.182858295184186,-0.496262619907441
"124","NMRAL1",-0.522919050360589,0.181277560984125,0.124602126668585,0.998419475690512,0.125728978938944,0.513836735284916,0.0179198392273136,-0.495916896057602
"125","NELFA",-0.337904261901849,0.463532513352926,-0.162887242287341,0.998419475690512,0.00732872256981686,0.276240135856633,-0.217873493046299,-0.494113628902932
"126","CTSZ",-0.310707009712751,0.478177944521242,-0.158734571280414,0.844219646885179,0.224323518207765,0.491424267543656,-0.00246238861258266,-0.493886656156239
"127","TRIM3",0.088994237000194,0.906670912552748,0.0117881780180695,0.998419475690512,0.267878917665662,0.578206065050347,0.0845418684560794,-0.493664196594268
"128","GK5",-0.17360545950597,0.702412681748258,0.0679379812339117,0.998419475690512,0.122094569404877,0.475473354197422,-0.0172711987812179,-0.49274455297864
"129","DAB2",-1.20053493551051,0.000219765518569162,-0.602519352401509,0.274995327809672,0.231378181912804,0.456529004722002,-0.0355094010694415,-0.492038405791443
"130","MGMT",-0.694623964926344,0.216683648593368,0.256015071295212,0.998419475690512,0.111074603943822,0.502487372839175,0.0112685816065955,-0.49121879123258
"131","FOXP1",0.182933369591511,0.457330644121616,-0.0362126473052238,0.998419475690512,0.193389383279507,0.524587966463361,0.03353578119963,-0.491052185263731
"132","VPS26B",-0.343872327953604,0.251310219581004,-0.0666675296736184,0.994964566992076,-0.0367726325090203,-0.384857923154509,0.105430245666954,0.490288168821463
"133","PLEK",0.820380346800386,0.0444175091607885,0.486662667204765,0.853246595165932,-0.0456917710468554,-0.430985080484686,0.05834286937547,0.489327949860156
"134","MICU2",0.0568979365760074,0.875716183604436,-0.040454689412169,0.998419475690512,0.0657979818493466,0.346358260418275,-0.14277878775949,-0.489137048177765
"135","SPN",-0.544672454058058,0.153367818650795,-0.0313094251209652,0.998419475690512,-0.0202723664053184,-0.363403724598449,0.125455135235754,0.488858859834203
"136","ANXA4",-0.127209414650421,0.774140858365343,-0.266296679228581,0.994739550495444,-0.0127083962913367,0.322543295991801,-0.166221049756755,-0.488764345748556
"137","RAB37",1.29786789836842,0.00157626636488287,-0.0191592141945511,0.998419475690512,-0.126059160614309,-0.418320231139937,0.069851103401949,0.488171334541886
"138","EED",-0.117822159889889,0.825020969489209,0.605052050994158,0.565795148183683,-0.0848282693391219,0.305968625782477,-0.181356134840851,-0.487324760623328
"139","BID",0.287792341778543,0.5728283630007,-0.0371975665261365,0.998419475690512,0.129440722236015,-0.188161484688512,0.299106417311558,0.48726790200007
"140","RABL3",-0.0116096824100124,0.985814658764328,-0.00785232681538511,0.998419475690512,0.0657889420217244,0.436853738481935,-0.0503393678073094,-0.487193106289244
"141","CHIT1",-0.195508664560595,0.815183710949342,0.140519752305672,0.998419475690512,0.393283353414459,0.74278646799829,0.255947792459754,-0.486838675538535
"142","SPINK1",0.645588964367,0.452617251859266,-0.0810754078891497,0.998419475690512,-0.0610765208535566,-0.397721716464938,0.0882865747207637,0.486008291185702
"143","CLEC1B",-0.137693201316136,0.863681063935051,0.0607038197550827,0.998419475690512,0.0844676177127126,-0.265401713649532,0.220226977424768,0.4856286910743
"144","SPTLC2",0.457624866576692,0.20219733798737,0.0483675687655554,0.998419475690512,0.0349356273897996,-0.360675287294248,0.124051647518428,0.484726934812676
"145","CRISPLD2",0.561429055698564,0.153664666588842,-0.122323441574142,0.998419475690512,0.169995860103691,0.488668248965672,0.00412563636858712,-0.484542612597084
"146","FAXDC2",-0.642134690715022,0.254100836254447,-0.0124004194920126,0.998419475690512,-0.0542938190564716,-0.417648378104326,0.0667504322893376,0.484398810393664
"147","SELENOS",-0.209640966696074,0.584771143995298,-0.044680680073285,0.998419475690512,0.0779383040744627,-0.240979522144909,0.243216073229386,0.484195595374295
"148","SCARB1",-0.639341721328046,0.0859437200777219,-0.00443940920380891,0.998419475690512,0.119495224620981,-0.2489389890062,0.235175795066353,0.484114784072554
"149","AAMDC",-0.302918337638465,0.619116725555514,-0.0566607510186418,0.998419475690512,0.121923071129503,0.425203431042698,-0.0587434550018289,-0.483946886044527
"150","PSMD10",-0.302528283826188,0.388333605500499,0.0079013512639304,0.998419475690512,0.0737973400512293,0.415991329104745,-0.0674319622013323,-0.483423291306077
"151","JMJD6",0.269892451260299,0.399168104728066,0.244236757278095,0.964835353022169,-0.130840194963152,-0.526282677645971,-0.0434032449136698,0.482879432732301
"152","CKAP4",0.529365464790421,0.0987012449080909,-0.0445575269230569,0.998419475690512,0.00194951908970601,0.369423506059945,-0.11307673482941,-0.482500240889355
"153","SAT1",0.813690146135132,0.00858228190533457,-0.0263330145788507,0.998419475690512,-0.0364787999616918,0.337349103369418,-0.14469077501354,-0.482039878382958
"154","TENM4",-0.825987043891699,0.260908052488564,-0.122402926493294,0.998419475690512,0.21378069166054,0.46783127884298,-0.0141392960884603,-0.48197057493144
"155","PTX3",-0.311923422644442,0.715031557807937,0.000479731572997001,0.998419475690512,-0.011369729161897,0.332186061058141,-0.148987319685229,-0.48117338074337
"156","TTC17",-0.0200216290238491,0.960128789396928,-0.0357234933885437,0.998419475690512,-0.0787329286905194,-0.41267437117316,0.0672987933108442,0.479973164484005
"157","EIF4A3",0.0700971244077794,0.874245103282366,0.114343619879793,0.998419475690512,-0.170409976041604,-0.489091686980469,-0.00952731350778318,0.479564373472686
"158","WWP2",0.137724257129036,0.711578146914825,-0.00708132617028491,0.998419475690512,-0.173760886738299,0.18009715059587,-0.299069184970142,-0.479166335566012
"159","BTG1",0.124330369317879,0.735139006073858,0.0678381961571718,0.998419475690512,0.0987565772753052,-0.257400850023551,0.221320376146218,0.478721226169769
"160","USP28",-0.447535897404239,0.290845295056277,0.0123009340908438,0.998419475690512,0.029747208054928,-0.284071704524047,0.194494918539204,0.478566623063252
"161","RRM2",-0.0979298572527981,0.882135726023768,-0.0233109992043256,0.998419475690512,0.0648293111466682,-0.265971764447886,0.212544667254041,0.478516431701927
"162","ARRB1",-0.286896389764936,0.425830632268504,0.178219647079343,0.998419475690512,-0.10383341860087,0.248032562852611,-0.230337959535011,-0.478370522387622
"163","GTF2I",0.00460635442518503,0.990650513356436,-0.0106125517004664,0.998419475690512,0.0810574425236107,0.423556853681176,-0.0546720863554038,-0.478228940036579
"164","ECI1",-0.0103660589235837,0.989167233147275,0.158647615244711,0.998419475690512,0.0840896180539849,0.424920603466001,-0.0530181220811307,-0.477938725547131
"165","ACO1",0.179832093349947,0.78586068121074,-0.604257813862773,0.33638801102274,0.096330071671813,0.417451823171501,-0.0598145460936343,-0.477266369265136
"166","CRYZL1",0.111581288871856,0.838190911405176,0.227534713389994,0.721802398933348,0.0658060641040433,0.365811915548051,-0.111447910053371,-0.477259825601423
"167","CCL20",-1.2163380537427,0.114184418876617,-0.21483215355048,0.856705671473268,0.294926080098596,0.574440755467746,0.0975840259944647,-0.476856729473281
"168","ITSN1",-0.15218799469242,0.83064997119346,-0.0260766442213572,0.998419475690512,0.0085332136343199,-0.357327100876847,0.119498843848958,0.476825944725805
"169","CCNB1",0.427003691288045,0.497234568655279,0.0540197795097516,0.998419475690512,0.125937012332314,-0.189025729748261,0.286780911735369,0.475806641483631
"170","LRRC37A2",0.216130485501513,0.598111323925671,-0.0115404060457797,0.998419475690512,-0.0669012112916699,-0.350909375155623,0.124857205565528,0.475766580721151
"171","IDI1",0.777324412099348,0.00703983639712448,0.456419502182423,0.827327785382536,0.270480901133114,-0.181659350793856,0.293991065101543,0.475650415895398
"172","FCRL5",-0.126116927750742,0.870379197065748,0.199816123618032,0.853216168095328,0.0730328185102972,0.443108857079302,-0.0323882799004021,-0.475497136979704
"173","REXO2",-0.317304030847014,0.578995659031462,-0.0304574246346241,0.998419475690512,0.16742041681475,0.481749338795633,0.00721836042501467,-0.474530978370618
"174","RAB8B",0.503922963788544,0.147470805610917,0.343056792111753,0.998419475690512,0.228007755554204,-0.13984095362073,0.334088329092181,0.473929282712911
"175","IDUA",-0.594495309814952,0.17998331792755,0.0961142013564266,0.998419475690512,-0.0790768436086812,0.231551184402997,-0.241256739509024,-0.472807923912021
"176","ADGRB1",0.750170529592062,0.210458999584297,0.0458814685028208,0.998419475690512,0.0692747717784806,-0.266635522779677,0.20573597809495,0.472371500874627
"177","NUCB1",0.405985360783902,0.229797931346017,0.0878929397510658,0.998419475690512,0.12005168882313,0.360606113443915,-0.111446637757954,-0.472052751201869
"178","NMI",1.35000249823117,1.25914448190335e-05,0.734271171269271,0.327559834846293,0.289932927075749,-0.237721610162271,0.234234799672638,0.471956409834909
"179","IFRD1",0.0477417638194763,0.937200362083915,-0.00739835520711703,0.998419475690512,0.100363344038472,0.405438466363474,-0.0658037714720917,-0.471242237835566
"180","C11orf68",0.455190436680318,0.162420592743271,0.0515507829450923,0.998419475690512,0.00863768883267004,0.305830008010163,-0.165320987186108,-0.471150995196271
"181","ILKAP",0.0169642584113961,0.979077537115052,-0.0651322511890133,0.998419475690512,-0.0379638931347768,0.27509977847638,-0.194460980142038,-0.469560758618419
"182","TFRC",-0.631228643358056,0.0645520233988125,0.0709335886524041,0.998419475690512,0.0354594078783764,0.320097670935426,-0.149459236379466,-0.469556907314892
"183","RUNX3",0.669696977804322,0.0911169725640631,0.18326095403173,0.966961547562754,0.146109196245438,-0.267616314077857,0.201860485954027,0.469476800031884
"184","SH3PXD2B",-0.0781398000451594,0.853921495018411,0.109862727722007,0.998419475690512,0.106100068889941,-0.231561026370847,0.237706130673841,0.469267157044688
"185","SUMF2",-0.713988945344482,0.0096230485164427,0.28106599885257,0.942156010382713,-0.0317587940665485,0.314645280860312,-0.153541740479464,-0.468187021339777
"186","GABARAPL2",0.250241617323189,0.492758634453204,0.309427968138432,0.936867356766746,0.00232541537638723,-0.343264398783011,0.12490102819908,0.468165426982091
"187","PPT1",-0.0472565356341613,0.930937181342439,-0.481275515428482,0.977028140171628,0.135415968898962,0.427402432079348,-0.0398384562673567,-0.467240888346704
"188","SOCS3",0.651814279503351,0.0410853531323647,-0.0691868717181666,0.998419475690512,-0.257037439429466,-0.56249812407431,-0.0960094257899931,0.466488698284317
"189","CST3",-0.0602292351402022,0.928387287202243,0.138656595710614,0.998419475690512,0.194886908953236,0.429353331099719,-0.0369086809561257,-0.466262012055844
"190","RRBP1",0.0387638505583995,0.922132710230817,0.320802890835135,0.809650918899182,0.261524111144914,-0.0634077936106597,0.401893756762083,0.465301550372743
"191","ACAT2",0.11321339143462,0.845442258096748,-0.0208567629605089,0.998419475690512,0.0190466899064153,-0.301525315640438,0.163759349416434,0.465284665056872
"192","RAB7A",0.249435617624298,0.344257849328847,0.329846409191421,0.998419475690512,0.0253589455507196,-0.325279785415596,0.139781371077455,0.465061156493051
"193","CCNA1",1.76151680198191,0.000613307354482677,0.0545443894907413,0.998419475690512,0.125500811646771,-0.227931412182336,0.237029839153451,0.464961251335787
"194","OGG1",0.0974839186963425,0.891386431857732,0.196576816759626,0.998419475690512,0.0481529289124289,0.339030379868983,-0.12471887496508,-0.463749254834063
"195","RDX",0.227513039375726,0.452617251859266,0.188973120900701,0.998419475690512,0.0929439439543668,0.384562396670302,-0.0783695627676728,-0.462931959437975
"196","RCSD1",0.579013051191917,0.0796899075665764,0.185935548605878,0.998419475690512,0.0349251124121495,0.332009086145452,-0.130793087235198,-0.46280217338065
"197","GDF15",-0.422980388515202,0.351205873348979,0.688810715067873,0.124964268290122,-0.0342605890384927,0.347659971970412,-0.114003118055702,-0.461663090026114
"198","PAFAH1B3",-0.0536048301861863,0.954648733122382,0.174201187604205,0.998419475690512,-0.0619189489170008,0.259025799258967,-0.202066954985589,-0.461092754244556
"199","CAMK2B",-0.256121182449788,0.808905508549433,0.300441287976665,0.869338812198814,-0.0976555841935561,0.260272398743649,-0.200725028140363,-0.460997426884012
"200","BLNK",0.167907894781365,0.855929983025271,-0.00333844465163334,0.998419475690512,0.0356188953941108,-0.272142082294138,0.188736594054022,0.46087867634816
"201","IL1RN",1.10552414175688,0.0393694172630014,0.627752315879572,0.153243843681614,0.441800723299859,0.0385693875596079,0.499219602132757,0.460650214573149
"202","PREP",-0.144542244219415,0.742094169107565,-0.419544178603807,0.907605781940994,0.0452896731396693,0.35615544815903,-0.103319444562344,-0.459474892721374
"203","DHFR",-0.0530504756967454,0.934293528958136,0.070133330612167,0.998419475690512,-0.00625261025310565,0.281323637671098,-0.177521224465414,-0.458844862136512
"204","DPYSL2",-0.310885004851679,0.358539773164853,0.159888379781145,0.998419475690512,0.0985315158361091,0.403029145325348,-0.0557405231707615,-0.458769668496109
"205","DUSP18",-0.39435467537481,0.116739965545786,-0.0166825370639583,0.998419475690512,0.128538676869709,0.44549618612878,-0.0129611770954102,-0.45845736322419
"206","GMDS",0.101258228403032,0.890223977263944,0.394909689017618,0.994739550495444,0.0546072235032146,0.393599961344413,-0.0647858883569442,-0.458385849701357
"207","PLXDC2",-0.153695663369413,0.739130919060672,-7.04323844873684e-05,0.999258275041261,-0.0442159165349018,0.259304144328213,-0.198970498039081,-0.458274642367294
"208","MAP1LC3B",0.112208597734531,0.797968005311709,0.198357729361076,0.998419475690512,0.0187091126910175,-0.325172275925477,0.131858438020402,0.457030713945879
"209","FABP2",0.612473828256163,0.23713584692092,-0.0487208689131747,0.998419475690512,0.125232175669694,0.425562387206657,-0.0312776605515887,-0.456840047758246
"210","ADAM15",-0.277999591664639,0.4945551670191,0.0608411441763045,0.899904387831016,0.0428200422263466,0.37909857216166,-0.0771007626902582,-0.456199334851918
"211","TPM3",0.365255487606875,0.0645629165142567,-0.0156390738874839,0.998419475690512,-0.00558282453836416,0.317126080435896,-0.138829712451399,-0.455955792887294
"212","KREMEN1",0.142101407188143,0.774551253034875,0.0217471142852515,0.998419475690512,0.116986161196799,-0.25690990522154,0.19899345635423,0.45590336157577
"213","DDT",0.285138992976015,0.555098819179338,-0.0453966948350789,0.998419475690512,0.0388749454169853,-0.238111438017732,0.217787520245669,0.455898958263401
"214","TNIP1",0.264917635849148,0.617925291624727,-0.0326944066077806,0.998419475690512,0.186753663654475,-0.0876324821222936,0.36780241593971,0.455434898062004
"215","PDE2A",0.280223090191709,0.718146092953801,0.116463192979281,0.715823515377884,-0.000617478841769298,0.28617002979621,-0.168668720200065,-0.454838749996275
"216","AKR7A2",-0.800463989411538,0.0744337530353382,-0.158388662326887,0.998419475690512,0.103713528047106,0.383987710074591,-0.0705738579383928,-0.454561568012984
"217","UBE2G1",-0.134491787227037,0.69078425745193,0.141059503698266,0.998419475690512,0.0740787684200623,0.423760241298005,-0.0295287990193622,-0.453289040317367
"218","GNAQ",0.301763237710764,0.240475563513599,-0.0435459716725003,0.998419475690512,-0.0907589078000297,-0.395705149357355,0.0569564085601433,0.452661557917498
"219","HERC5",2.68995646904126,0.00182571711810873,0.170601737523578,0.942156010382713,0.319805510433929,-0.145081883222814,0.307287954084652,0.452369837307466
"220","OXSR1",-0.123265477621578,0.752583427796729,-0.0404065021049139,0.998419475690512,-0.0191396486281891,-0.337984371662776,0.114297077356868,0.452281449019644
"221","BIRC2",0.54450548458154,0.0418240392535168,-0.0240681694272521,0.998419475690512,-0.193427908631147,0.106312771391544,-0.345348453974738,-0.451661225366282
"222","GLTPD2",-0.0240272491688621,0.975880781970903,-0.00928831399149941,0.998419475690512,-0.090165507085411,-0.403960631541643,0.0473086860613296,0.451269317602972
"223","CETP",0.784511113749588,0.0846399152445318,0.290460920689256,0.607403605926489,0.0175881389932232,0.264278034095278,-0.186843123860658,-0.451121157955936
"224","CXCL1",-0.486319447257336,0.360493073822963,-0.0312893592620301,0.998419475690512,-0.121223061838505,-0.418033737705075,0.0317854696015148,0.449819207306589
"225","GLRX2",-0.269533540546335,0.573810565595335,-0.0771674821681598,0.937282496191183,0.24853237991098,-0.0774969299001811,0.372116660628384,0.449613590528566
"226","DDX19A",-0.189129567437011,0.570627944217215,-0.028012334240714,0.998419475690512,-0.0352252876619829,0.243754811395106,-0.205678599840268,-0.449433411235374
"227","TRADD",0.0541865464522354,0.901386711621186,-0.134340626953226,0.998419475690512,-0.0316290217593729,-0.300959796333802,0.146652146977466,0.447611943311267
"228","PRPSAP1",0.0248795216780426,0.965181210510131,0.000960086927256318,0.998419475690512,-0.0105928281528766,0.264991613937644,-0.182141028284866,-0.44713264222251
"229","SMAD2",-0.232546456562995,0.476792831199645,-0.0372338826865532,0.998419475690512,0.0314435213775006,-0.288696470711136,0.158002408258529,0.446698878969665
"230","FAH",-1.01164322205552,0.0313303251419065,0.303242550566066,0.843121181677977,-0.345387418202486,0.00320501955348559,-0.443329881872963,-0.446534901426448
"231","KRAS",0.183124238455269,0.577752536843563,0.0251364918342605,0.998419475690512,0.0269754358813721,0.345039901445855,-0.101396336942651,-0.446436238388506
"232","SAMHD1",0.356967072587408,0.331657339714854,0.0616623165736699,0.998419475690512,0.346228758327915,-0.011612172233074,0.434650250281683,0.446262422514757
"233","ACE",-0.488358503654263,0.399892395847112,-0.127136290301045,0.998419475690512,0.288620467026036,0.522356316412342,0.0760976398358753,-0.446258676576467
"234","CYB5D2",-0.392297022318821,0.396606086126475,-0.0323135696552152,0.998419475690512,0.0428848920065532,-0.252839477986827,0.192701654558157,0.445541132544984
"235","LGALS9",0.794970520051994,0.0547239761757117,0.491497059735705,0.000892667361489658,0.525139339914116,0.0986884358942683,0.543618958416075,0.444930522521807
"236","EHF",-0.612565246368633,0.286000957182786,-0.032412442659963,0.998419475690512,0.247042061566693,0.539130901336282,0.0945887941083062,-0.444542107227976
"237","ABR",0.0736066383892027,0.794020967585157,0.103911280053784,0.998419475690512,-0.171395111001636,0.15154023544478,-0.292661566473071,-0.444201801917851
"238","VSTM1",2.00781734355507,0.00458494505173448,0.1624362581039,0.913613729375303,0.308722589176806,0.565725626945803,0.121706646378594,-0.444018980567209
"239","BACH2",0.268747620265103,0.756172270614818,0.0476412053756012,0.998419475690512,0.0378598630464794,-0.298200657263721,0.145271185499804,0.443471842763525
"240","METAP2",-0.615605675059583,0.136250838374335,0.208495003889137,0.998419475690512,-0.0682419154781657,0.241004738711428,-0.202301834297184,-0.443306573008612
"241","RAB35",0.370972273387577,0.0645629165142567,0.036574447097005,0.998419475690512,0.043971077689255,0.353343257423238,-0.0899574611667151,-0.443300718589953
"242","F5",0.264773659377373,0.616115227818631,0.526503203684954,0.958741895914764,0.101081120942165,-0.243242098215323,0.199941584981063,0.443183683196387
"243","KMT2D",-0.0386134543433654,0.932762176060697,0.0282137745533239,0.998419475690512,-0.0330042107899791,0.298908820757223,-0.143950337190917,-0.44285915794814
"244","RAB32",0.524738131365969,0.13614757100611,0.430115592096966,0.907520138716496,0.124623323036249,-0.271297223674421,0.17079739736116,0.442094621035581
"245","GLRX",0.335517469461735,0.171145939613699,-0.139832674650275,0.998419475690512,-0.310371499606674,0.0292859411381388,-0.412725396322605,-0.442011337460744
"246","VILL",0.432898133015198,0.326827331641674,-0.109713902775317,0.994306542239506,0.047364501749609,0.290634563737897,-0.1505574511762,-0.441192014914097
"247","ATG3",0.566566992733203,0.0527133614996521,0.00120488536553072,0.998419475690512,0.156431141323778,0.505237049992851,0.064252314008869,-0.440984735983982
"248","ACAT1",-0.712081010989313,0.0175507426502672,0.0189651828446521,0.998419475690512,0.132691883098559,0.431699832175092,-0.00872949284301537,-0.440429325018107
"249","FTL",-0.305197114292999,0.396884804667179,0.54607787756586,0.636133055324745,0.0181330255693726,0.301270417324819,-0.138950083708528,-0.440220501033348
"250","MGA",0.0590064481330244,0.854729841725322,0.00676003720862029,0.998419475690512,0.238987256978917,-0.0825589651126673,0.357402716467524,0.439961681580191
"251","CSNK1G2",0.479339506897834,0.0426234778728825,-0.00450730953466643,0.998419475690512,0.0454032160475863,0.338662625117422,-0.100166499688583,-0.438829124806005
"252","HSD17B14",-1.06046119088938,0.0689526249853073,-0.0447382270735173,0.998419475690512,0.078688970896089,-0.21550362492537,0.221708583302703,0.437212208228073
"253","LRP10",0.371449709617752,0.187661106289806,0.00219299242672353,0.998419475690512,-0.127440424607121,0.179554944202621,-0.257604369516196,-0.437159313718817
"254","PML",1.64904671580279,6.79586105984668e-05,0.610179246809629,0.475339047591607,0.249135060580913,-0.236009233239806,0.200980741379021,0.436989974618827
"255","NOSIP",0.270600166546199,0.323180633938702,0.152493800131635,0.998419475690512,0.14363010688605,0.43570979524261,-0.00121437886923472,-0.436924174111845
"256","ST6GAL1",0.136224401717732,0.798385079515075,0.145954681434045,0.998419475690512,-0.0180562792211556,0.294520014961396,-0.142354749242382,-0.436874764203778
"257","CARS1",0.36703760837896,0.0782155347173487,0.10016604509192,0.998419475690512,-0.140393452027871,0.142996234733859,-0.293628265719575,-0.436624500453434
"258","APBB3",0.0760668040108547,0.899844659976846,-0.0241875278399564,0.998419475690512,0.0636067395674359,-0.239288750667707,0.19724836657527,0.436537117242977
"259","TSC22D3",0.502448538606602,0.182989799963238,-0.000420608645861599,0.998433450236531,-0.0444140724177103,-0.373456903437671,0.0630076674787639,0.436464570916435
"260","APRT",0.0184384511118972,0.979810846338915,0.182095693770251,0.998419475690512,-0.00718190531526822,0.280854195250968,-0.155502665178201,-0.436356860429169
"261","HSPA1A",0.00192929321870569,0.998877487948234,0.113549588693351,0.998419475690512,-0.143444211232885,-0.416491761916694,0.0197642978464357,0.436256059763129
"262","IFT22",-1.06960258766957,0.0060465687229819,-0.161892071139356,0.998419475690512,0.181190544921489,0.499653018743284,0.0645307663375759,-0.435122252405708
"263","KCTD2",-0.0140549619235799,0.97821585399025,0.250026734120734,0.761031800787922,0.00239955889382044,0.322936255465389,-0.11207447140792,-0.435010726873309
"264","BRD2",0.198741787303916,0.419215886944395,0.0559857507550965,0.998419475690512,0.100366635026173,-0.211263142595132,0.223678058001101,0.434941200596233
"265","PDIA4",-0.494252244805675,0.105752412909888,0.12466148765323,0.994306542239506,-0.0669544247523542,0.264687441672816,-0.170024291784269,-0.434711733457085
"266","FADD",0.248588069337366,0.632050083716036,-0.0919780797089611,0.998419475690512,-0.0353376408981942,0.241495497455332,-0.193135508310063,-0.434631005765395
"267","FOXO4",0.341952510914153,0.328850694790784,-0.0302157873516009,0.998419475690512,0.105825968365203,0.429371671363586,-0.00447336252036069,-0.433845033883947
"268","DNAJC17",0.11821208223259,0.880150309328712,-0.246051549405616,0.953556158314323,-0.0331783394707544,0.244038201205732,-0.18967249863315,-0.433710699838883
"269","ALG2",-0.293064643486783,0.40238745319485,0.0955803734310554,0.998419475690512,-0.0467888204216364,0.252462807153228,-0.181210764896814,-0.433673572050041
"270","MAEA",-0.412426565899173,0.215588170010083,0.00916278319707124,0.998419475690512,-0.0728775302545577,-0.340725044781389,0.0921954099374325,0.432920454718821
"271","DLL1",0.640056321821024,0.153607157150294,0.175581398989335,0.414689038361253,0.187079101021688,-0.185369722093243,0.246990623236868,0.43236034533011
"272","CD55",0.347421477543264,0.393523814535223,0.407718519863345,0.906608492274627,-0.221867022460309,-0.531482342775331,-0.0992575679168581,0.432224774858473
"273","PPA2",0.276212312064714,0.549689668130234,-0.105272422833213,0.998419475690512,0.0392414259213947,-0.252786635673391,0.178858461002357,0.431645096675748
"274","DOK1",-0.0223498289570483,0.961906068788536,-0.0109320767611645,0.998419475690512,-0.0339551786103921,-0.326824285334409,0.104425048171305,0.431249333505714
"275","PSAP",-0.121846936966475,0.781863669242329,-0.660576868952463,0.174695713956612,0.0974325470195706,0.344510325118713,-0.0866109868056123,-0.431121311924326
"276","HSPBP1",-0.387262025843236,0.483754949425904,-0.108226120182256,0.998419475690512,0.373163521249705,0.597621765836558,0.166661751833793,-0.430960014002766
"277","SPON2",-0.562104182196894,0.382376208743118,-0.334001761987904,0.783646195417608,0.0861694620827217,0.302506975581809,-0.128027657549678,-0.430534633131487
"278","MED28",0.0489801239580343,0.923059696896109,0.0489879823473226,0.998419475690512,0.0500655041786308,-0.297785637405844,0.132744646746952,0.430530284152797
"279","PCSK7",-0.187949327309738,0.517989877498857,0.0367175402190432,0.998419475690512,0.0247717460561408,-0.272434969373814,0.157765962351184,0.430200931724997
"280","SH3BGRL3",-0.084592632151336,0.848856611540986,0.0979107076825717,0.998419475690512,-0.0323994538378012,-0.331022839099765,0.0988821736422351,0.429905012742
"281","UTS2B",0.0755373991509964,0.940497664818938,0.292116926008262,0.938282125024214,0.116846852583294,0.428128242724276,-0.00155824982846627,-0.429686492552742
"282","IRF3",0.518520605700333,0.124140372557176,0.0312831054201911,0.998419475690512,-0.00469947492447324,0.265897447843118,-0.16319426482561,-0.429091712668728
"283","DHX58",1.86946977368955,0.00203186299454571,0.634274466757044,0.0779413453694406,0.663989110758795,0.192231037938398,0.620947630877693,0.428716592939294
"284","PSMG4",-0.754743419039748,0.0844220450931249,-0.055946470136335,0.998419475690512,-0.0292389227589649,-0.345919503348769,0.0827829498242384,0.428702453173008
"285","MRC1",-1.37709823709054,0.0251338281286426,-0.941613710314717,0.060058188027274,0.637651071271306,0.821382367757236,0.392976057170525,-0.428406310586711
"286","CP",-0.34764528664809,0.551613503047482,0.0870258804595331,0.998419475690512,-0.0264418449444412,-0.296334770588486,0.13189422860184,0.428228999190326
"287","HES6",-0.187129897370589,0.854154335640483,0.0703461018167854,0.963204148073108,-0.0277381882872641,-0.303596351582455,0.124588958279628,0.428185309862083
"288","HEXA",-0.229507110318484,0.605353702580201,0.043758938786496,0.998419475690512,0.0977550928287212,-0.197509588629673,0.230457223525079,0.427966812154752
"289","NCBP1",0.380051064737799,0.277063785107603,0.229519223137111,0.861619201789483,0.068591626507497,0.345492077355898,-0.0820203353070081,-0.427512412662906
"290","ELK1",-0.0468897738325922,0.907336765121023,0.0693103217224439,0.998419475690512,-0.0907736364466176,-0.386332361621916,0.0402871152400946,0.42661947686201
"291","DNAJA2",-0.124538812993295,0.665321545540495,-0.0440375429093355,0.998419475690512,0.0724278438726271,0.378048422830763,-0.0481757939050772,-0.426224216735841
"292","GMNN",0.581938179728203,0.233988415439718,0.0659794061856328,0.998419475690512,0.082130999178568,-0.28465374527486,0.141541540076325,0.426195285351184
"293","H1-10",0.207673666949425,0.690197172937354,0.192580541731311,0.998419475690512,0.161481597224061,0.446744166050178,0.0210895652716829,-0.425654600778495
"294","GOLPH3L",-0.234906007907837,0.686020439397187,-0.164392991919904,0.998419475690512,0.182101910336602,0.440323053630572,0.0150046386822539,-0.425318414948318
"295","SRGN",0.142834561322931,0.79704905960713,0.00322790247922882,0.998419475690512,-0.00573079801287156,0.302593144424548,-0.121762444833064,-0.424355589257613
"296","ALDOC",0.323870676908839,0.587893058319172,0.476353143386696,0.966961547562754,-0.00168103503158439,0.294107679193279,-0.130123478741566,-0.424231157934846
"297","PRDX5",-0.406291071530676,0.358620425243063,-0.295696112248065,0.124964268290122,0.247578161949863,0.470731051293452,0.0468341400485773,-0.423896911244874
"298","SHC1",-0.253502120042801,0.336881942625995,0.155982026369659,0.998419475690512,-0.173968519343236,-0.427545214485944,-0.00415513341131566,0.423390081074628
"299","DLST",0.0915413948894195,0.798803178345845,0.186274963766924,0.998419475690512,-0.123868886788979,-0.413488181439115,0.00969294863538138,0.423181130074497
"300","NUDT16L1",-0.00494019261811729,0.99609874874664,0.0631574934096664,0.998419475690512,-0.103435545906932,0.162284654631341,-0.260669896767816,-0.422954551399157
"301","SKIL",0.264738564635192,0.417650650487128,0.0201556638975685,0.998419475690512,-0.102064425139247,-0.413920527501691,0.00885763584985177,0.422778163351542
"302","CFAP298",-0.560371200758424,0.360391003950027,-0.753309827967367,0.433648958294026,0.347728947117371,0.57289876323462,0.150501096569985,-0.422397666664635
"303","SMC3",-0.0344184739087072,0.932967830834707,0.520620138237623,0.998419475690512,-0.056786038131949,0.244617217315077,-0.177687915622927,-0.422305132938005
"304","ITGA5",-0.0636911533900586,0.878497185032422,0.0199792119422051,0.998419475690512,0.0729953303822188,0.362157272860091,-0.0588362675706534,-0.420993540430744
"305","LGALS3",-0.402116594814738,0.251014835576283,0.159594865186199,0.998419475690512,0.162138426567703,0.429573159584147,0.00961503478642986,-0.419958124797717
"306","SDCBP",0.214771495027993,0.584771143995298,-0.140891040752506,0.998419475690512,-0.080236362227273,-0.354870211694754,0.0634429388331992,0.418313150527953
"307","CXCL8",-0.471582027812827,0.51936351843252,0.238168552391283,0.998419475690512,0.070911090262287,-0.157181343780147,0.26095454513603,0.418135888916177
"308","OASL",1.92528880771405,0.000967510889605653,0.744612629252945,0.0534973160687696,0.476578593607987,-0.0144636232810209,0.403140192635809,0.41760381591683
"309","DYNLL2",-0.242724367419607,0.310495770576063,0.0439026454154781,0.998419475690512,0.0294399802093055,0.33790786001412,-0.0791338646415703,-0.41704172465569
"310","EPN1",-0.0347620541658968,0.93803910083623,-0.230474912202211,0.998419475690512,0.0429784985785574,0.349790531704361,-0.0670258188179331,-0.416816350522294
"311","EML2",-0.217109808564142,0.477761209633741,0.0155759697850611,0.998419475690512,0.0408640223785237,-0.233556950528668,0.18295826459286,0.416515215121528
"312","SDC3",0.147669289379022,0.835767965007207,0.110954368457987,0.998419475690512,-0.021399480477818,0.223816503862116,-0.191733612535623,-0.415550116397739
"313","TMX1",0.190942743596482,0.50151190453571,0.169008258491713,0.776604021167797,-0.0162572582406127,-0.389790090209347,0.0251394598496801,0.414929550059027
"314","UFC1",-0.383691319188945,0.252120035795439,-0.0536902189439742,0.998419475690512,0.116832581168306,0.41135847402236,-0.00346430787601724,-0.414822781898377
"315","CD33",-0.520362007440348,0.20892339988964,0.0182608542326214,0.998419475690512,0.0811541241207473,0.374838885799658,-0.0399116144268539,-0.414750500226512
"316","NPM1",-0.32795835419673,0.279800397126514,-0.0464971662311019,0.998419475690512,0.18193480846366,-0.0963730996569153,0.318376907362617,0.414750007019532
"317","UBE2M",-0.142461297138054,0.730977509217414,-0.178916548967419,0.69265497861691,0.0519570392621342,-0.241313558900302,0.171592482695699,0.412906041596001
"318","GMFG",0.613013981784888,0.0198877235664333,-0.00939662982738466,0.998419475690512,0.107108064005799,-0.180117391564065,0.232614144607259,0.412731536171324
"319","CASP3",0.614631110494705,0.0216262807100805,0.542374240147471,0.844219646885179,0.0923400763197679,-0.2681420217866,0.143945438337831,0.412087460124431
"320","NME2",-0.612234568793023,0.0443749090550432,0.341657705870714,0.998419475690512,-0.0810685121256425,0.210297747314424,-0.201539615669225,-0.411837362983649
"321","HEBP1",-0.0880932364153108,0.882783611364127,-0.0224284216051221,0.998419475690512,-0.0974501192657393,0.180326232241837,-0.231435489761163,-0.411761722003
"322","LPO",-0.0240937519989057,0.976944916808579,-0.164260191650931,0.998419475690512,-0.290613026020918,-0.530825101131357,-0.120033823873737,0.41079127725762
"323","ASL",-0.0400243121134329,0.942105476904813,0.201913750337339,0.998419475690512,0.136394377231961,0.425502943813256,0.0158763810825959,-0.40962656273066
"324","PRDX1",-0.20008424182647,0.667522269024613,-0.19419663343516,0.998419475690512,0.174357324810266,0.408043616521692,-0.00147746955259369,-0.409521086074285
"325","ARRDC3",-0.149222492364046,0.786815661568604,0.0807425930327382,0.914764807656585,0.187933947078837,-0.0973214652803484,0.312023769217043,0.409345234497391
"326","RAB3D",0.262908170258844,0.596906303150812,-0.093315469879572,0.998419475690512,0.0223205764620657,-0.216783229856284,0.192371609492506,0.40915483934879
"327","GOLGA7",0.152404079964179,0.786815661568604,0.00104717185121705,0.998419475690512,0.143117491077353,0.418700868041332,0.00996652087063067,-0.408734347170702
"328","YWHAG",-0.246927726067458,0.442690527133588,0.274255594512845,0.998419475690512,-0.0428660789115182,0.22664315758637,-0.181636010658084,-0.408279168244454
"329","PRKRA",-0.716568988224226,0.0320459088344273,0.0578929049845498,0.998419475690512,0.00718714392111765,-0.238871032773371,0.169366785500326,0.408237818273697
"330","PDK2",-0.508722803254072,0.522987738759744,-0.0489412201810091,0.998419475690512,0.0340590190220348,-0.243679335468754,0.163908218367233,0.407587553835987
"331","TMPO",0.0380899758160909,0.94013087356481,0.173710396520539,0.998419475690512,0.0801302070896051,-0.223361090373344,0.183606497110365,0.406967587483709
"332","TPST1",-0.481643321732219,0.562171293096777,-0.00982273236905142,0.998419475690512,0.0704525615052655,-0.215439263751065,0.191497409840902,0.406936673591967
"333","MYBPC3",0.647821110902899,0.215829891647586,-0.00376376725401509,0.998419475690512,0.225942718229662,0.487473950138576,0.0809544194259521,-0.406519530712624
"334","SOS1",0.0619218571694604,0.911978698609781,-0.00947883100083187,0.998419475690512,0.0296488165667791,0.276901024243726,-0.129513630613609,-0.406414654857335
"335","B3GALT6",-0.105197322274516,0.848308301002283,-0.0381991553672395,0.998419475690512,-0.0225567276770379,-0.261364981841382,0.144192426143833,0.405557407985215
"336","FIS1",-0.330191730001901,0.286137670075834,-0.213725959863784,0.538850142635265,0.0495077632938998,0.264068030741997,-0.14120848483094,-0.405276515572936
"337","KIAA1143",-0.0620577367326125,0.915746032063861,-0.0791479330280497,0.998419475690512,0.142989009386161,-0.127495619032302,0.277587835369971,0.405083454402274
"338","KPNB1",0.624665825935833,0.00752642332974381,0.378927990300624,0.998419475690512,0.132681340806263,-0.217293309762952,0.187365220370298,0.40465853013325
"339","COLGALT1",-0.199502816791421,0.574838742528654,0.328400213347751,0.951348538431534,0.161361274195182,0.441864093881258,0.0372142264335807,-0.404649867447677
"340","SERPINA10",-0.133923755949844,0.827188915690463,0.0354075819263666,0.998419475690512,-0.237971211256122,-0.529952530221611,-0.125446531057327,0.404505999164284
"341","MICB",0.710688213315877,0.0846399152445318,0.0410934413390461,0.998419475690512,0.100121836698917,-0.18832555590282,0.216032185127106,0.404357741029926
"342","RTP4",2.23769716388725,0.00521280874332121,0.630959178045186,0.116937557475225,0.605306308085298,0.163221880534786,0.56730628690781,0.404084406373024
"343","ERBB3",-0.720817374092479,0.243438362038909,-0.149262463709771,0.998419475690512,0.0406796739667425,-0.243469485153851,0.160244803839767,0.403714288993618
"344","CTBP1",0.165352536200382,0.592712908241639,-0.00365033143658624,0.998419475690512,0.0341307638691035,0.278768458345709,-0.124737538341826,-0.403505996687535
"345","GNPTG",-0.227810924086009,0.587321531089585,-0.130942966078591,0.998419475690512,-0.132836031860775,0.134876496792579,-0.26859181415118,-0.403468310943759
"346","SYNCRIP",-0.220562547085953,0.537862428146043,0.458124237785703,0.722557595379307,0.15715723459054,-0.0939194012628262,0.308928275988408,0.402847677251234
"347","UBE2D4",-1.09668952378245,0.058028172425133,0.276033940124824,0.998419475690512,-0.172227571144489,0.140881296775739,-0.260811436314599,-0.401692733090338
"348","STX4",0.158047017706068,0.605292803452931,-0.196633899215959,0.998419475690512,-0.177550568904693,-0.468034541904278,-0.0668010711373987,0.401233470766879
"349","TXNDC11",-0.0894377603674667,0.795744644153142,0.0287101919091511,0.998419475690512,-0.257469138775649,0.0289314924821232,-0.372201916829221,-0.401133409311344
"350","IL7",0.679288467677774,0.308217568459237,-0.0647051868976342,0.998419475690512,-0.140198337940196,-0.40860022276569,-0.00782071524694376,0.400779507518746
"351","PRKCB",0.49710765327788,0.23713584692092,0.327488840691263,0.998197234976641,0.198740278683108,0.453131657186178,0.0527779085923782,-0.4003537485938
"352","ALDH1A2",0.168757440365351,0.819292149966669,0.202789697737721,0.998419475690512,-0.0627905972685638,-0.332331815037038,0.0679551411546959,0.400286956191734
"353","MFAP3",0.0719571730092893,0.882135726023768,-0.00346788604713144,0.998419475690512,-0.0307396230658486,0.231939378949275,-0.168240329892921,-0.400179708842196
"354","ALDH1A3",-0.467966425561435,0.480417562969217,-0.0337561285281855,0.998419475690512,0.0721850619130783,0.351528683033762,-0.048136697750438,-0.3996653807842
"355","FOSL2",0.0999276487876544,0.816201719310708,0.0522346341190483,0.998419475690512,0.16619351075709,0.427156967490729,0.0279372695534977,-0.399219697937231
"356","TMPRSS11B",0.0172761009258289,0.985814658764328,-0.139275622156004,0.617812696158297,0.208755907597529,-0.0911734066525398,0.307666768402597,0.398840175055137
"357","COQ8B",-0.167270419318753,0.739821873701313,-0.0277402977712146,0.998419475690512,-0.0589664288015598,-0.343207207084386,0.055360518683953,0.398567725768339
"358","ARHGAP5",-0.320450027950586,0.347055991317059,-0.124217803959616,0.689645489521162,0.0825871938235873,0.310719042830015,-0.0877699289618516,-0.398488971791867
"359","LTBP4",-0.506240701058812,0.275101155847247,-0.305783110789596,0.884404761183143,0.00955935761098037,-0.310857594712933,0.0875186861565578,0.398376280869491
"360","MPC1",-0.308758369929357,0.526239338674461,-0.116201837776891,0.856705671473268,-0.100614398818209,0.128019250757178,-0.270104687113372,-0.398123937870551
"361","EXOSC1",-0.173111907766892,0.734073490071675,-0.00861796179700781,0.998419475690512,-0.0569720050161052,-0.342321748327992,0.0557703026915764,0.398092051019569
"362","MUC1",0.560115675109729,0.410770851708054,0.0272089887493964,0.998419475690512,-0.039166866345992,-0.353129961575751,0.0445984603222633,0.397728421898015
"363","ARPC3",0.553773835597793,0.02121791285998,0.313891475831235,0.998419475690512,-0.0201513368457021,-0.349083892432573,0.0484944739618089,0.397578366394382
"364","DEPP1",0.0119781693859526,0.990650513356436,0.172827777048445,0.575651785302824,0.140184867590798,0.330606797442543,-0.0669707792198885,-0.397577576662431
"365","RORC",-0.043540016071323,0.95072812075822,-0.0187612160437167,0.998419475690512,-0.110257382532377,-0.360142019884436,0.0365654725120327,0.396707492396469
"366","AZGP1",0.0400573922764014,0.975745777642092,-0.0165911661139693,0.998419475690512,0.116151917681763,-0.129759616739942,0.266641213596978,0.39640083033692
"367","CLUAP1",-0.666292519008026,0.223704418510791,0.0765737624255876,0.998419475690512,0.157217288993862,0.42666164323615,0.0303194009346107,-0.396342242301539
"368","PSME2",0.839015120740457,0.00205984921851671,0.463985568012166,0.906608492274627,0.179600169837919,0.411770727586789,0.0157274983682683,-0.39604322921852
"369","LMAN2",0.269683902246208,0.251014835576283,0.160017564444622,0.994739550495444,0.167977805971862,0.419388121524,0.0235262445675351,-0.395861876956465
"370","C2orf68",0.0623056883985855,0.866826492161204,0.0166238630905154,0.998419475690512,0.0961871309689819,0.385855761930446,-0.00996817572630327,-0.395823937656749
"371","IL1RL1",0.402354668183233,0.621018849196986,-0.465222198950755,0.998419475690512,0.161497716057035,-0.124455942547485,0.271105168883047,0.395561111430532
"372","SELENBP1",-0.769940134010607,0.215588170010083,-0.182615332182816,0.936867356766746,-0.044669997666245,0.184598949766246,-0.210781921744605,-0.395380871510851
"373","MRM2",-0.209708806199155,0.706087976896908,0.14284287250794,0.732688073803575,0.208567916339872,0.439680521241013,0.0444268722853118,-0.395253648955701
"374","MRRF",-0.33377754594554,0.358109314860309,0.0622172452093171,0.998419475690512,-0.0354889368257714,-0.323558504418226,0.0709306477549123,0.394489152173138
"375","RCAN1",0.324743681858839,0.419044572711002,0.0403271225162985,0.998419475690512,0.0858500289566518,-0.185453740905182,0.208752561963549,0.39420630286873
"376","TRABD",0.379192863417245,0.219487679656917,-0.105660172841511,0.93532467061693,-0.210243491344468,-0.392496389449105,0.00150157559510116,0.393997965044206
"377","HIP1R",0.0204132378923114,0.978333874032867,-0.151418358562521,0.928775506569602,-0.0885234757786634,0.184902932270571,-0.20897647358597,-0.393879405856541
"378","TYMS",0.362570004235991,0.662973685380229,0.22224643568841,0.980682888930444,-0.0116872507191071,-0.331824631923494,0.0616075689351875,0.393432200858682
"379","DBNDD2",-0.88834820497842,0.0294869738407149,0.0945012485089929,0.998419475690512,0.0838759795866262,-0.121374591975029,0.271331924770641,0.392706516745671
"380","NDRG4",-0.357629496872707,0.693735502415778,0.314057360834695,0.770214640379157,0.0850047132944712,0.428066790518922,0.0355704318095609,-0.392496358709362
"381","MIA",-0.4329392935323,0.562250126243497,-0.667750647548704,0.879850494349592,0.00864349542616798,-0.277440010287393,0.114774684122312,0.392214694409705
"382","PRPF6",-0.0716287652393323,0.819292149966669,0.0957893709565115,0.998419475690512,-0.0527990090581937,-0.286006285827675,0.106113899309264,0.392120185136939
"383","RALB",0.377575015084917,0.180080854604851,0.2640205462088,0.967173265821445,0.134443328982597,-0.170521412024733,0.221499052782465,0.392020464807199
"384","FCAR",0.0854054731836823,0.907299970440143,0.00104930213027826,0.998419475690512,-0.0887439855593911,0.178052402935866,-0.213867862529412,-0.391920265465278
"385","CD3E",1.72486213963553,0.00869032835514523,-0.0343997083680419,0.998419475690512,0.0968461261979549,-0.190814490695168,0.200985242824668,0.391799733519836
"386","ITGB1",-0.234913370894644,0.319436505071608,0.016376710994531,0.998419475690512,-0.0984182586123233,-0.301569348643766,0.0897973794486486,0.391366728092415
"387","NT5DC3",-0.461468409558975,0.374822228707812,0.103856492789485,0.998419475690512,-0.0903672107642856,0.184655565014498,-0.205866046643742,-0.390521611658239
"388","HMBS",0.0146644366980525,0.987270304696774,-0.169624427666093,0.998419475690512,-0.0042735983310009,0.260592316806542,-0.12916125287604,-0.389753569682582
"389","STAP1",2.13301141254665,0.00386663957851926,0.0485206481035574,0.998419475690512,0.0999087168120196,-0.218726714836751,0.170850680620289,0.38957739545704
"390","TIAM2",-0.270704337192326,0.729126841321603,-0.0478260683087317,0.998419475690512,0.0139043243671329,-0.259579526533165,0.129847389602297,0.389426916135463
"391","MAP3K11",0.0885789280192161,0.845705462860143,0.0969231457078326,0.998419475690512,-0.100416561775294,-0.39497695876359,-0.00699237223433005,0.38798458652926
"392","HADH",-0.74479979250138,0.147997503237843,0.304357833469403,0.998419475690512,-0.014641525386064,0.250384951164699,-0.13747013593026,-0.387855087094959
"393","CNN2",0.432048580413288,0.101562055252462,0.118958159922749,0.998419475690512,0.0693110911136744,-0.223969061220526,0.163410670748858,0.387379731969384
"394","PUDP",0.18012097761928,0.746135869082698,-0.219155311154238,0.998419475690512,0.042089425301352,0.262167132785289,-0.124918288393213,-0.387085421178502
"395","JOSD1",-0.29231922625988,0.44629432012391,-0.00327628725886826,0.998419475690512,-0.131085855555506,0.152381248401754,-0.234655047885548,-0.387036296287302
"396","MMAB",-0.58780918065195,0.304420873009136,-0.183381990064336,0.763024498482144,0.116792669313921,0.298316148829705,-0.0884688773552007,-0.386785026184906
"397","HTATIP2",0.20272500854182,0.528856228076609,-0.00670106502383334,0.998419475690512,-0.040664672934123,0.253800552636474,-0.132830957817739,-0.386631510454213
"398","NKIRAS1",0.0497088854349168,0.923046369285621,0.231738298367161,0.849533369989811,0.0228138861972203,-0.246515146403522,0.139747509200207,0.386262655603729
"399","IER2",0.659611578241518,0.0428026258048741,0.198834335229078,0.998419475690512,0.213592725776616,-0.0820228957317641,0.304000522056923,0.386023417788687
"400","MAN1A2",-0.139414614205282,0.637349518726748,-0.0378882024253604,0.998419475690512,0.150808533614549,-0.0976130027521286,0.288170261976252,0.38578326472838
"401","B4GALT5",0.49319293951017,0.0390131111633077,-0.026662878389836,0.998419475690512,0.00360485040258312,0.305105941227291,-0.0800679173715775,-0.385173858598869
"402","SEMA4C",-0.315674560142438,0.578126310385159,-0.0286939455262308,0.998419475690512,-0.0626005033473048,-0.335555596268796,0.0494608605025183,0.385016456771314
"403","IVD",-1.12047840332738,0.00760407040857824,0.0992572898162789,0.998419475690512,0.0782944184323218,0.359395220960464,-0.0254659895836287,-0.384861210544092
"404","SSNA1",0.356936028797428,0.487165178412468,0.378555056219599,0.322185345136725,-0.00133135822602309,0.220718496857421,-0.164056238812705,-0.384774735670127
"405","CDC42",0.0698982494184191,0.817906531313259,0.386000606923286,0.998419475690512,0.0255905357413561,-0.25315466071642,0.131413898841541,0.384568559557961
"406","LCP1",0.143269034434076,0.769319291715862,0.410998468790634,0.960940008943582,-0.0213671694322097,-0.324180247502375,0.060290226871935,0.38447047437431
"407","ARF6",0.22622504990754,0.4576117913628,-0.0282134775691772,0.998419475690512,0.117901007872082,0.386595066108983,0.00326343171184162,-0.383331634397141
"408","SPIN3",-0.170139355500085,0.81138954269221,-0.0566084129572121,0.998419475690512,-0.00793632797102587,-0.295340404744313,0.0866793883782731,0.382019793122586
"409","DAPK2",0.410774334503951,0.470687805712851,0.153334008288031,0.998419475690512,0.0877302965207815,0.347136690536001,-0.0345308731828837,-0.381667563718884
"410","MPST",-0.120425157920005,0.81138954269221,-0.0331613942021917,0.998419475690512,-0.0295049078206262,-0.306382806564735,0.0751170767825712,0.381499883347306
"411","LDLRAD3",0.412857923124227,0.359167534601918,0.041345294125182,0.998419475690512,0.127040190134626,0.372669895117421,-0.00870022538924049,-0.381370120506662
"412","AGO3",0.0491777475204818,0.890014459338149,0.162084849680669,0.998419475690512,0.0427444943714834,0.291201291807485,-0.0897294396660122,-0.380930731473498
"413","NAGPA",-0.560574235527059,0.142008193117674,-0.0512362358671856,0.998419475690512,0.0161708461407,-0.2612665675713,0.119638653289855,0.380905220861155
"414","ZBTB7A",0.128717890265043,0.725201818794902,-0.0119525889036859,0.998419475690512,-0.0323684908424304,-0.28452126421015,0.0963411231299321,0.380862387340082
"415","ABL2",-0.055156916040354,0.912825840868154,0.173764653142676,0.577776069661935,0.0241082702782035,0.283724800090509,-0.0957278992861722,-0.379452699376681
"416","CFTR",0.404898743397343,0.729137278611687,0.0335626259863978,0.998419475690512,0.129715626340049,0.392757230471989,0.0134442385120016,-0.379312991959987
"417","ASPRV1",0.15522979643085,0.853603588847849,-0.123342632689203,0.998419475690512,0.015502900199231,-0.187380202995801,0.191742348680643,0.379122551676444
"418","REPIN1",-0.362488862578506,0.233599783128161,0.00555810076865111,0.998419475690512,0.10964464219787,-0.149503906973793,0.228741198355319,0.378245105329113
"419","RPA2",0.19129369625575,0.636624319174775,0.0602432194244492,0.998419475690512,-0.137829025523737,-0.420316533707586,-0.0421701049651495,0.378146428742437
"420","ACTN1",-0.021605649846618,0.956587767919822,0.438104251029569,0.853216168095328,0.134539436423931,-0.112107199353944,0.266037152364107,0.378144351718051
"421","APOL3",0.936488052105977,0.141069861279688,0.189005393004326,0.969580221712648,0.160201002972841,0.441938451581527,0.0641246325999817,-0.377813818981546
"422","CPM",-0.381161686017823,0.344553606578141,-0.861585429929874,0.0787726078702067,-0.049543494974327,0.106224795020735,-0.271293250309568,-0.377518045330303
"423","PITPNA",0.125456067108893,0.765562725403082,0.0593949717753424,0.998419475690512,0.206440147849013,-0.0289136427723385,0.348163798968583,0.377077441740922
"424","RUVBL1",-0.386811068240648,0.44897764702923,0.016241310772463,0.998419475690512,0.300857426966791,0.517054679400534,0.140929283685291,-0.376125395715243
"425","TOR1AIP1",0.46985206374173,0.0742902675838505,0.306256979722373,0.543548945616488,0.00652021716479871,-0.340591784801446,0.035477665697563,0.376069450499009
"426","PICK1",-0.176506903501539,0.791437028140361,0.0779920032848337,0.998419475690512,-0.0438479907080635,0.21173545361826,-0.163867835986508,-0.375603289604768
"427","ENAH",-1.06738352464316,0.0625734056495755,-0.141394185640744,0.998419475690512,0.235888940569447,0.441766604623577,0.0662768285838762,-0.375489776039701
"428","ARHGEF2",-0.0828069972930437,0.841888288395624,0.151603046757597,0.963204148073108,0.0368784229865198,0.354365587892396,-0.0207297962957563,-0.375095384188152
"429","PIN1",-0.106574712098969,0.860123867235786,-1.00241224325871e-05,0.999910468614948,-0.045397302208475,0.187194731275239,-0.187838702825314,-0.375033434100553
"430","ABHD10",-0.181194835233181,0.695795168369526,-0.0132450829901619,0.998419475690512,-0.040208324796206,0.174939529606138,-0.200011734326626,-0.374951263932764
"431","FRS2",0.226364955578493,0.598080560712398,-0.140581919274541,0.857501682187315,0.111752194257844,-0.128525119270792,0.245903600914419,0.374428720185211
"432","SUDS3",0.00122767669228045,0.998592085941021,-0.0597207971984223,0.998419475690512,0.193151363683871,0.398653512341521,0.0244213532815035,-0.374232159060017
"433","NT5C2",0.520097044928611,0.0198703001484431,0.391315584241261,0.92176636441159,0.0548661127166901,-0.284574367983237,0.0888282315261017,0.373402599509339
"434","NFKB1",0.137293647052813,0.804510953064662,0.187098683252532,0.998419475690512,0.308100488242653,0.0387106973413821,0.411565000336187,0.372854302994805
"435","PEF1",0.33175141508131,0.222543100447853,-0.0281732222152996,0.998419475690512,0.0390899418483335,-0.221459449629519,0.151338568180105,0.372798017809623
"436","SHANK1",-0.25428468313882,0.812896437211893,-0.128946946760588,0.674452248637249,-0.0698832990719744,-0.35206572421336,0.0206079857522999,0.372673709965659
"437","S100A4",0.196093896574029,0.709724386711007,0.0485137750922891,0.998419475690512,0.11922391471285,-0.170079327537858,0.202472339228165,0.372551666766023
"438","NRP2",-0.534420420767189,0.062969298050022,-0.243318143873237,0.998419475690512,0.215806900704199,0.431102996285102,0.059058283917804,-0.372044712367298
"439","DCBLD1",-0.324786595434983,0.600487750893062,0.0360660946583757,0.998419475690512,-0.107067090171045,0.14938995951313,-0.222606375360849,-0.371996334873979
"440","CTNNBIP1",-0.0424363500880214,0.959031790956765,-0.0436167940991867,0.998419475690512,0.0314802472514991,-0.213009220572895,0.158721410547509,0.371730631120404
"441","GLDN",-2.15482147615636,4.99613053908874e-06,0.158499815013886,0.998419475690512,0.0733141084378483,0.286568587394496,-0.0847053501659757,-0.371273937560472
"442","PLAUR",0.0144035974804473,0.985476042626603,0.310335887893268,0.673966325767665,-0.179800342963779,-0.446874355838501,-0.0756266193424182,0.371247736496083
"443","GNLY",2.91497318091268,2.35838117520696e-05,1.67309519867616,8.78024183608423e-05,0.812414045998074,0.405502295296324,0.776224598831102,0.370722303534778
"444","IRF9",0.794317321155448,0.000462379974101265,0.00787886784501407,0.998419475690512,0.151799705480776,0.463667048614171,0.0932147281407209,-0.37045232047345
"445","ZFAND2B",-0.0318455350184307,0.935692805001841,0.0918041168121892,0.998419475690512,-0.0326411660449774,-0.286109729373833,0.0842735307784758,0.370383260152309
"446","MAPKAPK3",-0.0597488406710514,0.883249247904124,0.409188919436066,0.998419475690512,-0.148913054554455,-0.424723834588163,-0.0543453949816111,0.370378439606552
"447","YEATS4",0.0221209425949817,0.981342243359121,-0.0635853675774633,0.998419475690512,0.108044763341518,-0.147178414060311,0.222608330384998,0.369786744445309
"448","CBL",-0.126588983411092,0.742759644038964,0.109312763742313,0.998419475690512,0.0872851205145862,-0.173346102153332,0.196293665622554,0.369639767775886
"449","WTAP",0.31917442273337,0.379256325704343,-0.0744238050146799,0.998419475690512,-0.30857508394113,-0.52302786982797,-0.153852541683523,0.369175328144447
"450","SIGLEC1",1.40118843881283,0.0603314930559375,0.0335052193037423,0.998419475690512,-0.111056062260472,0.15321891309728,-0.215817116057603,-0.369036029154883
"451","EIF1AY",0.356484535070475,0.480260119516156,0.0556271135328538,0.998419475690512,-0.0590753317316044,-0.339992008230226,0.0289433047560188,0.368935312986245
"452","PRKCD",0.321897009524407,0.246640019954715,0.0180109990245534,0.998419475690512,0.112198515353934,0.392430067726267,0.0235119711969351,-0.368918096529331
"453","ATF3",0.706351889462396,0.0757103096281221,0.0053917251386979,0.998419475690512,-0.135576776065738,0.105537839802043,-0.262298908087428,-0.367836747889471
"454","ADGRF1",-0.0568927274476323,0.942992024256014,0.105958432936866,0.998419475690512,0.0777206026460786,0.331935988198816,-0.0353241404206288,-0.367260128619444
"455","YAP1",-0.823034639657784,0.123797638850831,-0.185076686116572,0.998419475690512,0.356295583102232,0.595476745381964,0.22843763715384,-0.367039108228124
"456","IFT20",0.0458607741889934,0.915746032063861,-0.104277666819447,0.998419475690512,-0.00843390258690907,0.234268813672623,-0.132574027402813,-0.366842841075436
"457","PYCR2",-0.577965813155914,0.0695290201245568,0.00339579668303563,0.998419475690512,-0.0858717148947756,-0.352211828098954,0.0146274693618357,0.366839297460789
"458","EIF4G2",0.0466571896497847,0.881377970459063,-0.0183546089742713,0.998419475690512,0.0194943716983584,-0.242301866839777,0.124399233060949,0.366701099900726
"459","OLIG1",1.13342709096106,0.0437773257041133,-0.0283713485369641,0.998419475690512,-0.00203693175266845,0.250327010318445,-0.116372344644245,-0.36669935496269
"460","CCN2",-0.279022352187402,0.765562725403082,0.0696928914808566,0.998419475690512,0.0869768834648692,-0.12224594266832,0.244315027283996,0.366560969952316
"461","PLAAT4",1.63565578858371,0.00628864035453334,-0.001667861449907,0.998419475690512,0.258469111528413,0.508692170267031,0.142183151836143,-0.366509018430888
"462","MRPL38",-0.0419590185407484,0.958551654917781,-0.00362132694637365,0.998419475690512,-0.0065887526564707,-0.288257966200036,0.0777846134177515,0.366042579617788
"463","ARL6IP1",-0.141495458702748,0.606987061377891,-0.0103412541874797,0.998419475690512,-0.0792262102643597,0.165021570545531,-0.201007515476486,-0.366029086022017
"464","CNGB1",0.283166305146051,0.781423349773849,0.0015862687393666,0.998419475690512,0.122137401530859,0.374329047191756,0.00834326685008213,-0.365985780341673
"465","PHB2",-0.0872931221543366,0.838099159171274,-0.0291360202797864,0.998419475690512,0.0881585822981564,-0.163487092566651,0.202233750918805,0.365720843485456
"466","PRKAR1A",0.169861784052669,0.499002028385572,0.354223022806457,0.852897961585174,0.196676516575229,-0.0709372780231549,0.294203624951823,0.365140902974978
"467","NPDC1",-0.0214522432600415,0.983793774094201,-0.187693492820497,0.781368446819726,0.0674785259419902,-0.173074044042939,0.191893696096604,0.364967740139543
"468","FAM162A",-0.726909532271074,0.071509176034804,0.0476971180762236,0.998419475690512,-0.0163959158717309,-0.280607554726918,0.0837425215030446,0.364350076229963
"469","GNPDA1",-0.248703853986091,0.511414401569523,0.417131031502113,0.906608492274627,-0.210865746933181,-0.426606831431303,-0.0624187854134221,0.364188046017881
"470","DDI2",-0.480059083632891,0.0879846113459771,-0.23448793542525,0.998419475690512,-0.042885428698148,0.147348244829794,-0.216711535550032,-0.364059780379826
"471","CD83",0.0344420197940418,0.966687268859258,-0.049663517790315,0.998419475690512,0.135070033493905,0.408393844564201,0.0446468204745863,-0.363747024089615
"472","GLO1",-0.54563473469115,0.190408103106379,-0.0252192483447726,0.998419475690512,0.0593942083658079,0.271840787657723,-0.0913862828062712,-0.363227070463994
"473","DDX6",-0.0637052436511084,0.868155355591543,0.314948321254698,0.998419475690512,-0.00902776115578781,-0.28354401570391,0.0794259192707564,0.362969934974666
"474","NKIRAS2",0.218060581707994,0.374590370948019,0.0391928321386698,0.998419475690512,-0.157426457092968,-0.433904632854622,-0.0709982127669581,0.362906420087664
"475","PLOD3",-0.632859495233754,0.0328651202973293,0.257646053833985,0.998419475690512,0.0389643149994019,0.320579262420628,-0.0421955961994728,-0.3627748586201
"476","RNF149",0.079054366684111,0.898581641001201,0.0506848270194558,0.998419475690512,0.116339509957902,0.382458090302531,0.0196932724977635,-0.362764817804767
"477","CLTA",0.071638148116255,0.835767965007207,0.0267432232276561,0.998419475690512,0.258650140643517,0.488554080721182,0.125871807550569,-0.362682273170613
"478","CSNK2B",0.0276173243366779,0.935385714287199,0.059674934251088,0.998419475690512,-0.0790758896741681,-0.352851866170188,0.00948584000279287,0.362337706172981
"479","ARFIP2",-0.596037144139958,0.0707884109706444,-0.117652997455117,0.998419475690512,0.273219936402134,0.480947818292416,0.119310066530005,-0.361637751762411
"480","EID3",0.478157607816161,0.311822331655507,-0.15709202232694,0.265864449909381,0.0316074731066242,-0.210638318739198,0.15078538467978,0.361423703418977
"481","MRPL34",-0.49878114849958,0.377639227427779,-0.00474786846893127,0.998419475690512,0.0532488029192465,-0.180333935465603,0.181046419240855,0.361380354706458
"482","RAB6A",0.084167245856494,0.801344502945407,0.0787002650203329,0.998419475690512,0.0226775350227889,0.245409041981614,-0.115968079047256,-0.36137712102887
"483","CALCOCO2",0.260466523414037,0.359143439396515,0.0268968967648018,0.998419475690512,0.236058025256789,-0.0316452939485062,0.329690224295254,0.36133551824376
"484","TPM4",0.384357074880771,0.0765641023640588,0.182424048712066,0.906608492274627,0.0454327521931447,-0.251630744251668,0.109660174695081,0.361290918946749
"485","MFNG",-0.302357508356713,0.533510579377924,0.0408752877033389,0.998419475690512,-0.051412573015101,0.198766992378651,-0.161934427822168,-0.360701420200818
"486","AMT",0.00423611646436329,0.996248953157761,-0.00797569240096146,0.998419475690512,-0.0115939291284136,0.19233082345132,-0.168241540635858,-0.360572364087178
"487","NAT14",-0.567467375037341,0.401937417994972,0.181162872562013,0.994739550495444,-0.141429644850044,0.141075564173423,-0.219270600053803,-0.360346164227227
"488","OTUD5",0.392120984961014,0.0443664283799895,0.107340030022146,0.998419475690512,0.00144047020760547,0.230108710023722,-0.13000407389609,-0.360112783919811
"489","S100A10",-0.0271599943235921,0.959784463013115,-0.0815048176603525,0.998419475690512,0.2619174996927,0.484544784329079,0.124687025349354,-0.359857758979725
"490","QDPR",-0.528285763931655,0.309181788565976,0.310805539631357,0.998419475690512,0.00540969926444327,0.2577268612672,-0.102107441149063,-0.359834302416263
"491","COMMD9",-0.35855438079349,0.288189728403455,0.11334660762274,0.998419475690512,-0.239229135224749,-0.481649661864571,-0.122070506547599,0.359579155316972
"492","GLRX3",-0.277193195875486,0.315919898224485,0.445813688226358,0.998419475690512,0.11744591364057,0.40591871120415,0.0464337022838396,-0.35948500892031
"493","UBE2D3",0.369874977923906,0.108277828689655,0.111813048629712,0.998419475690512,0.0580469385018752,-0.210546865937048,0.148849035260258,0.359395901197306
"494","LYRM1",0.776423592109924,0.00105383594743339,-0.0387595086385941,0.998419475690512,-0.0524849717525064,-0.314349032827618,0.0446172656732112,0.358966298500829
"495","PDCD5",-0.224741621179169,0.726471919969047,-0.0643707770999103,0.998419475690512,0.176632102913035,-0.0646585402891708,0.294177944640471,0.358836484929642
"496","CEP112",-0.321992193085905,0.719466239003262,-0.0387362831351692,0.998419475690512,-0.0457082366342388,-0.265142729579579,0.0935328941016049,0.358675623681184
"497","EPS8L2",-0.534746472294808,0.395191557312299,-0.253455888533148,0.968200886529169,0.210591349567115,0.42398690319586,0.0654008826100962,-0.358586020585764
"498","UNC13D",0.134423657142323,0.756678991314162,0.0903269280895855,0.998419475690512,-0.037063459945515,0.229037106592725,-0.129353828920376,-0.358390935513101
"499","BCL2A1",0.611521147055043,0.123503026097083,0.0411745792689248,0.998419475690512,-0.0441250512789514,-0.29787240013217,0.0604825283950645,0.358354928527235
"500","BRD1",-0.0132511376652869,0.978630005228129,-0.0220188464938294,0.998419475690512,0.0665093470917653,-0.194127701374382,0.163700079999146,0.357827781373527
"501","GCDH",-0.192811027939948,0.802911695123694,0.0313544755352723,0.998419475690512,-0.0301299735317291,0.177983403692925,-0.179532149127907,-0.357515552820832
"502","SNX4",0.166789017406671,0.734584994876686,-0.3170588526118,0.565795148183683,0.21331090198671,0.424857850218582,0.0674518499989358,-0.357406000219646
"503","EEF2K",-0.716435300085219,0.0486516792521281,0.0563564307462205,0.998419475690512,0.116421820853331,0.406717927544268,0.0494586105576645,-0.357259316986603
"504","NUB1",0.983512156177048,0.0172236417293378,0.160892983916802,0.998419475690512,0.32732716770214,-0.00129085593164575,0.355598495772731,0.356889351704377
"505","CCDC126",-0.11687745171725,0.82105592908281,0.00763625672549408,0.998419475690512,0.152396966549574,0.393136457760477,0.036358739024502,-0.356777718735975
"506","PACSIN2",-0.0382418924553168,0.933391572761302,0.110767657196442,0.998419475690512,0.107290741493903,-0.127610591995769,0.228823079861247,0.356433671857016
"507","COL18A1",0.567855327281232,0.247344073245285,0.160246869789565,0.776604021167797,-0.249645065140953,0.0212372036652503,-0.335167086616421,-0.356404290281671
"508","RTN1",-0.843650485795526,0.0384078674978085,0.0724847624827872,0.998419475690512,0.100435263941045,-0.0557864616077471,0.300471349694732,0.356257811302479
"509","G0S2",0.285571705949455,0.689867087006822,0.0157461399709804,0.998419475690512,0.0857406024867379,0.278484013574075,-0.0776652198668625,-0.356149233440937
"510","BECN1",0.0345356792667373,0.885800950109692,-0.0039288383968745,0.998419475690512,-0.0635988408547048,0.159126470892708,-0.1969934442848,-0.356119915177508
"511","LZTFL1",-0.724624536203267,0.183786988840224,-0.580290008360644,0.648034266594097,0.147957986313065,0.363311636062276,0.00726368382990978,-0.356047952232366
"512","AARS1",-0.40884605410235,0.211048175430654,0.344387452870419,0.906608492274627,0.0536918342392132,0.369929607670186,0.0143024991553016,-0.355627108514884
"513","BPNT1",-0.0606086538458513,0.941791957414145,0.185024285486766,0.998419475690512,0.0780240389190133,0.324044367399192,-0.0314040603950161,-0.355448427794208
"514","LCN2",0.884568536925224,0.202512089281503,0.35025553964417,0.998419475690512,0.0682734523834721,-0.192080337411089,0.163134845460689,0.355215182871779
"515","MGAT2",0.329686012357911,0.592016220459265,-0.0422552366773526,0.998419475690512,-0.017221121048782,0.225864407009789,-0.12918250892272,-0.355046915932509
"516","IRF5",0.267698505419963,0.578593883299323,0.0585490177451695,0.998419475690512,-0.0320517435187156,-0.292295340927992,0.0627463221291592,0.355041663057151
"517","FLT1",0.187615194880904,0.705610358078378,0.104174296015829,0.998419475690512,-0.0657101360401147,0.199597591154728,-0.15540939870826,-0.355006989862988
"518","AARSD1",-0.242701075272042,0.69038993399933,0.0464107226581743,0.998419475690512,0.136139411832492,0.372320472738244,0.0173197014429655,-0.355000771295279
"519","NSMCE1",-0.285325755078093,0.5918529068613,-0.131786923564035,0.716792830623108,0.19614096392282,0.35282515728449,-0.00189853665467616,-0.354723693939166
"520","BPGM",0.303345436723302,0.488470648632697,-0.177483628811217,0.998419475690512,-0.0238507688830012,0.198101262378392,-0.156313138212118,-0.35441440059051
"521","KIAA2013",0.125363747958881,0.70218654545574,-0.0125604616826886,0.998419475690512,-0.0146446870257365,-0.263351256363437,0.0905831120988005,0.353934368462238
"522","SNRPB2",0.29922394907107,0.545192589849891,0.111448626096274,0.998419475690512,0.0933577194069767,0.335714275922831,-0.0179435737406524,-0.353657849663483
"523","RAD23A",-0.11565937224284,0.743061508119575,-0.0158839408783232,0.998419475690512,0.0862854048633119,0.275957327986123,-0.0774945537375833,-0.353451881723706
"524","DNAJB9",-0.18527256325029,0.678012053692148,-0.157348914927474,0.844219646885179,0.0169452657995363,-0.202744336009856,0.15057726788128,0.353321603891136
"525","WFDC3",0.0907190682967701,0.920440959367519,0.122283622095518,0.998419475690512,0.0228171975059356,0.27287720416587,-0.0798268260149492,-0.352704030180819
"526","EPHA1",-0.0713769959185577,0.922533020772567,0.0326343156550982,0.998419475690512,-0.0256479767445538,-0.26074520807453,0.0919075531328097,0.35265276120734
"527","GATAD1",-0.507421639917292,0.126229868762016,0.329134327427716,0.844219646885179,-0.07200123304114,0.231603951661367,-0.120569011616716,-0.352172963278082
"528","VAMP1",0.306410953484862,0.555643333067073,0.0213731969559804,0.998419475690512,0.106473999647494,-0.0816818044516077,0.270477791102657,0.352159595554264
"529","SPR",-0.846391972349251,0.0625734056495755,-0.0618472661604878,0.998419475690512,-0.0595618776016089,-0.353300875356576,-0.00135525217339224,0.351945623183184
"530","PFKM",0.0619464064266185,0.948335507839644,0.187686060258484,0.998419475690512,-0.057919785176317,0.199080746396535,-0.152780341603982,-0.351861088000517
"531","INPP5A",0.00660520521409841,0.992364094092253,-0.036123122102511,0.998419475690512,-0.000453525391313152,-0.234356740628573,0.117444949774294,0.351801690402867
"532","ITGAV",-0.309418397170547,0.355506423724914,-0.0462342493419211,0.998419475690512,-0.0195778298178972,0.197289656217947,-0.154408534616237,-0.351698190834184
"533","KCNRG",0.31900022937481,0.605747597447828,-0.0766530429860496,0.998419475690512,-0.00471646353432055,0.221871002613055,-0.129601252001367,-0.351472254614422
"534","TIRAP",-0.178221428954224,0.770262371391323,0.00718698266795114,0.998419475690512,0.0298216775469968,0.275035920088164,-0.0764361151099839,-0.351472035198148
"535","SCPEP1",-0.126567941655015,0.770879409900263,-0.810399835246278,0.00822031308283503,0.17182707994744,0.384513147476315,0.0330871346478124,-0.351426012828503
"536","CERT1",0.0546850792495853,0.845705462860143,0.00352132247251791,0.998419475690512,0.0367728135079149,-0.212170222885043,0.139201046043955,0.351371268928998
"537","IARS1",-0.661141822599663,0.0125773770797307,0.0301208580161802,0.998419475690512,-0.172313955737633,0.0668664768415624,-0.28446588759909,-0.351332364440652
"538","CD244",1.05128637546798,0.030369801484852,-0.0321032573118705,0.998419475690512,0.133303671485155,-0.11488457470077,0.236364339046545,0.351248913747316
"539","HMGCL",-0.0908680212537875,0.83173718688735,-0.430392093026974,0.723431915013577,0.0295465086341259,0.229221563628479,-0.121953629381174,-0.351175193009653
"540","NT5C3A",2.15032194445087,0.000793662982829973,-0.0206775167116507,0.998419475690512,0.172481626134684,0.510351122441654,0.159247627152431,-0.351103495289223
"541","NDUFA5",-0.110769429979053,0.790392227499735,-0.0450263500381506,0.998419475690512,-0.0161959513008556,-0.284951215644769,0.0659912218459546,0.350942437490724
"542","GZMB",2.7346420932539,3.52332235391569e-05,1.56586509631151,0.00192534547728093,0.799689223405122,0.415591080449456,0.766431110080478,0.350840029631023
"543","TRIM21",1.27859795965287,1.30778632122898e-05,0.540818995390142,0.744984064345224,0.206380807604237,-0.196006236552427,0.154822798609996,0.350829035162423
"544","ZFYVE27",0.0256189078045835,0.966517832735378,0.00732169754976495,0.998419475690512,0.0681405102095035,0.310151300127025,-0.0404997926966516,-0.350651092823677
"545","CD36",-1.13141023463839,0.00203186299454571,0.115223427534527,0.998419475690512,0.0808202306894751,0.362466641981842,0.0118677339032081,-0.350598908078634
"546","PPP1R8",0.185243888782265,0.637349518726748,0.0448327181474064,0.998419475690512,-0.262566449255506,-0.010889417629491,-0.361347017533974,-0.350457599904483
"547","EVI2A",-0.0215021780018662,0.978758676805686,0.0256704448628242,0.998419475690512,-0.10786649768846,-0.365164866216736,-0.0150169235011516,0.350147942715585
"548","TFB1M",-0.545276256113376,0.24903807481115,-0.0435966054467156,0.998419475690512,-0.000899624714396374,0.201212180765807,-0.148263271847038,-0.349475452612845
"549","H1-2",0.463794024084764,0.311939053373313,-0.0232847394595688,0.998419475690512,0.115748083530181,0.346598888058358,-0.00262599663950052,-0.349224884697859
"550","ALDH2",-1.05340748669944,0.00373438355646406,-0.109325189487219,0.998419475690512,0.274004121000956,0.425664641849876,0.0765026793402907,-0.349161962509586
"551","SPI1",0.239493386160395,0.482009393420957,0.431612861878886,0.583792845865603,0.15560336031305,-0.154291128630852,0.194772369776734,0.349063498407586
"552","EXOC7",-0.0578617412304329,0.83188009344693,-0.0216763801676372,0.998419475690512,-0.0278456777076213,-0.233985659057684,0.115037752566727,0.349023411624411
"553","GNE",-0.16945435829343,0.69678843426485,0.130880086347538,0.812397933483493,0.140422033329504,0.441463346351417,0.0928862661844739,-0.348577080166943
"554","USP21",-0.150771864990045,0.826252290714521,-0.00997898066733219,0.998419475690512,0.0847009899134637,0.282990264831266,-0.0654329304860364,-0.348423195317303
"555","KIF3A",-0.683742434884946,0.120585453379371,0.0912847976706725,0.998419475690512,0.23378892929127,0.483395244523682,0.134982808895453,-0.348412435628229
"556","EIF4EBP3",0.352308872398348,0.618321304992282,-0.0869322951376481,0.998419475690512,-0.171019227149391,-0.385873487354563,-0.0376291921551676,0.348244295199396
"557","NAGLU",-0.47701190828946,0.328783061527167,-0.0343065964074365,0.998419475690512,0.100491905229047,-0.10250439219888,0.245739465932223,0.348243858131103
"558","GRAMD1C",-0.469544830704881,0.432284494186481,-0.0287629034780017,0.998419475690512,-0.0245956855967229,-0.308586713119646,0.0394835185588116,0.348070231678458
"559","MAPKAPK5",-0.313017618622104,0.359031732469747,0.0787651750501246,0.861410095495095,0.139084705353539,-0.062005485876525,0.286043502161421,0.348048988037946
"560","IL15",0.710955170329489,0.154771323670931,-0.18728687584783,0.954918486558191,-0.106869651214623,0.123541773602942,-0.224457385913807,-0.347999159516749
"561","AACS",-0.0369688830968464,0.961929016094809,0.389982780105512,0.653028715766797,0.0396295954292816,0.292785172620216,-0.0549668946341082,-0.347752067254324
"562","RHOQ",0.198912853685788,0.642155506666604,0.376491824607264,0.857501682187315,-0.0307147657745242,0.185256994927539,-0.16247272794557,-0.347729722873109
"563","BTN3A3",1.06696384896537,0.026392373075463,-0.117626532906177,0.853216168095328,0.210023437428194,0.0454089328710624,0.392750872188464,0.347341939317401
"564","PCYT1A",0.207856096804545,0.482681844526284,0.137174712575833,0.998419475690512,0.026930785118501,-0.257782203174617,0.0893352708948323,0.347117474069449
"565","FANK1",-1.34417936473823,0.0525400731482639,-0.132224222708561,0.587241242804315,0.162151155263088,0.245465382310932,-0.101612620446321,-0.347078002757253
"566","TNFRSF25",0.619481482665768,0.308218247796718,-0.457385219801352,0.543548945616488,-0.00616029783347439,-0.22094519953555,0.125953518715552,0.346898718251102
"567","PYGL",0.00500922117423475,0.995312551170306,0.533243746678664,0.979608889726842,0.0942492520233046,-0.175319052289022,0.171559879478077,0.346878931767099
"568","KCNAB2",-0.307917624016584,0.329917477099894,0.0849689769631003,0.998419475690512,-0.0371626163155832,-0.242641207983501,0.104068535111252,0.346709743094753
"569","CCN1",-0.293942934448024,0.719344897418522,0.1875408753691,0.998419475690512,-0.0956313939493523,0.166567644211792,-0.180126711791847,-0.346694356003639
"570","DNAJB13",-0.875330141230994,0.188745402283602,-0.843518509764568,0.150201687155049,0.282361125894451,0.43027465122314,0.0837551609842084,-0.346519490238931
"571","IL2RB",1.38447209038126,0.0277285597551301,0.0618395734274577,0.998419475690512,0.157897874052867,-0.0787323119390608,0.267746048868536,0.346478360807596
"572","TLR4",0.175360900590028,0.73748618773707,0.0877534690059609,0.998419475690512,0.165198326879623,0.433060414747427,0.0866464639481024,-0.346413950799324
"573","MSRB1",0.6623864205917,0.0978525688973046,-0.054192792894314,0.998419475690512,0.113652986639091,0.395186095516206,0.0488957246564047,-0.346290370859801
"574","COMT",-0.332155715212204,0.401313900984747,0.0309156015408773,0.998419475690512,-0.0134990689845662,0.213060443284292,-0.133087589568434,-0.346148032852726
"575","MARCO",-1.59422212532237,0.00119215987598956,0.0989808270928178,0.998419475690512,0.15084163197077,-0.0415483674665178,0.304325249807924,0.345873617274441
"576","VCAN",-0.430068997515615,0.550270560577451,-0.037525001873696,0.998419475690512,0.038990060739456,0.291508303020742,-0.0537074628510807,-0.345215765871822
"577","IGFBP3",0.692558262435628,0.375841657986997,0.19438124487706,0.936867356766746,0.0602709929806184,-0.186595907661694,0.158540115350911,0.345136023012605
"578","SPDL1",-0.569894585502011,0.332883026486963,-0.026664095747021,0.998419475690512,0.190265685140447,-0.0504893414938198,0.294250787426244,0.344740128920064
"579","APEX1",-0.487537524920895,0.279530923460207,0.414496025714018,0.998419475690512,0.0912246953080589,0.3560653649164,0.0113765006190716,-0.344688864297329
"580","CRAT",-0.172136936944903,0.739642666774339,0.139786774180977,0.998419475690512,-0.0589845183125278,-0.278674789632618,0.0652285645954609,0.343903354228079
"581","PLCD1",0.469103027258681,0.372264478266813,-0.175166711445164,0.998419475690512,-0.153548589362826,-0.374470804365899,-0.0306118989901455,0.343858905375754
"582","UBL7",0.066132061467944,0.911202882898708,-0.103048335568513,0.998419475690512,0.0304291728030905,0.271961956501881,-0.0718763515531518,-0.343838308055033
"583","ACP1",-0.245630144423399,0.68272151351929,-0.0660825098055604,0.998419475690512,0.0486101976311929,0.271288804363986,-0.0723533638074082,-0.343642168171394
"584","SCFD1",0.117345043776749,0.835133605220561,-0.0271433822909055,0.998419475690512,-0.0395211454645494,-0.230576509741656,0.113011271383393,0.343587781125049
"585","PNPO",-0.368646815246291,0.401807644365329,0.071560990067933,0.998419475690512,-0.0220974022173189,0.194773720110213,-0.148471504899063,-0.343245225009276
"586","GABPB1",0.101835894583042,0.84286921436527,-0.0228235374846641,0.998419475690512,0.017595133800441,0.283948881505487,-0.0588383790199723,-0.342787260525459
"587","CDC34",-0.0355064507153239,0.940928668928969,-0.0558822036893139,0.998419475690512,0.080953365113337,-0.169743207516379,0.172659390003248,0.342402597519627
"588","UBE2D1",0.706155405431743,0.00579913674923161,0.0120137749005877,0.998419475690512,-0.0324230396494901,0.200280633024273,-0.14168675114732,-0.341967384171593
"589","PRPSAP2",0.184084282527497,0.729137278611687,0.202748563903614,0.998419475690512,-0.0358096180473866,0.179614768303206,-0.16210416653622,-0.341718934839426
"590","ATP1B1",-0.365546046019676,0.487229114287099,0.117449116003256,0.982473450051886,-0.0527881645292324,-0.264077336571567,0.0771734191779764,0.341250755749544
"591","CD163",-0.425812841203285,0.481877660157331,0.126977100986399,0.998419475690512,0.21857814092571,0.473193709300101,0.132030192398401,-0.3411635169017
"592","CTDSP1",0.0669676507535841,0.877114572594588,0.309530953514971,0.988693611948736,0.120657177381286,0.353838397260116,0.0128236625070611,-0.341014734753055
"593","MECP2",-0.307971869102024,0.444130156352241,-0.00683359594374906,0.998419475690512,0.2122660738325,0.408235915613206,0.067245593760423,-0.340990321852783
"594","NR1D2",-0.248346756974046,0.657031978145468,-0.0243460246689854,0.998419475690512,0.0906058927991424,-0.194098651294053,0.146446195963151,0.340544847257204
"595","TLNRD1",0.476784401375061,0.147470805610917,0.0665187303151647,0.998419475690512,-0.177470836374912,-0.453454604902823,-0.113116141716716,0.340338463186107
"596","CHEK2",0.179236801929805,0.848046092933301,0.205715788713652,0.543548945616488,0.121661042800477,0.378701168453833,0.0383959384314574,-0.340305230022376
"597","TRIM28",-0.0270139104571919,0.949240804765323,0.204620531910075,0.998419475690512,-0.135316755952368,0.0952596274815111,-0.244998574333673,-0.340258201815184
"598","C1orf198",-1.23744098267391,0.00406692445159769,-0.0241188843173271,0.998419475690512,0.000508747605892063,-0.249203284129971,0.0910021371497902,0.340205421279761
"599","PNKP",-0.0179376008553231,0.978333874032867,0.252259567826593,0.998419475690512,-0.00745772227570835,0.245486168942569,-0.0945941036196444,-0.340080272562213
"600","RNF25",-0.241611569756156,0.597893963735405,0.00829965934910182,0.998419475690512,0.0251488830756968,-0.225703937799785,0.113943361025618,0.339647298825403
"601","TWF2",-0.0602856611427677,0.8968125718364,0.297616367355725,0.998419475690512,0.167134123705585,0.408107763533519,0.0685654898088325,-0.339542273724687
"602","HARS1",-0.302646056588545,0.20219733798737,0.43052834743915,0.998419475690512,-0.0828959102036087,0.186290109666424,-0.153112263840815,-0.339402373507239
"603","TIMP2",-0.132527595285554,0.757101409873455,0.319906983864739,0.998332351349598,0.0140746519912418,0.225222776528171,-0.114093307095601,-0.339316083623772
"604","CRIPT",0.115900285272551,0.83188009344693,0.0485300951026846,0.998419475690512,0.158116548203434,0.404628879066992,0.0656161858378778,-0.339012693229115
"605","PDE6D",-0.0954106463724511,0.86763094531995,0.0611869588163575,0.936867356766746,0.0909728742984722,-0.129569811396591,0.209408460198956,0.338978271595547
"606","CLEC4D",1.44398201705439,0.00165034492113442,0.0499205178822521,0.998419475690512,0.0166320084550227,0.241184775733815,-0.097781806655978,-0.338966582389793
"607","ASRGL1",-0.890629454578122,0.0745868462453569,0.0234507281242221,0.998419475690512,-0.00786883960308078,-0.23545565865577,0.103259422931289,0.338715081587059
"608","UROS",-0.454261685959502,0.399220830518008,0.0048799647542778,0.998419475690512,-0.0591186742371752,-0.276723937932453,0.0618943492278721,0.338618287160326
"609","ZFP36",0.519185247534257,0.174162502256051,-0.0197323608544087,0.998419475690512,0.216918701726181,0.00395237750849282,0.342353194163619,0.338400816655126
"610","HDHD2",0.0917463163725298,0.886789562015162,0.494181358629979,0.998419475690512,0.150279882820902,0.35696669458373,0.018908274815183,-0.338058419768547
"611","COLEC12",-0.824010903713435,0.137425666111473,-0.189366614695175,0.804241374075519,0.0355301045343893,0.221789050737341,-0.116025987206081,-0.337815037943422
"612","NFYA",0.0057015788918742,0.991829702190906,-0.0518872838053308,0.998419475690512,0.0302927783266312,0.277643629494914,-0.0600963248728737,-0.337739954367788
"613","MUC16",-0.0633263173629805,0.945985301372744,-0.116984142350095,0.998419475690512,0.217493401350033,-0.0203774763734203,0.317177958374063,0.337555434747483
"614","SNTB1",-0.428386925704674,0.284594491291158,0.0422265822140287,0.998419475690512,0.00467343447941756,-0.18367260911706,0.153821169210719,0.33749377832778
"615","CTRC",0.244283378750662,0.778601212586271,-0.0292766605972923,0.998419475690512,0.149837654728606,-0.0725767913803907,0.264550181495455,0.337126972875845
"616","DDR1",-0.520990319288974,0.473933070038232,-0.11850622754778,0.998419475690512,0.019761481720163,0.215274093903219,-0.121767250305886,-0.337041344209106
"617","BCL2",0.131148776241962,0.778601212586271,0.0673259284532648,0.998419475690512,0.100589276821968,-0.115770277615701,0.22121964149429,0.336989919109991
"618","BTNL8",-0.516618798809566,0.389350938450145,0.0229717670165669,0.998419475690512,0.0153649596371365,0.260530733664718,-0.0758787814598824,-0.336409515124601
"619","TRAF4",-0.150251028568736,0.825022957703566,-0.0241497807055006,0.998419475690512,-0.211425777664609,-0.440444536158071,-0.104088297281375,0.336356238876696
"620","RACK1",-0.169653815811818,0.54146298791986,0.774872787824671,0.579402613802489,-0.10945969028913,0.137908079031335,-0.198093003376887,-0.336001082408222
"621","TBC1D22B",-0.0146266754408756,0.975699759759525,0.157812593302651,0.702213458755182,-0.239158026100358,-0.470578844176762,-0.134704056409186,0.335874787767577
"622","MORF4L2",-0.458880705104214,0.101121498436693,0.211851181975338,0.998419475690512,-0.0343400369975895,-0.199223389417459,0.136623842370086,0.335847231787544
"623","TMCC3",-0.116698833116968,0.850287960727437,0.0747303443840813,0.998419475690512,-0.190214306653249,-0.402976680547609,-0.0673606242251641,0.335616056322445
"624","LMNB1",0.562664812793503,0.165826722363859,0.0566741979153822,0.998419475690512,-0.117354733264974,0.0930125456856128,-0.242491005238779,-0.335503550924392
"625","PNPLA2",-0.104160132172451,0.797230051940939,0.28640472496549,0.49571448481297,-0.184091881072941,-0.357014411362746,-0.0217788345167075,0.335235576846038
"626","CANT1",-0.148863550731346,0.642419563115722,-0.0577432428524842,0.998419475690512,0.00165809477888929,-0.241895052439824,0.0932265724667196,0.335121624906544
"627","DYNLRB1",0.376718079486282,0.336625862806883,-0.169134953780434,0.998419475690512,0.0399969199901611,0.245474622271001,-0.0892062030693122,-0.334680825340314
"628","FBLIM1",-0.375523812510693,0.618578768733197,-0.0124343740464497,0.998419475690512,0.000265741867850697,0.253556800758548,-0.0808124340748757,-0.334369234833424
"629","IL5RA",-0.575121810333226,0.389411557835695,0.0112318911215736,0.998419475690512,-0.0936023070155165,-0.318069329270694,0.0162549842285822,0.334324313499277
"630","CD58",0.288829832706111,0.410331186183751,0.0499136362662267,0.998419475690512,0.0125913670762085,0.254293944594909,-0.0799325432686549,-0.334226487863564
"631","NDUFB10",-0.16357844142825,0.784056127786874,0.0381347253613418,0.998419475690512,0.0897678511115601,-0.192530816478396,0.14155151265258,0.334082329130976
"632","MPG",0.286027252856132,0.606698607992443,0.581252833826694,0.726670319561975,-0.18271997556245,-0.00761214900337068,-0.341533139283211,-0.333920990279841
"633","GOLPH3",0.293217866199543,0.220941676225223,0.288135690339955,0.998419475690512,0.426251277104003,0.613893818110204,0.280114773941338,-0.333779044168866
"634","AKR1B1",-0.772925302870497,0.0739827050538725,-0.634823026950805,0.543548945616488,0.200673530019283,0.327351117730496,-0.00635980831786271,-0.333710926048359
"635","ATP5PO",0.163776339044278,0.751919499744731,0.132018197788139,0.998419475690512,0.232869275279295,0.43493790523044,0.101242583004089,-0.333695322226351
"636","BRK1",0.345773824149687,0.297283456322892,0.0480916684754778,0.998419475690512,-0.07452395087854,-0.325036537282263,0.00859616023844566,0.333632697520709
"637","RRAD",-0.669936480849592,0.234202770577177,-0.291329464881233,0.797945864179562,0.386650383502981,0.566791992613521,0.233169796639929,-0.333622195973592
"638","MRPL10",-0.205213299820555,0.607057133125697,0.0247398420721172,0.998419475690512,0.0951329060508374,-0.112196889281573,0.221327136097855,0.333524025379429
"639","PVR",-0.406347256113454,0.205302232766631,0.0897406817307739,0.998419475690512,-0.173997800549511,-0.368911745878751,-0.0354798143881647,0.333431931490587
"640","SKP1",-0.0656149177957285,0.878497185032422,-0.0143382963914346,0.998419475690512,0.205051440278172,0.443514692110187,0.11026223524251,-0.333252456867677
"641","SMAD5",-0.57541803002811,0.141742540034441,-0.196548790834549,0.998419475690512,0.00027428231038995,0.157480458514207,-0.175699307415445,-0.333179765929652
"642","KAT2B",0.293061401833244,0.305086938140273,-0.00619582431257346,0.998419475690512,0.131823148115105,-0.119542304611076,0.213632159783508,0.333174464394584
"643","CD5",0.796868142014707,0.068787103572191,0.356542551021008,0.278859029858394,0.00942978771079097,0.152208282944556,-0.180863733223134,-0.33307201616769
"644","TYRO3",-0.075652157291822,0.921058291100212,-0.0861962739740844,0.998419475690512,-0.0935698497871909,-0.322729065405928,0.0102226246995802,0.332951690105508
"645","CHI3L1",-0.212191465828765,0.806678224203261,0.441203760223194,0.998419475690512,-0.175797577353427,-0.404590280584539,-0.0720657773828429,0.332524503201696
"646","LTB",0.521979329709123,0.33480103368044,0.157119746030747,0.967173265821445,0.00555285947218933,0.220031042153581,-0.112258123049274,-0.332289165202855
"647","BCAR3",-1.00499133670104,0.0351721675793454,-0.055171892069563,0.998419475690512,0.140119589953664,0.286927585743027,-0.0450625652328699,-0.331990150975896
"648","UBE2B",0.226757447951883,0.58891265572783,-0.0294710255527705,0.998419475690512,0.0972935288597962,0.298886704873518,-0.0330695826549867,-0.331956287528505
"649","CXCL17",0.147149969891387,0.902027432678375,-0.198568121637004,0.583792845865603,0.0707596214769332,-0.135156136872145,0.196589119617864,0.331745256490009
"650","ANXA7",0.0320823788023608,0.93066446992845,-0.389961660191477,0.906608492274627,0.0113352748177689,-0.208838351129102,0.122904870707074,0.331743221836176
"651","LSM4",-0.508531264136232,0.283005662136552,0.114320453422037,0.972181796980531,0.0203893673583703,-0.158020086130232,0.173660649414611,0.331680735544844
"652","SGTA",-0.00998705932350083,0.979810846338915,0.072135951201581,0.998419475690512,-0.215706858233864,0.00138335835916666,-0.330268965489092,-0.331652323848258
"653","TCEA3",-1.1491017534202,0.0412144299086813,0.311180484176079,0.853216168095328,0.0312518584793511,0.317255651092737,-0.0143569355625455,-0.331612586655282
"654","GRB2",0.372716217151845,0.099382834583646,0.231024039814143,0.998419475690512,0.0300574474212277,-0.248503388139874,0.082828366442049,0.331331754581923
"655","IL6R",-0.109191533062055,0.844977747751001,-0.133532134768634,0.998419475690512,0.126707858249968,-0.108280470090848,0.223007985235703,0.33128845532655
"656","MMP10",-1.32567637837168,0.0844718691294075,-0.145179774292123,0.998419475690512,0.364405275283606,0.145546119193944,0.476824293853903,0.331278174659959
"657","ASAH1",0.136015234074654,0.691545218551406,0.115118426527801,0.998419475690512,-0.31510814466753,-0.550408289286628,-0.219288347759436,0.331119941527192
"658","MAPK8",-0.108154095598416,0.792058750024278,0.0115881360253818,0.998419475690512,0.00203196627166145,0.231203551044095,-0.0998191223619214,-0.331022673406017
"659","HDHD3",-0.222196814298124,0.714448397185069,0.0226051947392219,0.998419475690512,0.0983721036614736,0.303610999628404,-0.0271910540751281,-0.330802053703532
"660","TSR3",-0.00995079777602195,0.988453415544159,-0.00740066169058378,0.998419475690512,-0.039083184148786,-0.274183312821516,0.0565884046981649,0.33077171751968
"661","NEDD9",-0.0775936423426179,0.900934128064091,-0.00602517398891887,0.998419475690512,0.01089833766222,0.238792970196406,-0.0917516000696766,-0.330544570266083
"662","PPARA",-0.250377766852173,0.584804574491182,0.280051761988759,0.595986518586414,0.0202798590507,0.2657985012842,-0.0647272453009297,-0.330525746585129
"663","MANSC1",0.388349067847942,0.515252979445266,-0.262530129865487,0.998419475690512,-0.0734359270985609,-0.269548450332158,0.0604022552445369,0.329950705576695
"664","FOLR2",-0.354197387778069,0.563865017123348,-0.00117566020016949,0.998419475690512,-0.0178161093897542,0.195202891664107,-0.134627439505123,-0.32983033116923
"665","CREG1",0.294519062005272,0.496868460231866,0.478412233141633,0.76559810098486,-0.0802090575917289,0.109393755244052,-0.220424701625645,-0.329818456869698
"666","PLAAT3",-0.777757319383657,0.176279419794955,-0.0111668864019737,0.998419475690512,-0.140813541679995,-0.387746383571858,-0.0580508463752213,0.329695537196637
"667","FCGR3B",1.16144858657486,0.0318953594462187,0.260696410160171,0.998419475690512,-0.0928600283523771,-0.358516041394953,-0.028973574183458,0.329542467211495
"668","ANKMY2",-0.835037292784932,0.0723703129118368,-0.0687179608271048,0.998419475690512,0.10101871034742,0.298025979448508,-0.0314428972311942,-0.329468876679702
"669","KLRK1",0.980510670448691,0.0705274876962023,-0.0243398323325181,0.998419475690512,-0.0376278945707641,-0.249663037304689,0.079595621106476,0.329258658411165
"670","LGALS2",1.00275200759766,0.3423762038082,0.0293083555732835,0.998419475690512,-0.102951961814378,-0.354286472887666,-0.0250710965376932,0.329215376349973
"671","PIH1D2",-1.10348002518131,0.100454957687079,-0.0403058778606741,0.998419475690512,0.00249644017962843,0.177497247350743,-0.151338393763228,-0.328835641113971
"672","ALDH6A1",-0.601247018895971,0.12782027036054,-0.0671461983589539,0.998419475690512,0.206486934729198,0.35308209169368,0.0243131713570566,-0.328768920336624
"673","VNN2",0.751503158867932,0.146413790177516,0.218795585992084,0.857501682187315,0.218561156856308,-0.0417614065460788,0.286876561844068,0.328637968390147
"674","RRAS2",-0.0654076114371922,0.94013087356481,-0.00209116786178223,0.998419475690512,-0.234324402851991,-0.482469076696696,-0.15441010843719,0.328058968259506
"675","TNFRSF10D",0.120384665174634,0.802611950105354,0.118857024336998,0.998419475690512,0.101075511680333,0.313412338026783,-0.0145747264501126,-0.327987064476895
"676","PSMA3",0.283906141110607,0.236879942764799,-0.0359192863097097,0.998419475690512,-0.073913103036566,0.184259351079174,-0.143707342228783,-0.327966693307957
"677","LAMC1",-0.390221091727018,0.381560700223975,0.27518406569795,0.998419475690512,0.0181640163072561,0.257226505872908,-0.0707011223283131,-0.327927628201221
"678","DUSP3",0.305730112396297,0.205302232766631,0.0405452526693536,0.998419475690512,0.0432378792880128,0.283716557402965,-0.04413840050587,-0.327854957908835
"679","NAMPT",0.134352499420864,0.83250675496969,0.280022619173128,0.998419475690512,0.247291946241927,0.0349169339840333,0.362658635928449,0.327741701944416
"680","PEBP1",-0.690926205350261,0.00705804635670066,0.0411195488154896,0.998419475690512,0.167269611521411,0.414953653923139,0.0874156661409433,-0.327537987782195
"681","PLEKHA3",0.107485227831215,0.823005562137215,-0.105033683353888,0.998419475690512,0.227874923094702,0.434024729270514,0.106505775082446,-0.327518954188068
"682","LPL",-1.97024857316671,0.000224777906677169,0.341876566537828,0.936867356766746,-0.0723993129603266,0.19153184311377,-0.13511836773441,-0.32665021084818
"683","PHF3",0.110607271014504,0.697067778251725,0.00887735285444068,0.998419475690512,0.122254090941932,-0.117380083070055,0.209024403589976,0.326404486660031
"684","EXOSC3",0.100484260691441,0.857582458496998,0.151353044458864,0.827327785382536,0.0325033622821965,0.273848204915334,-0.0519329016575358,-0.32578110657287
"685","ASMTL",-0.00466172601810133,0.995098591651938,-0.0551583091161846,0.998419475690512,-0.0521452826602286,0.197328965709665,-0.128131930518216,-0.325460896227882
"686","DBI",0.107361012428386,0.808726842331967,0.251526083558446,0.998419475690512,0.130535105961953,0.311618473127814,-0.0138233744042702,-0.325441847532085
"687","FCGBP",-0.391524798690709,0.658172966443492,0.0474132964758559,0.998419475690512,0.230972456259105,0.437739372725947,0.112517759199639,-0.325221613526308
"688","ITM2B",0.14637733783435,0.685442379166747,0.173032910266619,0.998419475690512,0.0196939597600216,-0.199198115050141,0.1259700237886,0.325168138838741
"689","PI3",0.183409080966413,0.905545365893265,0.227129263558923,0.998419475690512,-0.221365441907616,-0.429746789986202,-0.105486892437994,0.324259897548208
"690","RTCA",0.116511470176702,0.803685523621161,0.70448335867108,0.552683656177141,-0.189717725311211,0.0315024963320917,-0.292702468167866,-0.324204964499958
"691","PLA2G10",-0.167634885925553,0.873975479641587,-0.235214086278847,0.767384076116731,0.0353337208050989,0.176786078807461,-0.146841699594824,-0.323627778402285
"692","CFL2",0.36653735065268,0.584771143995298,-0.161723909094071,0.998419475690512,0.135074576132676,0.353960665692957,0.0303605032559497,-0.323600162437007
"693","HCLS1",0.103464501660654,0.79737564532921,0.221169114242595,0.998419475690512,-0.0105180066801033,-0.238376822968568,0.0850537988963331,0.323430621864901
"694","SLC6A9",-0.664183034595598,0.315352364274465,-0.0365492133617658,0.998419475690512,-0.00712593962626918,-0.245860653256634,0.0772977552290119,0.323158408485646
"695","CAPG",0.141474165510848,0.752374284169552,-0.0175891819572601,0.998419475690512,-0.131289389249902,0.0512521477825321,-0.271644318462751,-0.322896466245283
"696","MSN",-0.0923986661592237,0.778863300699575,-0.233962620499397,0.998419475690512,0.0459711485943168,-0.206253885474758,0.116536597831221,0.322790483305979
"697","HMGCS1",-0.197896905434847,0.537702175853498,0.157823517918585,0.998419475690512,-0.195174169339469,-0.406418589531451,-0.0836959271314404,0.322722662400011
"698","EEF1G",-0.158511990655307,0.734976003720761,0.143702366642115,0.998419475690512,-0.209156144703909,-0.408661218576207,-0.0861160665398408,0.322545152036366
"699","ANKRD45",-0.598453312514655,0.3563643878368,-0.274769017500366,0.552683656177141,0.225268358025048,0.355578396260269,0.0332197518318269,-0.322358644428442
"700","SNCA",0.0942847292800546,0.90697692608181,-0.095918611881036,0.998419475690512,0.389422173008702,0.560210963904822,0.238009815579816,-0.322201148325006
"701","BMPER",-0.122789096690559,0.923046369285621,0.159677142486365,0.71955774706989,0.145358696537004,0.375214856127024,0.0532247867457108,-0.321990069381314
"702","PPIA",-0.258407928668507,0.263435559699639,0.294045438317279,0.998419475690512,0.0409186308868297,0.271768012112023,-0.0496380932413276,-0.321406105353351
"703","SEC22A",-0.0899559859963003,0.885585966612112,0.00145608362692052,0.998419475690512,0.0437185316957386,0.271927303733926,-0.0494718213663295,-0.321399125100256
"704","COL28A1",-1.05456785665995,0.131170557686975,0.303542712920586,0.853216168095328,-0.0918541407979887,0.151321144789147,-0.169966287148021,-0.321287431937169
"705","USB1",0.186020774900993,0.482888566982685,0.0672120788101372,0.998419475690512,0.368697719074389,0.608233503452289,0.287031835786987,-0.321201667665302
"706","ERC1",-0.406331520558473,0.164934375956532,0.135756978066557,0.998419475690512,-0.172360279354297,0.111261304226913,-0.208537495811218,-0.319798800038131
"707","CBX7",-0.302052609592222,0.470687805712851,-0.132043429752915,0.998419475690512,0.191310911253729,0.379164556916412,0.059459222499733,-0.319705334416679
"708","RTF1",0.0748657003327892,0.875868560604017,0.00552921932117898,0.998419475690512,0.158433956665489,0.357394943643317,0.0381275945807788,-0.319267349062538
"709","FSCN1",0.458958642909979,0.3080134542575,0.140202874531838,0.998419475690512,0.0145382511924377,0.200341218265716,-0.118816378493421,-0.319157596759137
"710","CGGBP1",0.158775122490411,0.618031838288654,-0.157334358746386,0.998419475690512,-0.0340908230417448,-0.268720822397298,0.0500341089347367,0.318754931332035
"711","ATP6V1F",-0.0861063758033173,0.8647038041121,0.0115228893924625,0.998419475690512,0.128471096344366,0.311620587115016,-0.00699575775731028,-0.318616344872326
"712","PAFAH1B2",-0.107367610270018,0.691545218551406,-0.0918830054383706,0.998419475690512,-0.0432159620994486,0.167473695464129,-0.150899051785276,-0.318372747249405
"713","LCK",1.02273131684215,0.105483729572639,0.22297809570718,0.857501682187315,0.084977916195678,0.282451639745599,-0.0358267822394985,-0.318278421985097
"714","MAPRE3",-0.888295321981574,0.0355866982251603,-0.337704622405338,0.732688073803575,0.300409373337805,0.424961707543695,0.106691092084402,-0.318270615459292
"715","JUN",0.0247372990374837,0.969622548570371,-0.081090811826822,0.998419475690512,0.127717915046115,-0.0556002796495189,0.262558016248477,0.318158295897996
"716","L3HYPDH",-0.171917648898496,0.751020421264759,-0.0405023111009168,0.998419475690512,0.205370100577479,0.383095775223897,0.0651601206668513,-0.317935654557046
"717","VSIG4",-1.23262479355672,0.00757205679668114,-0.798226487805037,0.314423770126553,0.463298710550671,0.549579949112081,0.231789723241308,-0.317790225870773
"718","UNC93B1",0.682307333910194,0.0236728216241604,0.0549194113262832,0.998419475690512,0.0683924305608053,-0.220447308362785,0.0973100842946109,0.317757392657396
"719","A4GALT",-0.36748319515135,0.655908026151913,-0.229911302008479,0.157540953330499,0.054820510737449,-0.213787310284903,0.103932364837278,0.317719675122181
"720","NUDCD3",-0.295202448656041,0.372297329194056,0.0682230535114701,0.998419475690512,-0.116695341592091,0.113016864854896,-0.204615716096403,-0.317632580951299
"721","CSF1R",0.167144483213038,0.716584634967478,0.128203233201669,0.998419475690512,0.0242442640657878,0.247740200185396,-0.0688718733021409,-0.316612073487536
"722","PPIL3",-0.0482356955605385,0.949787183670029,-0.082992132190873,0.998419475690512,0.0430518251550632,-0.186696333668326,0.129585176255986,0.316281509924312
"723","TPGS2",-0.142201125483234,0.79309832579768,0.0407270609469318,0.998419475690512,0.121243532281372,0.319674099041007,0.00347675889847678,-0.31619734014253
"724","PDGFA",-0.3254341706664,0.522079164228479,-0.117446158686595,0.998419475690512,0.0555447444460198,-0.174940972364581,0.141242599580389,0.31618357194497
"725","DCUN1D2",-0.133347005848604,0.854473774679165,0.010354900486142,0.998419475690512,0.0411130269043137,-0.186184244655799,0.129860622531376,0.316044867187176
"726","STK10",-0.119621737274911,0.800961874099285,0.0197178764103375,0.998419475690512,-0.0842841699547583,-0.28704451384578,0.028928619271503,0.315973133117283
"727","UBA6",0.286876445200521,0.423351324443565,0.479929515453351,0.856705671473268,0.241217920426578,-0.00877074853846064,0.307163541815243,0.315934290353704
"728","SCCPDH",-1.06991234436548,0.00367159875383701,0.00391381801745447,0.998419475690512,0.0514317618638758,-0.115957997780834,0.199958872310217,0.315916870091052
"729","FLNA",-0.286025775547163,0.477279701400958,0.0803771734373263,0.998419475690512,-0.112422580391946,-0.313801956756842,0.00196658071303464,0.315768537469876
"730","XYLB",-0.452627281719581,0.432482992519865,0.0757404425187655,0.994739550495444,0.134764720152024,0.345771690462403,0.0300570261193394,-0.315714664343064
"731","COMMD5",0.254450456269456,0.510107310902767,-0.142643620422398,0.523489353634919,-0.0742766812927773,-0.242186983323063,0.0733744816362078,0.31556146495927
"732","ATOX1",-0.0629862757882858,0.920107214317693,-0.206046473594093,0.986280712304674,-0.0564040006527038,0.179745554392333,-0.13580628161139,-0.315551836003723
"733","IL12RB2",0.621068224986841,0.338675594439372,-0.0185302688560582,0.998419475690512,0.135301518546017,-0.0996092091946811,0.215913995085245,0.315523204279926
"734","ALDH1A1",-1.36911880639729,0.0192881491869888,-0.0789728363890877,0.998419475690512,0.205971680031424,0.422562167254448,0.107440065023593,-0.315122102230855
"735","AP1G2",-0.177979769006128,0.57452699465657,0.106267229221181,0.998419475690512,-0.125792448902036,-0.34929651575463,-0.0343456811345889,0.314950834620041
"736","IL1A",-0.338661885591541,0.798783824184687,0.129490454455498,0.998419475690512,0.182368846747015,-0.0365923014248982,0.2780528178178,0.314645119242699
"737","SWAP70",-0.240093929717249,0.493552829758937,0.163752704938437,0.998419475690512,0.0325222387227638,-0.201763266996888,0.112829328050048,0.314592595046936
"738","SERPINB1",0.520012367588238,0.114016535871587,0.581082599323876,0.790827704016838,0.126155214198093,-0.147620136739429,0.166813925865388,0.314434062604816
"739","XPNPEP1",-0.104148662317353,0.793963541212215,0.152422803177833,0.998419475690512,-0.10915601366031,0.131007322373199,-0.183381334341618,-0.314388656714816
"740","MRPL58",0.120276220096774,0.882135726023768,-0.0159641597097126,0.998419475690512,0.171896359143572,0.37593897662593,0.06166775980015,-0.31427121682578
"741","SNTN",-1.55551241806901,0.00586226497438731,-0.427883143153422,0.123518188919348,0.511212216900586,0.603911278253747,0.289685879954464,-0.314225398299283
"742","GORAB",-0.0418249047570246,0.957780765584152,0.0386958343197799,0.998419475690512,0.143862588020178,-0.0786927635899152,0.235384700491503,0.314077464081418
"743","ATG4B",-0.333806416829032,0.227444118529178,0.267427490575333,0.837888123127799,-0.0363703942664651,-0.245144030525815,0.0687404344882234,0.313884465014038
"744","MACO1",-0.0130527591302985,0.976918535671899,-0.0271772871088494,0.998419475690512,0.132509238881444,0.329177398974738,0.0155077076857952,-0.313669691288943
"745","PPIL1",-0.446843116310824,0.266125157898434,-0.0446324133711996,0.998419475690512,-0.073898518476812,0.116016158238003,-0.197294894049975,-0.313311052287978
"746","CAP1",0.176935116857852,0.584804574491182,0.332333619453624,0.998419475690512,0.0445116182759104,-0.197170465493563,0.116104224205496,0.313274689699059
"747","NRG4",-0.0316357224066399,0.982149592777932,-0.0141642593828178,0.998419475690512,-0.178267920461941,-0.407818029515199,-0.0947026329816862,0.313115396533512
"748","PIPOX",0.706512495239127,0.239878610753913,-0.130286385205558,0.637388524185901,0.144728796704384,-0.0499287839612779,0.26309933365203,0.313028117613308
"749","PAIP1",0.324885505229228,0.389350938450145,-0.0380436531359266,0.998419475690512,0.0513782949576212,-0.144504281978191,0.168273445232149,0.312777727210339
"750","DCXR",-0.0569450402432629,0.934548708901165,-0.160654797426401,0.998419475690512,0.145165896522489,0.334345003993326,0.0215975019305831,-0.312747502062743
"751","DGCR2",0.381153445207243,0.181277560984125,-0.0257270798648449,0.998419475690512,-0.0793819469524803,-0.265675924908155,0.0469156051410633,0.312591530049219
"752","ZC3H8",0.0482605549686122,0.952064177763395,0.0351220315667143,0.998419475690512,0.258199576492222,0.0380937071213308,0.350680267613182,0.312586560491851
"753","SHMT2",0.190850407550193,0.70850941527513,0.696431261668692,0.427458730989971,0.0744193236085417,0.27445980387492,-0.0380788979169655,-0.312538701791885
"754","BTN2A1",0.475101479396363,0.0884335672922475,-0.0405477416690465,0.998419475690512,0.144872196889491,0.422693739440877,0.110202169829888,-0.312491569610989
"755","S100A2",-0.816149013166294,0.33480103368044,0.432364231088746,0.538850142635265,0.133840958591682,0.412341139268194,0.0999273622486286,-0.312413777019565
"756","CHMP3",-0.0363234048172037,0.933118446983077,-0.0899675376593814,0.998419475690512,0.0155964678180033,-0.208325963302534,0.103854299765268,0.312180263067802
"757","ERP29",-0.0134097560979686,0.981703280575596,0.235627351835763,0.998419475690512,0.0861854739815908,0.274936326247843,-0.0371931868137352,-0.312129513061578
"758","AKR1A1",-0.0516734932094136,0.922132710230817,0.31974543415914,0.998419475690512,0.0162174192149545,0.254544764388595,-0.0574581255551513,-0.312002889943746
"759","PLPBP",0.0120007078141666,0.979077537115052,0.202421015781239,0.998419475690512,-0.215393811387893,0.00733804448019243,-0.30429209857096,-0.311630143051153
"760","LINGO3",0.463139120147888,0.326090761743457,-0.0283590936930444,0.998419475690512,0.295789566810693,0.0679751765977046,0.379585618989478,0.311610442391773
"761","TMEM185A",-0.316618916998025,0.535917501714305,0.0402771993015803,0.998419475690512,-0.0603858668067656,-0.266109071531087,0.0454437476155303,0.311552819146617
"762","CRACR2A",0.420611783448437,0.193609560040171,0.00538021159651465,0.998419475690512,-0.0375793886570659,-0.241838618941069,0.0694713730025843,0.311309991943653
"763","ORC6",-0.467822082290967,0.178350424784432,-0.0231611015008541,0.998419475690512,0.239615707677778,0.433062336206138,0.121778075941083,-0.311284260265055
"764","ADAM28",0.560737206699308,0.204277290708264,0.116918947073491,0.906266089138714,0.0453763314552277,0.256993913947557,-0.0540177445862614,-0.311011658533819
"765","ARFIP1",-0.351403607887823,0.301544715072974,-0.276982693652596,0.871133880789158,0.116382699534093,-0.106906176746318,0.204088857159341,0.310995033905659
"766","STAT5B",0.264468361137407,0.493517336379051,0.032516432744105,0.998419475690512,-0.0567974106093827,-0.290897158313548,0.019936198635976,0.310833356949523
"767","KYAT1",-0.146230771936905,0.852696803563303,-0.030986771061091,0.998419475690512,0.0334266148606567,-0.217686184082314,0.0931244641126134,0.310810648194928
"768","TMX2",-0.109303528453828,0.716425395480779,-0.0193960138526543,0.998419475690512,-0.0894608354397543,-0.29898289757588,0.0115487079434107,0.310531605519291
"769","TACC3",0.023748480618137,0.960808501192964,-0.0252561935903731,0.998419475690512,0.107859340251065,0.326862945446016,0.016834475935276,-0.31002846951074
"770","FGFBP1",-0.025936058101802,0.982781998374077,0.472864110850789,0.305744440858904,0.250095162395158,0.0399714021321314,0.349981735586404,0.310010333454272
"771","C1GALT1C1",0.522989512335584,0.14918340117556,-0.0461689844604706,0.998419475690512,-0.026054136961123,0.204997354877395,-0.105008937411107,-0.310006292288502
"772","LILRA1",1.18808489077527,0.0222271402606211,0.496372133941579,0.124964268290122,0.318800531138256,0.482351796025358,0.172368826170772,-0.309982969854587
"773","MICAL1",0.169398535961456,0.591121241107903,0.0230359513224012,0.998419475690512,-0.150752450559015,-0.388700275565458,-0.0787421868823571,0.3099580886831
"774","SCARB2",-0.133813204306157,0.74931138903033,-0.0404812484454979,0.998419475690512,-0.106287506953248,0.111364343108746,-0.19848857711998,-0.309852920228726
"775","PKD2",-0.328535789049233,0.321047151333052,-0.0317876046841034,0.998419475690512,0.0480058600291321,-0.147695237980787,0.161891046161551,0.309586284142338
"776","NIP7",-0.14682480552184,0.690485289062081,0.324727463009861,0.744984064345224,-0.227160408312348,0.0355683900112992,-0.273903547808209,-0.309471937819508
"777","GPD1L",0.078081696472484,0.913793293333411,-0.066360755285095,0.998419475690512,0.0928794351395784,0.3191900926671,0.00974326935277843,-0.309446823314322
"778","ANKRD54",0.0335762078975208,0.958020514837932,0.0769202101509963,0.998419475690512,0.137691029950571,-0.0294305904936866,0.27991641677553,0.309347007269217
"779","GLB1",-0.218835288369102,0.461532596313487,-0.0910688588280952,0.998419475690512,0.21134348553326,0.00169453626332524,0.310915827093457,0.309221290830132
"780","TERF1",0.172006291645555,0.728456577178165,-0.0354734995817305,0.998419475690512,0.0764281316126567,-0.151906552905664,0.15727496768108,0.309181520586743
"781","PVRIG",0.338675678660097,0.68272151351929,0.108155692152637,0.96484128332814,-0.0269906596804658,-0.202041155125298,0.107025642200206,0.309066797325504
"782","SNX12",0.175675032842621,0.651695778982573,-0.124906900806155,0.998419475690512,-0.110112086270251,0.101249911886057,-0.207495159361999,-0.308745071248056
"783","GSTA1",-2.1339369192897,0.00108322485833165,-0.616787666455341,0.538850142635265,0.345157153564994,0.453781251863378,0.145100566880783,-0.308680684982595
"784","FABP6",-1.69598628031505,0.0151637210520136,-0.0155401188770608,0.998419475690512,-0.143399970859057,-0.375861003526293,-0.0672121600283989,0.308648843497894
"785","RASSF5",0.523336912289965,0.031592527108882,0.0324510714554946,0.998419475690512,0.117775609550317,0.29343968216772,-0.0148051741435979,-0.308244856311318
"786","STXBP4",-0.082739525676856,0.916817859258805,0.00886179000153559,0.998419475690512,0.00299221751470624,-0.178425179718919,0.129580726643907,0.308005906362826
"787","MAK16",-0.543270522395329,0.152269053483533,-0.0580516522518411,0.998419475690512,0.276340487740063,0.420897784490556,0.113037510518202,-0.307860273972354
"788","SQSTM1",-0.00357588746991736,0.996366347696657,0.0167742975286993,0.998419475690512,-0.270983184841186,-0.0629551138591651,-0.370603609863975,-0.30764849600481
"789","VHL",0.141064568947446,0.745464710272653,-0.0113857632565764,0.998419475690512,0.233366524558954,0.431111693855061,0.123929189643969,-0.307182504211092
"790","ASTL",-0.44498395796206,0.493552829758937,-0.0305540972289909,0.998419475690512,0.0394089750409033,0.244057491454532,-0.0631232027906373,-0.307180694245169
"791","TNFRSF10A",0.00571417478073218,0.993928049927045,0.05731558873773,0.998419475690512,-0.110372789913231,0.123994899438605,-0.182990408583197,-0.306985308021803
"792","ARHGAP26",-0.0612420310707247,0.922000710405905,0.0935685811234875,0.998419475690512,0.00482942313005636,-0.19173396608453,0.115232988681435,0.306966954765966
"793","PCBD1",-0.489684185772195,0.176008705425238,-0.256423071262947,0.998419475690512,0.145650009045803,0.331875054770078,0.0249670803782992,-0.306907974391778
"794","LNPK",-0.213164548889209,0.592553038572586,-0.0172787911299483,0.998419475690512,0.218027741177798,-0.00409148934801332,0.302578527899176,0.306670017247189
"795","HSPA1B",0.206340295178558,0.807097822205431,0.232430927199932,0.998419475690512,-0.138028409486687,-0.313051144969198,-0.00661825004541487,0.306432894923783
"796","MICALL1",-0.191015932260908,0.606029070136596,0.191556482837786,0.874049872264311,-0.132895685725779,-0.317898626362178,-0.0118682409931744,0.306030385369004
"797","TGFB1",0.375871653098556,0.229204203919008,0.124919645652949,0.712002983900469,0.202174616848097,0.392083732458281,0.0860701687832811,-0.306013563675
"798","TST",-0.0324839814019588,0.964623674664561,-0.0196211079802122,0.998419475690512,-0.082399269779249,-0.275149205584897,0.0304710615053989,0.305620267090295
"799","ICA1",-0.469937752339882,0.375094563174003,0.0514707446582247,0.998419475690512,0.201593730700988,0.383965169210823,0.0783635036177973,-0.305601665593025
"800","THBS1",-0.503287880979066,0.399401348126119,0.231250569755141,0.998419475690512,0.129866195635169,-0.0994152092794591,0.205921661558744,0.305336870838203
"801","NCALD",-0.563294969628414,0.389350938450145,-0.0383689213043023,0.998419475690512,0.143182815092677,0.347759661955413,0.0424751052423656,-0.305284556713047
"802","TMED9",-0.222232293206173,0.550449119460996,-0.0565048347533856,0.998419475690512,0.066311159379479,0.273540143619645,-0.0311445464546927,-0.304684690074338
"803","RELT",0.0670126532208882,0.888966002069424,0.0374256655759052,0.998419475690512,0.162493345294594,0.355956743422624,0.0513654846977707,-0.304591258724853
"804","PLD3",-0.489116690277474,0.190675504730128,-0.250524856289672,0.879850494349592,0.212952513076191,0.328696524538825,0.0246920514373811,-0.304004473101444
"805","DFFA",-0.113764462581448,0.814511800627546,0.024207944953085,0.998419475690512,-0.099521494471241,0.106705644068563,-0.197093130426304,-0.303798774494867
"806","NSUN6",0.168859840944081,0.812877623549242,-0.0176951662070576,0.998419475690512,0.0714784470074009,0.281455565853262,-0.0223278536830527,-0.303783419536314
"807","GFER",0.814838083581414,0.248470983725252,-0.0508115381796492,0.998419475690512,0.136154029444572,0.356899588565986,0.0531473090829382,-0.303752279483048
"808","MAD2L1BP",0.575544238604363,0.111048792059789,0.283395911255525,0.674452248637249,0.01441693743001,-0.258864317818959,0.0447848482978249,0.303649166116784
"809","NVL",-0.0657045225534553,0.927327113086231,-0.0600307234973725,0.998419475690512,-0.0137612664081454,-0.199003179669654,0.104537986882388,0.303541166552043
"810","PARP1",-0.279036233005489,0.506815920926438,-0.110964973045559,0.998419475690512,0.146940306535165,-0.0721123013077548,0.231303355885677,0.303415657193432
"811","PFDN1",-0.406945122988088,0.163501353635959,0.0137217848118008,0.998419475690512,0.0499121701167064,0.260739990945899,-0.042184378546826,-0.302924369492725
"812","STX6",-0.0579580937814689,0.886789562015162,0.0521529827380383,0.998419475690512,-0.2054219631208,-0.424210489702983,-0.121358201250283,0.3028522884527
"813","EIF4A1",0.0624237587426972,0.8968125718364,0.130740275981659,0.998419475690512,0.0314248229254633,-0.169578939518584,0.133185872576461,0.302764812095045
"814","DRAP1",1.06829027643511,0.00552705958155548,0.0682130197769834,0.998419475690512,-0.0254070157206803,-0.275865677347491,0.0268504123706429,0.302716089718133
"815","ZHX1",-0.0200421780157948,0.979077537115052,0.0166330210958282,0.998419475690512,0.0672990717768741,-0.11891009142242,0.183598317461471,0.302508408883892
"816","ZNF134",0.130718386201982,0.836523841357798,-0.0774666208572024,0.998419475690512,-0.144497320857545,-0.374159228321128,-0.0725591208962626,0.301600107424865
"817","EXTL2",-0.279707642353166,0.743311176854096,-0.215145860933563,0.702660476954124,0.189608680311743,0.360097868461839,0.058575503018953,-0.301522365442886
"818","HES1",-0.0914980175932926,0.887574129155875,0.285277463339284,0.552683656177141,0.17008977234354,-0.0487083755336844,0.252792592566479,0.301500968100164
"819","ACAA1",-0.04612430913953,0.905199209831476,-0.0743549272159656,0.998419475690512,-0.123186294591011,-0.331596232369136,-0.0301880046138318,0.301408227755304
"820","GTF2E2",0.387542698736787,0.322927550862837,0.248678672337442,0.998419475690512,0.0647315636120824,0.259744126574469,-0.0416620820203457,-0.301406208594814
"821","CXCL16",-0.0917546906716613,0.808896476064683,-0.309648726517004,0.779510248250363,0.0645562567583481,0.222509803192205,-0.0788511879410186,-0.301360991133224
"822","TXNL4A",-0.0417121080074752,0.935385714287199,0.00232855827955014,0.998419475690512,0.0578188595397491,0.274280038010155,-0.0269186500925296,-0.301198688102685
"823","H2AZ1",0.10007655994056,0.786815661568604,-0.0158267892176239,0.998419475690512,0.155003769712192,0.369862859398176,0.0687181266565419,-0.301144732741634
"824","NMNAT1",-0.0343462032032902,0.964946785491163,-0.00731990126532661,0.998419475690512,0.0255383086897251,0.233556034120138,-0.0673931131335893,-0.300949147253728
"825","CCDC97",0.215963560040084,0.524011877105237,-0.050399335802632,0.998419475690512,0.00564855927374789,-0.199338059582471,0.101503223828184,0.300841283410655
"826","UNC45A",-0.383044354046481,0.144821240665706,0.168616976895665,0.998419475690512,-0.102697406598397,0.143414998201414,-0.157098942855625,-0.300513941057039
"827","KLK4",0.240312941524487,0.830708629655993,-0.0359553642070043,0.998419475690512,-0.158840904357854,-0.360717577905142,-0.0604919043690498,0.300225673536093
"828","LIMD2",1.00942046786318,0.00216534966127307,-0.163117783332936,0.998419475690512,-0.0122107194461102,0.210904026448697,-0.0887634226296266,-0.299667449078323
"829","DNAJC4",0.397190206769538,0.252837564060082,0.060283886344132,0.998419475690512,-0.116141905220557,-0.314482451942652,-0.0149582746033256,0.299524177339326
"830","ATP5PB",-0.331578694398158,0.234686091466007,0.0046934809114436,0.998419475690512,-0.0193838532359324,0.189871306364694,-0.109526295818378,-0.299397602183072
"831","MRPL14",-0.358710936742472,0.511414401569523,0.0520042720864975,0.998419475690512,-0.0700069560266559,-0.261859344357743,0.0371850400911084,0.299044384448852
"832","RNASE6",-0.15403357176685,0.838190911405176,0.143001115779064,0.998419475690512,0.135901931093623,0.337141856857149,0.0384370779844543,-0.298704778872695
"833","DPP7",-0.413477715084161,0.239885824414459,-0.0447158201499243,0.998419475690512,-0.176622017855357,-0.0382306460193394,-0.336933964821678,-0.298703318802339
"834","POMGNT1",-0.738889111778123,0.107001382172733,-0.0722022831029334,0.998419475690512,-0.0791574053512542,-0.300563940032208,-0.00188878341566975,0.298675156616538
"835","DOHH",0.162587262442262,0.809560673616598,0.316682700490253,0.731090897332187,-0.1517725829318,0.0551407827092771,-0.243496174582634,-0.298636957291911
"836","EEF1E1",-0.664029230653968,0.285799634100968,0.15127764037462,0.998419475690512,-0.043617465210896,0.190534393225933,-0.108054347944868,-0.298588741170801
"837","ACOX1",-0.355659224987483,0.202298202877617,0.372465635342359,0.998419475690512,0.00938719519635444,-0.202348911083324,0.09621485183668,0.298563762920004
"838","CREB3L2",-0.00513088043683326,0.991829702190906,-0.0665323819515215,0.998419475690512,0.095285111009131,-0.1097806836256,0.188697174936244,0.298477858561844
"839","PSPH",-0.611559616903927,0.250153588137772,0.105555708067558,0.998419475690512,0.0839154610339391,0.279483063203735,-0.0189247932170068,-0.298407856420741
"840","PRRG4",0.0137691418115395,0.979029151691519,-0.0162808054153234,0.998419475690512,0.00210173509140808,0.230025919032429,-0.0683814881471322,-0.298407407179561
"841","VPS26A",-0.0626013466058254,0.886801289036878,0.31819039760683,0.998419475690512,-0.0637049590880361,-0.275239314335421,0.0231485375127698,0.298387851848191
"842","NSFL1C",0.490069979896809,0.149125334005686,-0.19095831039677,0.998419475690512,-0.00476272414463394,0.188422031468833,-0.109799067804448,-0.298221099273281
"843","SDF2",0.304888518550501,0.333373205318539,0.183323460642521,0.517046758505958,0.0443687993955568,-0.186379867944802,0.111781082547617,0.298160950492419
"844","PCBP3",-0.428568394050009,0.625627961555699,-0.183559925247192,0.998419475690512,0.0611039480375195,0.228166485495285,-0.0699529732827378,-0.298119458778023
"845","PLEKHA7",-0.617664664437095,0.2807560484625,-0.308240894868212,0.963204148073108,0.270281207441563,0.429238242832655,0.131196769450015,-0.29804147338264
"846","GZMA",2.06137488964301,0.0200104851623866,0.500455189483177,0.101014253771789,0.611203626907714,0.290998930103104,0.588983772846332,0.297984842743228
"847","TIGIT",0.625009871426492,0.460559860647759,-0.0347385013144633,0.998419475690512,-0.0141849331801337,-0.208485373229584,0.0892833157967259,0.29776868902631
"848","LY9",0.350795984643245,0.584804574491182,0.0377561238237815,0.998419475690512,0.07358097597271,-0.128344977523543,0.169231313517321,0.297576291040864
"849","MFGE8",-0.63939094884062,0.328850694790784,-0.0674904513822358,0.998419475690512,0.173699299620027,0.381086203897072,0.0835443678207544,-0.297541836076317
"850","CKB",-0.39225989860629,0.570627944217215,-0.3705105798155,0.489329172537047,0.371082907903476,0.522071527105685,0.224907274261032,-0.297164252844653
"851","IL1RAP",0.0220908102869145,0.970279850642973,0.208743172242549,0.941597789347099,0.000988089379719448,-0.224651125942268,0.0723785114590927,0.29702963740136
"852","AP4M1",-0.238505530821632,0.618802721682914,0.227096507568257,0.716792830623108,-0.0813288037822056,0.159847542908089,-0.137156462948516,-0.297004005856605
"853","RHPN2",-1.11500510681994,0.06347573869294,-0.0370416060434824,0.998419475690512,-0.00769804991974095,-0.223181473389198,0.0738000183194155,0.296981491708614
"854","PRDX6",-0.214697266775424,0.434488922071564,0.164777102837512,0.998419475690512,0.0536536904368913,0.271643334209616,-0.0251911721300143,-0.29683450633963
"855","BCL2L14",1.23593006141401,0.0609675430098015,-0.0581788536981601,0.998419475690512,0.28775501113535,0.137831324138164,0.434572129109915,0.296740804971751
"856","AGFG2",-0.222010943689618,0.679977997294164,-0.0416246120874144,0.998419475690512,0.00563020383977332,0.163201863499812,-0.133475227985057,-0.296677091484868
"857","VPS53",-0.318977324481408,0.183952079902532,-0.156959705511082,0.998419475690512,0.170289400361387,0.344769259744959,0.0481150363192343,-0.296654223425724
"858","SGF29",0.299109127756762,0.549689668130234,-0.0424857946001845,0.998419475690512,0.0239847488664846,-0.167367714456411,0.12927454519548,0.296642259651891
"859","ZNF75D",0.219627931139196,0.609432270247425,-0.053948547117006,0.998419475690512,0.0419353857593985,0.244633920324669,-0.0517850980010195,-0.296419018325688
"860","NPL",-0.0252325709902598,0.964649728634987,0.129619672959755,0.899904387831016,0.126007027233247,-0.0901886504499179,0.206182933123527,0.296371583573444
"861","RPL26L1",-0.298597115170297,0.683950626283464,0.364236235686719,0.998419475690512,0.0484124413975031,0.27553518492834,-0.0207768151862282,-0.296312000114568
"862","HIF1A",0.261272813754605,0.487229114287099,-0.00036720763798943,0.998433450236531,0.25897891316878,0.42666882852539,0.130484802756221,-0.296184025769169
"863","PGK1",0.119792611180367,0.719132220725686,0.1804102678426,0.998419475690512,0.0509981648821157,-0.186004711946654,0.110172592288931,0.296177304235585
"864","USP4",-0.183484442858929,0.579485001140438,0.176994999815325,0.998419475690512,0.107067262097128,0.315773113604603,0.0196462659487685,-0.296126847655834
"865","TCN2",0.5585645953325,0.234565277702622,-0.223505151645526,0.998419475690512,0.206007713105753,0.432887034495388,0.136777719638977,-0.296109314856411
"866","LRRFIP2",0.28168929389452,0.483462127516974,0.20022705804429,0.998419475690512,0.0302138242984698,-0.169129816695508,0.126842514582285,0.295972331277793
"867","B3GNT2",0.0858476272432495,0.835414494697167,-0.0234260355703718,0.998419475690512,0.0519440366311609,0.261590468413644,-0.0336902096591458,-0.29528067807279
"868","HECW2",-0.176324788238869,0.823249536966396,0.28864172581435,0.844219646885179,0.137503304001402,0.369935745938569,0.0747719085152415,-0.295163837423328
"869","SEC61B",-0.0397003514136896,0.937804802491905,-0.00617309890194317,0.998419475690512,-0.105676098103343,0.0874950643919145,-0.207522325525708,-0.295017389917623
"870","TNFSF15",-0.372583126607142,0.642419563115722,-0.00209978206827877,0.998419475690512,-0.0573930058479528,0.151220932881762,-0.143601224118038,-0.2948221569998
"871","IL18RAP",0.424681934032501,0.521002152874201,0.0512825897921815,0.998419475690512,-0.00351783416750867,0.204768198426717,-0.0899882369622917,-0.294756435389009
"872","NMRK1",0.392863863712266,0.366385091109074,0.0552195994599245,0.998419475690512,0.0192188539579228,-0.200729430739783,0.0939022745933502,0.294631705333133
"873","CRK",0.0523063163131725,0.873160478284559,-0.0683597225957559,0.998419475690512,-0.00837026123004561,-0.214888680250152,0.079717295256967,0.294605975507119
"874","PTRHD1",-0.113422896537549,0.870862505973911,0.625344999696435,0.781368446819726,0.0567916341372412,0.259545877419022,-0.0347342304891018,-0.294280107908124
"875","HS3ST1",-0.355265483149835,0.588268316292299,0.0654277337137907,0.998419475690512,-0.172912022111103,-0.353182444858016,-0.0589096947077352,0.29427275015028
"876","APOA2",0.499942424144508,0.414383376519285,-0.108107460693602,0.994656144598261,-0.0334825164506307,-0.21253364392275,0.0815029557339056,0.294036599656656
"877","CTSB",-0.0292111108860325,0.958918065444427,-0.033322331100739,0.998419475690512,0.293315680852656,0.461833557970584,0.167942122454147,-0.293891435516437
"878","HNRNPC",0.187488568750204,0.566121985269133,-0.00987105088723721,0.998419475690512,-0.0128848301056946,0.182076746098983,-0.111572099667291,-0.293648845766273
"879","HDAC6",-0.373794094283808,0.177557215102915,-0.051610142224791,0.998419475690512,0.0714362116267993,-0.121403551264781,0.172151621561257,0.293555172826039
"880","KCTD1",0.0958110048243802,0.922006327226352,-0.153588186604346,0.550566198150448,0.00827607600173213,-0.162187183960549,0.131162435103834,0.293349619064383
"881","SH3BGRL",0.0145289973436309,0.979077537115052,0.00129187954602491,0.998419475690512,0.028103216762945,-0.180709257320537,0.112119394362398,0.292828651682935
"882","ACAP2",0.212350833835202,0.509188157817674,-0.0616246746403204,0.998419475690512,0.244595999140501,0.435056781778405,0.142458361176302,-0.292598420602103
"883","ERCC1",-0.233107388692937,0.51860768307011,-0.0270673725497406,0.998419475690512,0.0110129668736786,0.202087743406401,-0.0904132344733943,-0.292500977879795
"884","DNAJC10",-0.288843912403907,0.377887829639859,0.0577840513343702,0.998419475690512,0.291611666628493,0.484531631426314,0.192033474029062,-0.292498157397253
"885","GGT5",1.38847445711724,0.00803878426676708,-0.0570362296203661,0.998419475690512,-0.248815387138715,-0.429872272286409,-0.137418792927434,0.292453479358975
"886","ABCF3",-0.362644482791387,0.22081525368052,-0.0506209829509864,0.998419475690512,0.113007727102387,0.282914505007496,-0.00875782953067666,-0.291672334538173
"887","PKN1",0.0369406537595954,0.927005336344758,0.129096997444497,0.998419475690512,-0.0529617239187128,0.152388473943524,-0.139203487081879,-0.291591961025403
"888","SAMSN1",0.123093352497319,0.86574203761364,-0.139058273047841,0.998419475690512,-0.11332244225758,0.0857766281483187,-0.205412945494283,-0.291189573642602
"889","BCL2L2",-0.492168890493287,0.169544262737193,-0.0413995976611833,0.998419475690512,0.0936139314865669,-0.151586063307824,0.139524938904735,0.29111100221256
"890","ADAMDEC1",1.93726817222293,6.79586105984668e-05,0.0201077391805201,0.998419475690512,0.188639554493848,0.013717603239802,0.304791314803446,0.291073711563644
"891","DUSP10",0.382235407429832,0.354558776926507,-0.0256586344313475,0.998419475690512,0.0320565013576418,-0.144864889667818,0.146152563251577,0.291017452919395
"892","COL8A1",0.0967400534965672,0.921901411188415,0.0269873824961832,0.998419475690512,-0.0954047527583327,-0.299888061960146,-0.00895240214685197,0.290935659813294
"893","CMTM4",-0.562317215110041,0.27511108489659,0.139375101493307,0.998419475690512,0.0770262397025687,0.302858792482414,0.011999460020814,-0.2908593324616
"894","BCL7A",-0.286897762309157,0.572405467301813,0.415530959681211,0.652101980055702,0.035238908107951,0.248880059523798,-0.0417994570572289,-0.290679516581027
"895","LSMEM1",-0.0239109804155817,0.978621482943083,0.0338827594219112,0.998419475690512,0.0584851350034177,0.242088339610487,-0.0482398063582822,-0.290328145968769
"896","KLHL7",-0.119787703537041,0.814518480141607,0.237493024332848,0.315128655592298,-0.058391159292554,0.207604187471284,-0.0824837690760223,-0.290087956547306
"897","CSF2RB",0.864434180075436,0.00487012851995882,-0.0621992116894352,0.998419475690512,-0.0333054814992565,0.232883360049909,-0.0570326886649211,-0.28991604871483
"898","GGA1",-0.0302250860341675,0.932759353527994,-0.327097121063165,0.994306542239506,-0.192874325399922,0.0129996586880802,-0.276701360249963,-0.289701018938043
"899","MAGED1",-0.141669147553377,0.790794714855557,-0.138723242648605,0.715823515377884,0.308065331329611,0.480075758846324,0.190588777961839,-0.289486980884484
"900","ADAM32",-0.243870499797432,0.716402542551313,-0.062317954184094,0.998419475690512,-0.113151003963065,-0.312631321951093,-0.0231518499799443,0.289479471971149
"901","PDCL3",0.0396917497629531,0.94803733740485,0.144622309271841,0.998419475690512,0.0555355957453419,0.256740482793011,-0.0325214482819554,-0.289261931074966
"902","GABARAP",0.0972994249609069,0.873769079078322,0.244126939282935,0.998419475690512,-0.0409284205110626,-0.296484637049966,-0.00735574180766348,0.289128895242302
"903","KPNA1",-0.408159373130448,0.153719835030217,0.0921306809034161,0.998419475690512,-0.00678634903213071,-0.167449357741643,0.121553794436301,0.289003152177944
"904","PDLIM4",-0.24798610522088,0.748210764786666,0.0113856827526961,0.998419475690512,0.075675052419473,0.251448671736163,-0.0375025314646116,-0.288951203200775
"905","SCP2",-0.3014994302551,0.416814926293493,-0.0808645824543275,0.998419475690512,0.375849660587748,0.542955510675227,0.25401935040462,-0.288936160270607
"906","PDIA6",-0.32652554660783,0.271619859039167,0.409679959045513,0.998419475690512,-0.00195816955400054,0.223025388543099,-0.065796481650742,-0.288821870193841
"907","CLEC2B",0.354135761914194,0.34062797200982,-0.0378556289539901,0.998419475690512,0.154314000353174,0.350123830568713,0.061707834633246,-0.288415995935467
"908","ACADVL",-0.34451028591613,0.189820312026058,0.155989807707315,0.998419475690512,-0.283629642206359,-0.08412683217467,-0.372524110916946,-0.288397278742276
"909","NAE1",-0.027784576055728,0.965928977949861,-0.136763688504302,0.997834294524946,0.127291132285876,0.288415838456823,6.90640956122591e-05,-0.288346774361211
"910","EREG",-0.414460792725462,0.531874602039787,-0.0292021075456576,0.998419475690512,0.0518765800037448,0.259231407462398,-0.028990046218665,-0.288221453681063
"911","UBE2W",0.415796721462024,0.097943283684681,0.151463530017235,0.998419475690512,0.204763782509076,0.389240658864939,0.101037241123635,-0.288203417741304
"912","LGALS3BP",-0.11308122653252,0.875716183604436,0.275571709463819,0.998419475690512,0.381342420242372,0.586089907215195,0.297914108588287,-0.288175798626908
"913","LRP8",-0.13425137529934,0.825180337968732,0.0429318666987256,0.998419475690512,0.0260242189947597,-0.157466109712601,0.130556031685521,0.288022141398122
"914","MARK3",0.466868026055497,0.0222271402606211,0.0164595268353962,0.998419475690512,0.0602044104229861,0.262409812765111,-0.0253713321435794,-0.28778114490869
"915","LACC1",0.409116613770935,0.261393937102449,-0.0186117436242436,0.998419475690512,0.128684661304345,-0.0659468885323878,0.221357047864809,0.287303936397197
"916","IL7R",-0.173564063641132,0.734892619905215,-0.0166469767943402,0.998419475690512,-0.0104506943044922,0.188066176588641,-0.0990141054708889,-0.28708028205953
"917","METTL26",-0.187081599821836,0.805298470835221,0.124726652066183,0.966961547562754,-0.118827659461894,0.0892043285589891,-0.197699880626835,-0.286904209185824
"918","CMTR1",0.979877250529112,0.0122143683900594,0.152653822811888,0.773746887382184,0.23260491811523,-0.0530815618322203,0.233789186020358,0.286870747852578
"919","PAFAH2",-0.101403766231497,0.886630159236191,-0.0178051941513516,0.998419475690512,0.112128671936731,0.286916759445201,0.000182429699892265,-0.286734329745309
"920","DDHD2",-0.281368704935668,0.533337623959849,0.0756695741214098,0.998419475690512,6.85247750175724e-05,-0.182992050720244,0.103615315701062,0.286607366421305
"921","UBD",1.49177309651738,0.145486465994021,0.0296879650103773,0.998419475690512,0.0591594267954669,-0.155932257744707,0.130621293734982,0.286553551479689
"922","ST3GAL2",0.238646919843375,0.58680625543954,0.389428176966374,0.856705671473268,0.0809725154497299,-0.166902552210726,0.119312994492405,0.286215546703131
"923","STAT3",0.177998856791399,0.618393308081725,0.334556079136197,0.906266089138714,0.0909818835420439,-0.141314655117766,0.144631586974183,0.285946242091949
"924","IL10RB",0.433623622081232,0.0563724172297159,0.0706173715357264,0.998419475690512,0.0283908075700736,0.217368585461741,-0.0685365554396709,-0.285905140901412
"925","RPL38",-0.130589497416037,0.769319291715862,-0.00588834679684876,0.998419475690512,0.0461148706415079,-0.150006065077718,0.135865612344597,0.285871677422315
"926","CD320",-0.286085503405743,0.716614192728602,0.0404528635026111,0.998419475690512,-0.0378308355164673,0.144193912671074,-0.14136723176855,-0.285561144439624
"927","MTHFD1",-0.654296732271072,0.103501932095232,0.342312827030898,0.998419475690512,-0.00701131006291901,0.237295746861576,-0.0481653381566726,-0.285461085018249
"928","OSM",0.261473773835539,0.72137612009045,0.138151306113491,0.958741895914764,0.570840117213494,0.391496413459697,0.67678320073117,0.285286787271473
"929","RAF1",0.24803800077614,0.229042630126842,-0.13123764574439,0.998419475690512,0.218724394484197,0.422352465462416,0.137312937898546,-0.28503952756387
"930","GRK2",0.440693167112518,0.0635609649081351,0.463615506607362,0.998419475690512,-0.0273439745976427,0.131611950773962,-0.153336135970839,-0.284948086744801
"931","HGF",0.318370672973005,0.619464116085017,0.0885771174241261,0.998419475690512,0.325777774084482,0.115513877980869,0.40036256373471,0.284848685753841
"932","RHOB",0.24585462334957,0.545036348075734,0.194070482594112,0.998419475690512,-0.0573113468188119,-0.258913485956395,0.0255483575120003,0.284461843468396
"933","INSIG1",0.44237114902137,0.162420592743271,-0.0835188639208897,0.96484128332814,-0.0813816352341593,0.141052697887522,-0.143307006834735,-0.284359704722257
"934","TIMM23",-0.205829884262521,0.691545218551406,-0.0116273417485381,0.998419475690512,-0.179772212098797,-0.357487673323725,-0.0732518928341449,0.28423578048958
"935","DEAF1",0.353842397944193,0.358503582893739,0.0520169730887502,0.998419475690512,-0.0566757759264268,0.127236648564321,-0.156851729554459,-0.284088378118781
"936","PTGES2",-0.408771135547584,0.382058311705761,0.0715363041970959,0.998419475690512,0.0200969999629226,0.228957963819756,-0.0549350367692007,-0.283893000588956
"937","NAB2",0.00359093105248018,0.996248953157761,0.0095585141337802,0.998419475690512,-0.102155758673934,-0.29661545550253,-0.0127837860776706,0.283831669424859
"938","LRRC59",0.0132938257930171,0.975745777642092,0.491606131865269,0.797945864179562,0.0143644140034442,-0.154842479011778,0.128847408946409,0.283689887958187
"939","GALK1",-0.026097965594874,0.961675786915774,0.158778851962529,0.998419475690512,-0.0611044973088661,0.123003595312664,-0.160252846139857,-0.283256441452521
"940","HIBCH",-0.151280088644218,0.79237845413462,0.12416050024144,0.998419475690512,-0.168962863964005,-0.337563168272908,-0.0543210062229678,0.28324216204994
"941","MST1R",-0.182710164423995,0.839341149292382,0.096781433153813,0.993246420374571,-0.128718826275038,-0.30354583619211,-0.0203154707249043,0.283230365467206
"942","SIGLEC9",0.337033851453207,0.511908784471321,0.351657826989605,0.998419475690512,0.0885124492897248,0.288452492431252,0.0052701361594955,-0.283182356271757
"943","NSF",0.294206794898858,0.380464401741998,0.110860472163715,0.998419475690512,-0.0425733766940147,0.129077658059314,-0.154075884457176,-0.28315354251649
"944","FAIM",-0.755724595967637,0.184703185864242,-0.476259156300493,0.0129582631272613,0.454996877442993,0.541921488409091,0.258808075805244,-0.283113412603848
"945","FCGR2A",0.500438868117269,0.104953594782621,0.411107941803833,0.853216168095328,-0.090678905000057,-0.318728966013083,-0.0356479438445849,0.283081022168499
"946","ASNS",0.112111660568713,0.876556702933494,-0.00450253182222098,0.998419475690512,0.156702175885313,0.349595809436648,0.0666317187677399,-0.282964090668908
"947","CBX1",0.154063357069042,0.658381156027404,0.0763828537954865,0.998419475690512,-0.0587265356372008,0.129649644140816,-0.153295983119125,-0.282945627259941
"948","AP2A2",-0.203733108491909,0.555320856343802,0.268476338510473,0.998419475690512,-0.138177380148195,0.07496586606398,-0.207741878847526,-0.282707744911506
"949","ANP32A",0.311538766380656,0.322805070355523,-0.00736222708047813,0.998419475690512,-0.166905275245596,-0.380030286855507,-0.0974802121013733,0.282550074754133
"950","VEGFB",-0.840660098793642,0.0640104412597515,-0.243594644045059,0.0114328068198298,0.443313068656683,0.491207761242369,0.208803560182902,-0.282404201059467
"951","NPLOC4",0.117121562040791,0.684164081259899,-0.240125162854364,0.998419475690512,0.0349654157855848,0.252469940550838,-0.0299245371031563,-0.282394477653994
"952","ACVR1B",0.110573186683007,0.767282445466682,0.0770087066940429,0.968200886529169,-0.00958482893680887,-0.187596954844415,0.0947864171647541,0.28238337200917
"953","STX3",0.390577905003394,0.244656739790342,0.21220724688781,0.998419475690512,0.145304892259541,-0.0743933860453932,0.207927920831044,0.282321306876438
"954","DAXX",-0.0702137989660052,0.848856611540986,0.0318925555601172,0.998419475690512,-0.039176370386306,0.146899235916919,-0.135299928513022,-0.282199164429941
"955","P3H1",-0.20026105728398,0.731747962466952,-0.0163537763620681,0.998419475690512,0.172177688728484,-0.0110074192503569,0.270863663928591,0.281871083178948
"956","AKR1C3",-1.76393484799592,0.00173416171110031,-0.59160059178996,0.447873601337046,0.338992175159849,0.415928117283985,0.13410647391887,-0.281821643365115
"957","FGFR2",-0.253423070122613,0.745765884150063,-0.0418901612539884,0.998419475690512,0.00531438345476134,-0.209100804395292,0.0724472693548013,0.281548073750094
"958","C3",0.372906051921711,0.334969061743502,0.470105306187691,0.856705671473268,-0.180070388363839,-0.398006766655079,-0.116482341378509,0.281524425276571
"959","FHL1",-2.23099127893037,0.000860363851958367,-0.0337565724609046,0.998419475690512,0.0650591663833608,-0.116334381867938,0.165041915127943,0.281376296995881
"960","ARPC5",0.425503754224012,0.114016535871587,0.0477666235650085,0.998419475690512,0.0338023732159699,-0.158313998994033,0.122820560416962,0.281134559410995
"961","HCAR2",0.51599125275389,0.384525096767646,0.0886417543874046,0.998419475690512,0.270671249536759,0.0644612533705112,0.34553721601368,0.281075962643169
"962","WDR48",-0.0986566333949952,0.826849864114213,0.178766024055189,0.998419475690512,-0.00864680966347574,-0.166255798082626,0.114722053643152,0.280977851725778
"963","PUF60",-0.118946354515547,0.776403980186177,0.198340099921094,0.998419475690512,0.0252884104788916,0.218513929150237,-0.0619592183674287,-0.280473147517666
"964","MSRB3",0.399619373537919,0.521247648177803,-0.00858503313902526,0.998419475690512,-0.0417045168877571,-0.226994316357776,0.0534467806062871,0.280441096964063
"965","GBP2",1.00421736884385,0.0120555510163957,0.803573317589074,0.101014253771789,0.260868965354675,-0.082988170393205,0.197421186900813,0.280409357294019
"966","PQBP1",0.0332042757116841,0.944018083988999,-0.0604391240476044,0.998419475690512,-0.0339731310478812,-0.207208382693893,0.0731423168453374,0.280350699539231
"967","SERPING1",0.60234713988353,0.336029589393426,0.713514712382672,0.517046758505958,0.0485369240534356,0.181811396196807,-0.0984956350009021,-0.280307031197709
"968","PTPN1",0.463176600995913,0.0603631411633317,0.55570611947357,0.0797023965749784,0.11906623014597,-0.231928312722689,0.0480549206228637,0.279983233345552
"969","EIF4E",-0.292993017624089,0.127097700607163,0.526999773533289,0.917185685045979,-0.203736178891142,-0.367374421886021,-0.0874427446754369,0.279931677210584
"970","RFNG",0.227465294662569,0.665558667780999,0.0717755032736435,0.899904387831016,-0.012649870877507,-0.222242055483265,0.0576447190229927,0.279886774506258
"971","COX7A2L",0.0933377037504058,0.819308240957249,-0.101795097269826,0.985039353349534,-0.00715791818510348,0.18108118094206,-0.0984065021338463,-0.279487683075907
"972","VSIG10",-0.272884217015685,0.748194913418524,-0.0060417540952309,0.998419475690512,-0.079360540285816,-0.265348123887762,0.0138906319440778,0.27923875583184
"973","GID8",-0.145212543255993,0.721905490514225,0.0930131010256759,0.998419475690512,0.0771642370910553,0.27218506648789,-0.00686580648315196,-0.279050872971042
"974","MXRA7",0.163047780524901,0.759707198236438,-0.027429278856125,0.998419475690512,0.0513321474603827,-0.136943636396609,0.141930212857757,0.278873849254366
"975","ELL2",0.062881414455585,0.90599680865584,0.0380053687394563,0.998419475690512,0.0698369219428394,-0.122437304674091,0.156374685514172,0.278811990188262
"976","BMPR2",0.363154169213343,0.303077162899901,-0.0376554717919602,0.998419475690512,0.0567242673687596,-0.149436399396106,0.129361602983727,0.278798002379833
"977","RNF215",-0.337621712466377,0.551586649702177,-0.0531748744491909,0.998419475690512,-0.0967579480138166,-0.289499620222715,-0.0107508360207183,0.278748784201996
"978","HNRNPLL",0.794284770199525,0.00776713964175191,-0.175369498211756,0.998419475690512,-0.0431955649634519,-0.190799290909205,0.0878879887835362,0.278687279692741
"979","LYZ",-0.593289680560443,0.113886430315697,0.362416745635308,0.998419475690512,0.106271199105097,0.308977497713281,0.0304000562912589,-0.278577441422022
"980","CEACAM3",0.266332550465473,0.658274864325346,0.0362194742935532,0.998419475690512,0.165563346934355,0.35731944153332,0.0787942660603612,-0.278525175472959
"981","RAB1A",0.297927240774858,0.288704081607478,0.402728740030779,0.832343405187712,0.135141250105865,-0.0834633216341848,0.19505351582216,0.278516837456345
"982","MPO",-0.522457283849856,0.426667616673225,0.483961242057058,0.960940008943582,-0.0222987605379718,0.17227909645591,-0.106108586459657,-0.278387682915567
"983","IGFBP7",0.0189130824299074,0.982820701183151,-0.938054263440362,0.133662137446853,0.316361529124587,0.178473672701601,0.456826706234692,0.278353033533091
"984","HERPUD2",0.622997609796421,0.00456923054538259,-0.0165146390160092,0.998419475690512,-0.130312700452344,-0.324440803142073,-0.0461521209417985,0.278288682200274
"985","PIAS3",-0.219935233855273,0.651352881392795,-0.0266080437778154,0.998419475690512,-0.0554140030230309,-0.222358742119722,0.0556035506679505,0.277962292787673
"986","CCM2",0.0332468896989179,0.937222345658574,0.125622386468974,0.998419475690512,-0.0985529096767118,-0.305668333618214,-0.0279303632695363,0.277737970348678
"987","THYN1",-0.302442516058928,0.620367992389804,0.369287666259455,0.998419475690512,-0.0114253226145975,0.188388816323128,-0.089343325636066,-0.277732141959194
"988","UNC119B",-1.13106639853043,0.00200539862481167,-0.137129829080847,0.998419475690512,0.271054268784645,0.448784175184688,0.171147752389692,-0.277636422794996
"989","MICOS10",-0.092495088187475,0.830708629655993,0.145166007236539,0.998419475690512,-0.0658043833641435,0.148435750878867,-0.129069922724119,-0.277505673602986
"990","XBP1",0.130953062391049,0.749686336352983,-0.00830139596118705,0.998419475690512,0.0937210810033345,0.2903671567638,0.0129566736945178,-0.277410483069282
"991","THOC1",-0.633765814493489,0.126451262111765,0.209118380067534,0.335558544040105,-0.0348996233065237,0.263982551716556,-0.013074049088412,-0.277056600804968
"992","UROD",-0.35996596935684,0.37360975516395,0.103357534032496,0.998419475690512,-0.206092666791804,-0.0473004583724756,-0.324334802334587,-0.277034343962111
"993","CDKN1A",0.405649087656625,0.204279967602914,0.0141110756733828,0.998419475690512,0.15101857772195,0.353247673680458,0.076530955053625,-0.276716718626833
"994","MAN2B2",-0.02971694238366,0.945211473299485,-0.230761287929114,0.560616328994126,0.132192619020576,-0.0522626595916245,0.224211370625577,0.276474030217202
"995","CTSH",-0.096559980832824,0.835133605220561,-0.516876379446938,0.712002983900469,0.219605269278233,0.40113638007915,0.124671943388516,-0.276464436690634
"996","IST1",0.035955265723427,0.915351997082657,0.0368600958085803,0.998419475690512,-0.0455791325928781,-0.242937689180436,0.0335199192344314,0.276457608414867
"997","RPSA",-0.0348742771473772,0.941791957414145,0.00130028535801836,0.998419475690512,0.0479131469846247,-0.128715148752312,0.147574121549841,0.276289270302152
"998","LIF",-0.611016590171827,0.276841420301684,0.0389212262530797,0.998419475690512,-0.201456473464373,-0.0172901401163443,-0.293539130619539,-0.276248990503195
"999","SUGT1",-0.13228442481559,0.743233071320237,0.14327757603754,0.998419475690512,0.124460555464612,0.325377344404133,0.0491677361396759,-0.276209608264457
"1000","PCNA",-0.270345311005974,0.663293636348294,0.642809529725674,0.266620711539702,-0.1444119330609,0.0569240007666885,-0.219244572153405,-0.276168572920093
"1001","RXRA",-0.176736541138387,0.657858089277012,-0.0259511096185444,0.998419475690512,0.0971210970882573,0.291927190505723,0.0158172275376578,-0.276109962968065
"1002","DNAJC11",-0.139306298620161,0.812877623549242,-0.051409880127138,0.998419475690512,0.0201211142816795,-0.175701597101371,0.100349200502633,0.276050797604003
"1003","TRMT112",-0.239273501076497,0.527984068386266,0.244262368113534,0.998419475690512,-0.131032440593298,-0.293282136239824,-0.0178656403109284,0.275416495928896
"1004","PIK3C3",0.0213058342103952,0.95944172543594,0.00622862528586187,0.998419475690512,0.0962736180650364,0.297305149627288,0.0220393847465534,-0.275265764880734
"1005","LIMA1",-0.344248858353934,0.401172977064683,0.0142810330578693,0.998419475690512,-0.0506365101468044,-0.245395077009633,0.0298213650733425,0.275216442082975
"1006","ERGIC1",-0.567896516456646,0.0697868567202908,0.123791698016069,0.998419475690512,-0.0873118820431055,-0.260141595650379,0.014926767234918,0.275068362885297
"1007","CCT5",-0.187739582351703,0.52051670981299,0.314962894725746,0.998419475690512,-0.047098103943345,0.165910074681312,-0.10912436979817,-0.275034444479483
"1008","TARBP2",-0.339755080695753,0.549547793174764,-0.0276325783327103,0.998419475690512,0.034227097815392,-0.155518664263926,0.119479338580808,0.274998002844734
"1009","RND1",0.244412284069257,0.755882314859498,-0.0404759068053621,0.998419475690512,0.0759698604154388,0.241948830060303,-0.0320658090909213,-0.274014639151224
"1010","MBNL1",0.443987318111769,0.0810614164692971,0.100962501883614,0.998419475690512,0.06329483922092,-0.149372356652126,0.124512214228414,0.273884570880539
"1011","CASP10",0.476208376506605,0.236887017520307,0.0529681436937623,0.998419475690512,0.00855174454660813,0.171214810157065,-0.102504662247539,-0.273719472404604
"1012","PLEKHO2",-0.0274012311408068,0.961759158661835,0.103812365613789,0.998419475690512,-0.16601307774862,-0.371878501928708,-0.098395715040813,0.273482786887895
"1013","VPS28",-0.0849370106803452,0.805298470835221,-0.0193571729025147,0.998419475690512,0.0516853338316222,-0.141527665699029,0.131750308791104,0.273277974490133
"1014","ACSF2",-1.1556961178614,0.0287948845630091,-0.211059939819225,0.706375430478359,0.144555693867331,0.151844599068955,-0.121343021150347,-0.273187620219302
"1015","MRTO4",-0.157617282840856,0.835168049798055,0.414321210044188,0.857501682187315,-0.14338352042152,0.0728591692872154,-0.200195565058924,-0.273054734346139
"1016","SMNDC1",-0.199112361383599,0.515252979445266,-0.374203879987041,0.998419475690512,0.00297146522356305,0.188257049254217,-0.0847927301429784,-0.273049779397195
"1017","PROCR",-0.601293146848705,0.312303357022964,0.045680457533403,0.998419475690512,0.060548593276411,-0.106348069805516,0.166339717627767,0.272687787433284
"1018","MPZL1",-0.0668838505794072,0.912587394752015,-0.00663304846562807,0.998419475690512,-0.0473238033147567,0.116244863995119,-0.156372144381134,-0.272617008376253
"1019","NBR1",-0.0216434685846207,0.945985301372744,0.138510421317669,0.781368446819726,0.190896717079455,0.00570556987249775,0.278100834801155,0.272395264928658
"1020","LY6G6C",0.388042794555542,0.607346428336605,0.470346385949379,0.873362904078878,-0.044297392472955,0.13946963775778,-0.132891744615113,-0.272361382372893
"1021","HECTD3",0.00553645042552867,0.992627611958795,-0.114161226908184,0.998419475690512,-0.140760472681208,-0.314255579167421,-0.0419115129622633,0.272344066205158
"1022","PPIF",0.242048962984722,0.644344242406418,0.077721415771216,0.998419475690512,-0.214862540373933,-0.376297231194708,-0.104314393162529,0.271982838032179
"1023","GALNT3",0.680717210499536,0.0755412792020202,-0.00906499845669084,0.998419475690512,-0.127740240233471,-0.298728726002602,-0.0268139717085384,0.271914754294064
"1024","NUDC",-0.152795415518865,0.759926760601746,0.00980531036915041,0.998419475690512,0.255019426602784,0.425344603115301,0.153691506599321,-0.27165309651598
"1025","POLR2C",-0.191650046085264,0.544751043622049,-0.00604076091522094,0.998419475690512,0.0467958436386198,-0.117392489894714,0.15416352978111,0.271556019675825
"1026","CLN5",-0.246388461772787,0.591813455797594,-0.0555842368310338,0.998419475690512,-0.103187197517017,-0.293882978719189,-0.0224711594405767,0.271411819278612
"1027","REEP2",-0.374619462658643,0.719344897418522,0.02008614931113,0.998419475690512,-0.129970820857353,-0.277464636067576,-0.0061136496734019,0.271350986394174
"1028","EDC4",0.00637588899759966,0.989942489888607,0.263032195185361,0.963204148073108,-0.104383296814649,0.0510522931246354,-0.220207654057711,-0.271259947182347
"1029","HUS1",0.0885317584306114,0.846227697324757,-0.185623053123541,0.994739550495444,-0.0423391634446627,0.140169130990705,-0.131049068184003,-0.271218199174708
"1030","REPS2",0.0472786524177879,0.935451868730279,-0.172767814773741,0.998419475690512,0.220842756201281,0.380791425436566,0.109599404695733,-0.271192020740833
"1031","TAGLN2",0.0185332369775823,0.961980610595103,-0.211850273230856,0.998419475690512,0.00315437526361946,-0.174479069877299,0.0967056190101509,0.27118468888745
"1032","WDR26",0.153606832407161,0.580917489241806,0.0664257360803007,0.998419475690512,0.148657968686896,0.34932243536949,0.0781748067046252,-0.271147628664865
"1033","CHCHD7",0.218043143899894,0.670786175754196,0.379632509531179,0.595628154734049,-0.0163576045859293,-0.221884480408353,0.0490969341166256,0.270981414524979
"1034","BLVRB",-0.341488881067402,0.452459914717933,0.200722124147501,0.998419475690512,-0.00923188397000999,0.187017451286278,-0.0836090723991102,-0.270626523685389
"1035","ST6GALNAC6",-0.607304916110928,0.0987769198078709,-0.675385159985927,0.0129582631272613,0.390495488734338,0.432098725586858,0.161907076188715,-0.270191649398142
"1036","GMPR2",0.282445504987491,0.270440743998283,0.220288816050597,0.998419475690512,-0.0254625021388567,-0.234900332790236,0.034938734714364,0.2698390675046
"1037","MAZ",-0.000208736380071792,0.999879125679949,0.00169052604424789,0.998419475690512,-0.114327396515133,-0.287785902355349,-0.0181925889722182,0.269593313383131
"1038","PHF11",1.27937584704058,6.24694599190664e-05,0.147563447174789,0.998419475690512,0.047443155087346,0.185004473092218,-0.0845170970828719,-0.26952157017509
"1039","STIM1",-0.102330822308301,0.729040463438513,0.0208089315954567,0.998419475690512,0.128733950144422,0.318806993105524,0.0493347511775725,-0.269472241927952
"1040","SYTL2",-0.252315533938501,0.649769286210418,-0.0150148229636962,0.998419475690512,0.207835640290052,0.377800893290139,0.108414797029637,-0.269386096260502
"1041","LZIC",-0.127168419353358,0.751617275092623,-0.132125306716596,0.83454905766719,0.118737157660207,-0.0632399781272866,0.206083583425853,0.269323561553139
"1042","KMT2C",-0.102363641719798,0.734966886546227,-0.0487160284652376,0.998419475690512,0.086468835234219,0.233976151335428,-0.0353347933892197,-0.269310944724648
"1043","EFHD2",0.132127377495283,0.731823684863356,0.305059343563163,0.998419475690512,0.144121221703217,-0.0574668236058668,0.211578841447501,0.269045665053368
"1044","YIPF6",-0.14198825067853,0.661269611451562,0.0282097388171028,0.998419475690512,0.0122788344663624,0.189676452003262,-0.0793015008921953,-0.268977952895457
"1045","COTL1",0.267805925197136,0.348457735300086,-0.0157440809711584,0.998419475690512,0.0125372551867437,-0.182798102689759,0.0861682731913799,0.268966375881139
"1046","CTSC",0.508874862216922,0.12121821075861,0.0827939460525643,0.998419475690512,0.104781139025848,0.233558655219333,-0.034898747803321,-0.268457403022654
"1047","SNRPD3",-0.0356583381373395,0.94941536559332,-0.121550232044336,0.998419475690512,0.0265177744711579,-0.108452231312318,0.159884438852729,0.268336670165048
"1048","NAPA",0.926461283824444,0.000137078774852541,0.144847540643116,0.998419475690512,-0.0101251920865741,-0.249019881569137,0.0192384272474956,0.268258308816632
"1049","MLX",-0.104708194846315,0.732929154906165,-0.052003247068553,0.998419475690512,-0.0545871334138019,-0.254954467042386,0.0131149334959055,0.268069400538292
"1050","KPNA5",-0.275574239837204,0.657840992461543,-0.0416592052884826,0.998419475690512,0.13632178958364,0.341564413421967,0.0735720926749807,-0.267992320746987
"1051","MSI2",-0.351823510887324,0.460083460807456,-0.103895890238724,0.998419475690512,0.0167992544920502,0.198511593148833,-0.0694709317883608,-0.267982524937194
"1052","CES1",-1.59080701862725,0.000105866134016356,-0.145896868760175,0.906608492274627,0.325634917516534,0.451191211512088,0.183210908899404,-0.267980302612685
"1053","QTRT1",-0.630449015583293,0.183338467287228,-0.0256616617750364,0.998419475690512,0.175742779211173,0.340411232279016,0.0724679557176851,-0.267943276561331
"1054","CD3G",0.784076750454063,0.168436551003691,-0.0207660782371496,0.998419475690512,0.0531873477912498,-0.161161844286231,0.106741787899735,0.267903632185966
"1055","DHX38",-0.156671890406137,0.559027670337311,0.0629091439776233,0.998419475690512,0.0653983614030966,0.239164457840043,-0.0287232239742863,-0.267887681814329
"1056","COMMD8",0.237525994159063,0.663229323938817,-0.00420918561865417,0.998419475690512,0.0295393094395486,0.218345072621011,-0.0494380413970529,-0.267783114018064
"1057","TSEN15",-0.0673522343645227,0.918903419253829,-0.0553741627911589,0.998419475690512,0.0207375536028538,-0.143857723056094,0.123911989781452,0.267769712837546
"1058","OSCAR",0.174327942871735,0.68325792826533,-0.0199444233899685,0.998419475690512,0.265459942567511,0.444801780523627,0.177284886221814,-0.267516894301813
"1059","PIAS4",0.37420848773896,0.346112455564675,0.0243657305144772,0.998419475690512,-0.049652724480347,0.123710500205617,-0.143772390794416,-0.267482891000033
"1060","RNF141",0.00780781257224187,0.98863245204379,0.0622774765595317,0.998419475690512,0.156213633166667,-0.0153199351248581,0.252161497050766,0.267481432175624
"1061","ITGB7",0.231775437137598,0.687470939016724,0.310393846276288,0.791573009435334,0.0438766440820067,0.247228246834883,-0.0201031702400261,-0.267331417074909
"1062","TFPI",-0.511248308122944,0.18646816568452,-0.185290126842662,0.998419475690512,-0.042078489848524,-0.246990194522849,0.0200901542939958,0.267080348816845
"1063","G3BP1",-0.159165671406395,0.607346428336605,0.050912251776764,0.998419475690512,0.0636850900411052,0.257543428574754,-0.00952620157524986,-0.267069630150004
"1064","BRAT1",0.0999053964149735,0.821432099974797,0.0606136641320736,0.998419475690512,0.00459834225910917,-0.199605661530017,0.0673826454092629,0.26698830693928
"1065","RDH10",0.0495582453260216,0.956506932519683,0.069104222146226,0.998419475690512,-0.0733824331405576,0.0976609201630069,-0.169268574823117,-0.266929494986124
"1066","CTCF",-0.167359485180543,0.559758757202643,-0.0413295016616615,0.998419475690512,0.0274208670391056,0.196513411104641,-0.070034821306613,-0.266548232411254
"1067","PIM2",0.606946537215648,0.0776920295739639,-0.0231478964564923,0.998419475690512,0.245045485495806,0.430030633989857,0.163501264988853,-0.266529369001004
"1068","EEF1A1",-0.212046155245613,0.578126310385159,0.258669709445779,0.849533369989811,0.0334952826718042,0.218294078052913,-0.0482155196078483,-0.266509597660761
"1069","STK24",0.270690439926332,0.255294227131272,-0.0069527264671845,0.998419475690512,0.159125647944724,-0.00304934756825226,0.26341040793413,0.266459755502383
"1070","SNX8",0.121560595396006,0.786815661568604,-0.16915814244464,0.998419475690512,0.0239226985104331,0.232819361399118,-0.0335536432673355,-0.266373004666453
"1071","GPCPD1",0.0912456158014119,0.854114437465663,-0.0267615278919809,0.998419475690512,0.229325611877128,0.0626417725101837,0.329009957009431,0.266368184499247
"1072","SERPINB9",0.863404772983365,0.0444102754249429,0.9431481895822,0.474455026347285,0.132462658983899,-0.148683611930026,0.117539865715151,0.266223477645178
"1073","CATIP",-0.461417246233162,0.358503582893739,-0.0441346598022084,0.998419475690512,-0.0069115891731941,0.156341000993774,-0.109849287833554,-0.266190288827328
"1074","HSP90AB1",-0.352996020333811,0.324821858366747,0.423101953684807,0.998419475690512,-0.0431658883100893,0.165493223735774,-0.100416205187733,-0.265909428923507
"1075","TNFRSF6B",2.16244670235477,0.00757205679668114,-0.0221977581379304,0.998419475690512,0.12387796716451,0.32255406411956,0.056730963310979,-0.265823100808582
"1076","PWWP3A",-0.162927434324944,0.765562725403082,0.30602115547562,0.674452248637249,-0.161460438205409,0.0519120812914955,-0.213831507841776,-0.265743589133272
"1077","ABHD14A",-0.480255763822725,0.494540868749334,0.374278274853065,0.998419475690512,0.0307911721143534,0.273880111399075,0.00817416430574798,-0.265705947093327
"1078","EPHB6",-0.130099216184684,0.857914651012702,-0.0999727703440855,0.474455026347285,0.138149263716164,-0.0629531974358501,0.202591061181884,0.265544258617734
"1079","ARID1A",0.199241253174552,0.400882582444172,0.283517508368045,0.883038900315944,0.0651708072174327,0.213099020311548,-0.0520428539969812,-0.265141874308529
"1080","DYRK2",-0.463313387755151,0.225009226174543,-0.0551333351994484,0.998419475690512,-0.0724598728195243,-0.298868448090859,-0.0339221393064684,0.26494630878439
"1081","YY1",-0.224775342106985,0.397812841479327,0.041257550985426,0.998419475690512,-0.0241968885060887,-0.195884581378061,0.0690278346878504,0.264912416065911
"1082","TPRKB",0.479158224381781,0.5125176962371,-0.0152899691022701,0.998419475690512,-0.142692765672203,0.0344221057345507,-0.230453807186997,-0.264875912921548
"1083","BPHL",-0.602452793997368,0.153865167614332,-0.0851940267022347,0.998419475690512,-0.126237370097941,-0.358720263688868,-0.0938458593889155,0.264874404299952
"1084","MAPK6",0.103931385068943,0.770007604747557,0.350199481469982,0.885933373593249,-0.150114962187095,-0.302060796930926,-0.0372090230011167,0.264851773929809
"1085","NCK2",0.166030517029277,0.714502903816319,-0.228728412017493,0.994306542239506,0.0387587693548414,0.232556007345084,-0.032125921869234,-0.264681929214318
"1086","THAP11",0.0675292672205023,0.906330937476623,-0.0120856553827412,0.998419475690512,0.0789162082703922,-0.0961736250652513,0.168419290941337,0.264592916006588
"1087","CCDC167",0.365197440564205,0.646123881131347,0.0591966261341106,0.998419475690512,-0.147972336447311,-0.336718743057574,-0.0722835697453875,0.264435173312187
"1088","HLA-DQA2",-1.40074004182628,0.0556656950077051,-0.0388332366528737,0.998419475690512,0.289760678027173,0.120526653613967,0.384944821105131,0.264418167491164
"1089","MYSM1",0.134965712458104,0.760611732934509,0.0205601931462236,0.998419475690512,0.167184533591781,0.366338054559329,0.102148710882988,-0.26418934367634
"1090","CXCL2",-0.634939106967498,0.245659809727329,-0.0643206494037205,0.998419475690512,0.297061245582445,0.114859616260077,0.379013882916546,0.264154266656469
"1091","CA5B",-0.356700748150678,0.449227391687149,-0.217092630502714,0.404729267412509,0.176407485177362,-0.0281786238387117,0.235831287383188,0.2640099112219
"1092","BPI",0.740140449468139,0.148115416201028,0.548166609104523,0.838880033899902,-0.0789634539548161,0.0759685119150453,-0.18800984815756,-0.263978360072606
"1093","PPIH",-0.851673854509823,0.182989799963238,0.3053672184721,0.998419475690512,-0.179967334722092,0.0392899535905709,-0.224514531397597,-0.263804484988168
"1094","TNFSF13B",1.5646613113764,0.000103251485030332,-5.6432933568482e-05,0.999596035234501,-0.0751474882402006,0.119282987932098,-0.144388625952692,-0.26367161388479
"1095","PTPMT1",-0.6243004036079,0.291592747048142,0.0093859504960264,0.998419475690512,-0.224007575766042,-0.387259716765508,-0.123729324122001,0.263530392643506
"1096","PIK3IP1",0.199210032250263,0.550931787338207,-0.0879360408080926,0.998419475690512,0.0410277596363144,-0.118022777174541,0.145423320199725,0.263446097374266
"1097","VCPIP1",0.975455659368952,4.91513071528423e-05,0.300911206582928,0.913613729375303,0.140209069633244,-0.181045289009744,0.0820725370058022,0.263117826015546
"1098","BIRC5",0.424670075610907,0.568841571723799,0.0560065937628104,0.998419475690512,0.0364962696546195,-0.144404470936478,0.118631203983651,0.263035674920129
"1099","IFNGR2",0.157760556182328,0.757026379053472,-0.0124142164545412,0.998419475690512,0.156059409547159,0.344103868286428,0.0812733771052332,-0.262830491181195
"1100","IL10",0.359665279348268,0.497050146532523,0.166082483608435,0.716792830623108,0.374033240518648,0.135358153312715,0.398091331384363,0.262733178071648
"1101","LGALSL",-0.0963908137712626,0.906032729321196,0.0686608783466391,0.998419475690512,-0.0023229250184993,0.2065632841689,-0.0561216476771593,-0.262684931846059
"1102","PHGDH",-0.730092540861291,0.179067280183528,0.280391821227996,0.791573009435334,-0.0637447347818775,0.181580521154409,-0.0810350914307026,-0.262615612585112
"1103","RRM2B",0.116593873983915,0.799642532698433,-0.193879762537007,0.954030819013644,-0.134481686303501,0.0258481845456396,-0.236760772960362,-0.262608957506002
"1104","ARHGEF10",-0.523783391892474,0.319759545584091,0.00955258013986571,0.998419475690512,-0.125159315861486,-0.273960443162798,-0.011547790638983,0.262412652523815
"1105","SYTL1",0.252674379110695,0.490873475561072,0.0615999423398931,0.998419475690512,-0.141625061083732,0.0133146894998874,-0.249072630241,-0.262387319740887
"1106","FBXL5",0.199456437142338,0.679710548952178,-0.0211936315669464,0.998419475690512,0.179188787165151,0.364589590151566,0.102483618818113,-0.262105971333453
"1107","CYREN",1.0802005949393,0.0429059192635909,0.00755115764755119,0.998419475690512,0.0903545653642401,0.304073126635951,0.041968758545095,-0.262104368090856
"1108","HSH2D",1.83821863533773,4.36480589530579e-05,0.133884501407293,0.998419475690512,0.426076295687273,0.229385636093331,0.491120598223962,0.261734962130631
"1109","PSMA6",0.0658159499513677,0.86424669192048,0.0196322490682954,0.998419475690512,0.0300990367831031,0.208271984130222,-0.0529019334081454,-0.261173917538367
"1110","HIF1AN",-0.285218372528188,0.343492307790766,-0.0487218293726897,0.998419475690512,-0.103926083963483,-0.291500548413691,-0.0304162929868365,0.261084255426855
"1111","SNU13",-0.505624324379971,0.107889542660914,0.0629640827006187,0.998419475690512,-0.0938999224909492,0.113360937242855,-0.147500554157954,-0.26086149140081
"1112","CRCP",0.210995496335697,0.591876553257586,0.0302154456481213,0.998419475690512,0.200997635749242,0.0123200905177264,0.273151467691655,0.260831377173928
"1113","IGFBP2",-1.57254303409261,0.00228286621352694,-0.595824464413507,0.674452248637249,0.442695166431229,0.580834473441675,0.320115638989187,-0.260718834452488
"1114","CHI3L2",0.407222595154155,0.36194181978228,0.0111662234570032,0.998419475690512,0.0263028831821147,0.176041652810917,-0.0845002696492925,-0.260541922460209
"1115","RP2",0.322712587435609,0.307349885929287,0.336964846203358,0.789419274710621,-0.0153200440633359,-0.242407542480607,0.018113190248188,0.260520732728795
"1116","TOM1",-0.0628673951225582,0.915746032063861,-0.0391176019224621,0.998419475690512,0.302185415319525,0.467735176892462,0.207263127930524,-0.260472048961939
"1117","IDH3G",0.0920453625662378,0.867939669835644,0.175840117113659,0.998419475690512,-0.0310645356402225,0.137340301431042,-0.123042770823458,-0.260383072254499
"1118","SNAP23",-0.042915453653915,0.935224497161474,0.0628216624007513,0.998419475690512,-0.210126070515038,-0.389023687597484,-0.128735356967389,0.260288330630095
"1119","KIF16B",-0.620176097780404,0.12068724961591,0.0765119241545305,0.998419475690512,0.176919570722885,0.044997202966535,0.305217806013614,0.260220603047079
"1120","CYB5R4",0.478746330122818,0.234565277702622,0.210533305084994,0.950123900288119,0.134001647412202,0.278455272183584,0.0182526231919602,-0.260202648991624
"1121","ILK",0.264869168103034,0.301544715072974,0.00835877132734204,0.998419475690512,0.0683830139695688,-0.124592476358414,0.135595953734089,0.260188430092503
"1122","CAPZA1",0.268509080255258,0.399401348126119,0.307238322102692,0.998419475690512,-0.0703861345260564,-0.277008652667214,-0.0168915863217124,0.260117066345502
"1123","TPST2",0.205176427228092,0.544751043622049,0.0248570820175096,0.998419475690512,-0.131617894104117,-0.304301590001634,-0.0442234581439757,0.260078131857659
"1124","TIMM13",0.0146934946102678,0.987164533639443,0.0986539820575899,0.998419475690512,0.157026542858971,0.320546639838054,0.0606036117316721,-0.259943028106382
"1125","HS2ST1",-0.242053962823968,0.5226576574052,0.150643789982242,0.958741895914764,0.0701012191884575,-0.0997630301367495,0.159966519152133,0.259729549288883
"1126","ING4",-0.0231946190655252,0.968194967644994,0.0117754270183629,0.998419475690512,0.0439258575418788,-0.126217420832871,0.133333593346132,0.259551014179002
"1127","CAPZB",0.442746611928943,0.0237011552840779,0.103195222719434,0.998419475690512,0.0171005299972182,-0.21604064977584,0.0434485192405239,0.259489169016364
"1128","ANKRD27",0.024510352674989,0.961929016094809,0.0269831320563183,0.998419475690512,0.0182437514373529,-0.152062627181415,0.107305571165765,0.259368198347179
"1129","CHMP1A",0.420021093229812,0.0640087409683947,-0.0408919423616057,0.998419475690512,0.0660212381856507,0.243811198814683,-0.0154295079278015,-0.259240706742484
"1130","TRIB2",0.339441069639817,0.550390224620574,0.0279922279443001,0.998419475690512,-0.091802963774102,-0.301935133292348,-0.0426958409037028,0.259239292388645
"1131","USP5",0.0838369626712744,0.900934128064091,-0.216199791525053,0.906608492274627,-0.137759721534035,-0.303628147092619,-0.0444660358073504,0.259162111285268
"1132","DYRK1A",0.0518147518099039,0.870379197065748,-0.0570453780996323,0.998419475690512,0.25656655988483,0.424071054083696,0.165086099693246,-0.25898495439045
"1133","DCTN6",-0.229310643926259,0.577048136906215,0.103746098822726,0.998419475690512,0.094683040238145,-0.0859586969844817,0.172855427464706,0.258814124449188
"1134","DYNLT3",-0.560310523218292,0.0609675430098015,-0.0216175020248756,0.998419475690512,0.101318421339357,-0.100605063610311,0.157756465198042,0.258361528808352
"1135","MERTK",0.453284635678122,0.183338467287228,-0.028285924293062,0.998419475690512,0.051907098517152,-0.0696249347964143,0.188672079463355,0.25829701425977
"1136","SGK1",-0.178482814534829,0.765562725403082,0.053445063995004,0.998419475690512,0.151515129812142,0.314976826133651,0.056812251589671,-0.25816457454398
"1137","TAB1",-0.134183195059567,0.862763098688531,0.0791955007108887,0.994739550495444,0.160500017897604,0.362739738661125,0.104620555815772,-0.258119182845353
"1138","LRRK2",0.75518202484027,0.0860774994439623,0.282843259257466,0.550228813303962,0.164760034460563,-0.093629607007425,0.164443377803846,0.258072984811271
"1139","TNFSF10",2.23233477900693,1.19265388387441e-05,0.000266988979535937,0.998805706404385,-0.0218124638574635,-0.207045783371939,0.0508998764416722,0.257945659813612
"1140","ZNF566",-0.304155798569683,0.605292803452931,0.014636903873191,0.998419475690512,0.0193934593068005,-0.143950219749051,0.113927419141917,0.257877638890969
"1141","CREBL2",-0.274941399471994,0.392406557593209,-0.0737415140793987,0.998419475690512,-0.0983357260623546,-0.266635238634058,-0.00881828840970036,0.257816950224357
"1142","MDM2",0.17963334114302,0.610125681556816,0.0395617955873493,0.998419475690512,0.32644071936209,0.522459959862763,0.264689270668769,-0.257770689193993
"1143","UBE2S",0.840756278645636,0.0430932983041516,0.0287429200880003,0.998419475690512,0.246603690804196,0.0420812166145997,0.299771530029406,0.257690313414807
"1144","SUMO2",0.0385709087998023,0.919022574812426,0.307746787910427,0.776604021167797,-0.0750427248658505,-0.246905967530887,0.0107633094711216,0.257669277002008
"1145","AHCY",-0.481501746247635,0.148177123075361,0.34017593671722,0.706375430478359,0.0713012942347826,0.297488360778209,0.0398340306604127,-0.257654330117796
"1146","TNFRSF18",0.538804042899438,0.412229768904693,0.033169482595503,0.998419475690512,0.0182939790475772,-0.198508611475339,0.0591392338613999,0.257647845336739
"1147","MMP14",-0.0424646319669653,0.937159221943742,-0.0308909870307516,0.998419475690512,0.130759131646212,-0.0519105989529341,0.205725685657404,0.257636284610338
"1148","UBE2Z",0.446262887287546,0.128004735842293,0.0442821255123102,0.998419475690512,0.00555288349348513,-0.234633357392379,0.0228754512898227,0.257508808682202
"1149","MBTPS1",-0.337665432682453,0.174444962589367,-0.0168416916181296,0.998419475690512,-0.165981670749497,-0.352503271644231,-0.0951771150010156,0.257326156643215
"1150","ECHDC1",-0.326258045066451,0.329917477099894,-0.117381326430068,0.998419475690512,0.203523302781662,0.0103048821626673,0.267568159764594,0.257263277601927
"1151","PIGR",-0.544028013794695,0.479672202783351,0.35992480954777,0.998419475690512,0.0584310517467747,-0.0722903457385879,0.184955820044636,0.257246165783223
"1152","ITGA3",-0.700106181894102,0.218257583741464,-0.0144739145879824,0.998419475690512,0.0109288856312565,-0.165790909805533,0.0913868372580528,0.257177747063586
"1153","G3BP2",0.112093395896332,0.647841651938642,0.437612326390519,0.92032527073643,-0.112822276886167,0.0577408039895702,-0.199426604670378,-0.257167408659949
"1154","PDE5A",-0.380337418337675,0.645836732939995,0.0238082363996239,0.998419475690512,0.142207002633112,0.307029600148417,0.0499848435646571,-0.25704475658376
"1155","SMTN",-0.213823280109948,0.79737564532921,-0.22217752981689,0.538850142635265,-0.170808634594436,-0.356355243892059,-0.0993147100222021,0.257040533869857
"1156","OCIAD1",-0.0723378085010556,0.847805856680946,-0.000908447506990804,0.998419475690512,0.0293547622978896,0.208453142168687,-0.0482836025912988,-0.256736744759985
"1157","ZBP1",1.97495454139975,0.00105383594743339,0.857111125664665,0.101014253771789,0.644683439290399,0.37292775548412,0.629658190255322,0.256730434771202
"1158","VRK1",-0.101175509071742,0.843291905881604,0.0402235220837464,0.998419475690512,0.291694131177556,0.462996216986938,0.206326583669732,-0.256669633317205
"1159","TIMM10B",0.369683723333845,0.383102739890002,0.106012576122778,0.998419475690512,0.126138296025755,0.283353234700409,0.0268508088721368,-0.256502425828272
"1160","WAS",0.39002260203661,0.290595269007162,0.0261868069546832,0.998419475690512,0.239753646332442,0.406299615696332,0.149854549466157,-0.256445066230175
"1161","KPNA6",-0.261746831674384,0.355073185207886,0.254219112461543,0.998231594656268,-0.104104433833842,-0.242725913222838,0.0136851378192769,0.256411051042115
"1162","MEMO1",-0.103265833764483,0.784422689854776,-0.0369270766675973,0.998419475690512,0.0769380295302235,0.263714951340979,0.00781466598271583,-0.255900285358264
"1163","ITGA6",-0.505456726486034,0.237896604029303,-0.0106888964191107,0.998419475690512,-0.0633353040787432,-0.254920180130781,0.000955386246723726,0.255875566377505
"1164","FCGR2B",0.769337255512052,0.0418984964905197,0.0976579452458919,0.998419475690512,0.0958664008376963,0.272966131054055,0.0170975978199316,-0.255868533234123
"1165","A2ML1",0.124087135467491,0.90614617930077,-0.202460520357502,0.515350664012769,0.158465125576708,7.01509581385329e-05,0.255908601102635,0.255838450144496
"1166","FKBP5",0.317729166044136,0.60126138354235,0.63051799351238,0.437788492101432,0.0667301408207195,-0.190125828618849,0.0654977754400312,0.255623604058881
"1167","CXCL5",-2.47875734078427,7.39351159909977e-05,-0.0179474568211192,0.998419475690512,0.0714985141446996,-0.0990663727501865,0.156380305164141,0.255446677914327
"1168","RPIA",-0.178555647459205,0.729126841321603,0.299327057746301,0.998419475690512,-0.142192100082991,0.0363373681206649,-0.219026305565763,-0.255363673686428
"1169","CCDC90B",0.0966906347886559,0.860538895274552,0.0225627640897255,0.998419475690512,0.170491640198667,0.0193012390919632,0.274621290643576,0.255320051551613
"1170","TXLNA",0.053078918033366,0.900199472415268,0.0458546514563096,0.998419475690512,-0.0452909814446504,-0.211895919319728,0.0433290619775669,0.255224981297295
"1171","UBXN2B",-0.167625983726977,0.732929154906165,-0.167590393369882,0.998419475690512,0.0954764933370502,-0.0791393137306888,0.176041232173542,0.255180545904231
"1172","ASCC1",0.12342660406204,0.739855926938713,0.0647304147619006,0.998419475690512,-0.0232838364808236,0.166193531596383,-0.088787164298752,-0.254980695895135
"1173","ALPL",0.442486102996821,0.418461851888918,0.326810620197266,0.550228813303962,0.281683880711682,0.0753306451328144,0.330263574728285,0.254932929595471
"1174","ATP5MF",-0.055080062133219,0.950655345522484,0.048057457555605,0.998419475690512,0.0730698404742274,-0.0896474801772426,0.165211167039849,0.254858647217092
"1175","HAVCR2",0.254172095613749,0.64179190295377,0.131272198169425,0.844219646885179,-0.0251146204654178,0.112582774152151,-0.142171002510896,-0.254753776663048
"1176","PBRM1",-0.0355350519701236,0.912399891678868,0.255231970224528,0.996694065903583,-0.220315944073475,-0.39910253935699,-0.14471863779423,0.254383901562759
"1177","GSTM4",-0.176689427400187,0.787690570111989,-0.230623127959552,0.807799719107772,0.0939255506678856,0.23990921254167,-0.0141221028468467,-0.254031315388517
"1178","CNOT1",0.170450824513464,0.35341076605486,0.317922210175818,0.726670319561975,-0.146710362887256,-0.361268788838369,-0.107582468956201,0.253686319882168
"1179","TLR1",0.832036668223586,0.0128353823684591,0.183163009804396,0.569962053266799,0.19960052121092,0.307985223798458,0.0543625645587952,-0.253622659239662
"1180","RTF2",-0.0122860280004258,0.982781998374077,0.675576656301207,0.635259964953991,0.204882830567311,0.00728049737357577,0.260901547893613,0.253621050520037
"1181","BCL6",0.24284332352215,0.636720770650173,-0.0151826928852837,0.998419475690512,0.164426434213041,0.349694741057527,0.0961715016312753,-0.253523239426252
"1182","UGP2",-0.234147780675085,0.525864095304434,0.295562897209158,0.907605781940994,-0.234499127924784,-0.39081899597936,-0.137297702799096,0.253521293180263
"1183","SLAMF8",0.115074620591627,0.88374937362842,-0.0804702826261868,0.998419475690512,0.0431896787661597,-0.124667528273067,0.128647268141421,0.253314796414488
"1184","RAP2A",-0.682707003635604,0.0204147372832665,-0.00563345445411634,0.998419475690512,-0.0920056426985333,-0.283684475426754,-0.0307701449682121,0.252914330458542
"1185","INO80E",0.228782063532746,0.663808645325622,0.195835817665577,0.998419475690512,0.0989421720798495,-0.0873101532904078,0.165538854103969,0.252849007394377
"1186","CPQ",-0.428538377755372,0.234994934651862,-0.10508548382145,0.998419475690512,-0.207247281396093,-0.400367518960791,-0.147636742040781,0.252730776920009
"1187","TNFRSF13B",0.673499339285019,0.389068331343826,0.066359147459583,0.998419475690512,0.102489807000435,-0.0417740937915062,0.210786694395109,0.252560788186615
"1188","RNF24",0.554777907342223,0.149255101220811,-0.0132000740383189,0.998419475690512,0.0884501414624371,0.277968027660334,0.0257252164442514,-0.252242811216083
"1189","IRF8",-0.222031177838019,0.699670484786822,0.0424502958273786,0.998419475690512,0.189036313976061,0.0208357172231094,0.273042964996498,0.252207247773388
"1190","MYNN",0.422151014979846,0.209129844764206,0.0791410040313831,0.998419475690512,0.118738667794933,0.289083530821048,0.0368973842459515,-0.252186146575097
"1191","LILRB3",0.329248106101957,0.485613641679086,-0.00854391525153403,0.998419475690512,0.107623016356933,0.285743103672324,0.0336639826805056,-0.252079120991819
"1192","FGF23",-0.22212322531182,0.695795168369526,-0.0522562380729434,0.998419475690512,0.0910580797153176,-0.0916614055415492,0.160366332426208,0.252027737967757
"1193","CADM1",-0.263494114023653,0.785681732984476,0.0599759581812126,0.998419475690512,-0.0577782491534656,-0.221528730075301,0.0302388889029304,0.251767618978232
"1194","EIF1AX",-0.118672032364509,0.813512939484942,0.00810807620791695,0.998419475690512,-0.146037863890184,-0.30567848050477,-0.0539421398711781,0.251736340633592
"1195","SMAD3",0.433775230284178,0.227655512279067,0.0291719601574397,0.998419475690512,0.0595364472332161,0.230607440320732,-0.0211057708521407,-0.251713211172872
"1196","PWWP2B",-0.0875218722130223,0.875502089853568,-0.0297490296297421,0.998419475690512,0.0434173715527609,-0.137346742894423,0.114219733935282,0.251566476829705
"1197","CNPY3",0.0329409792187889,0.92864261502486,0.0374925732067685,0.998419475690512,-0.000533129516687478,-0.180685589184469,0.0708189020614376,0.251504491245907
"1198","NLRP1",-0.291621684172915,0.476456893558293,-0.0229138250499168,0.998419475690512,-0.0127355116165116,0.145272348343277,-0.106122334879428,-0.251394683222705
"1199","HPSE",0.828688312154033,0.0176916426070943,0.0203845243977268,0.998419475690512,-0.0582692603161623,0.11883742172467,-0.132540579405093,-0.251378001129763
"1200","NONO",0.0785842745508915,0.813934844530872,0.336890920320967,0.994306542239506,-0.0256218275572376,0.141721981737445,-0.10956565255285,-0.251287634290295
"1201","EIF3J",-0.397441659803957,0.0987769198078709,0.0815048499879207,0.998419475690512,-0.0374621534766864,-0.154570373755997,0.09660907080057,0.251179444556567
"1202","PTPRU",-0.558086855027196,0.393095006295453,-0.462804169218203,0.674452248637249,0.153660611743679,0.258662530105827,0.00768315863902784,-0.250979371466799
"1203","VTA1",0.0917848777400375,0.839744662310978,0.137174450049006,0.998419475690512,-0.00538638701351696,-0.211621723879489,0.039271398037858,0.250893121917347
"1204","ARL8A",0.360363751863125,0.11538786413392,-0.0270614351442719,0.998419475690512,-0.0177254302982988,-0.184560958104162,0.0663232563356373,0.250884214439799
"1205","KIAA0040",0.640999128986662,0.0302441259836402,0.00560640415882128,0.998419475690512,0.0566015687694944,-0.158354425455837,0.0924461747887269,0.250800600244564
"1206","ADAM19",0.661629617864585,0.101121498436693,-0.00497822653056869,0.998419475690512,-0.0947805986419906,0.0966480692651146,-0.154074356402477,-0.250722425667591
"1207","DPCD",-0.543062589669617,0.451943330627302,-0.86086999266692,0.27769102648875,0.36701552037293,0.480126167463101,0.229429781599327,-0.250696385863774
"1208","NCOA2",0.316708943802919,0.205996540873069,0.138670131957646,0.853216168095328,0.292400146434162,0.424546996496979,0.174015326014433,-0.250531670482546
"1209","COQ5",-0.134333420060527,0.846227697324757,0.00884829081526503,0.998419475690512,0.178865509560014,0.00536042763435832,0.255843907374491,0.250483479740133
"1210","TMUB1",0.0824611537748617,0.896432145586569,-0.207509555255011,0.688685113694679,0.020313063542703,-0.136676157525402,0.113758610697782,0.250434768223183
"1211","MAT2A",-0.0530910821407374,0.887534536230566,0.162315153544712,0.998419475690512,0.0692349536012712,0.220643680533828,-0.0297347402818101,-0.250378420815638
"1212","GTF2A2",-0.25357533926039,0.637634859495881,0.141608614972992,0.942156010382713,-0.0449894917412378,0.149329746646477,-0.100982031108907,-0.250311777755384
"1213","CD9",-0.91114598636244,0.0298663612278776,-0.018771155565695,0.998419475690512,0.0178164625038494,-0.166449438944999,0.0836081077847026,0.250057546729701
"1214","NBL1",-0.176457628773617,0.854729841725322,-0.00310721295944073,0.998419475690512,0.0226549144605062,-0.152342315013405,0.0976838039623695,0.250026118975775
"1215","IFNAR1",0.344778754040086,0.216176731523683,0.0444339666874661,0.998419475690512,-0.0941043669208759,-0.26887858775158,-0.0193013360544158,0.249577251697164
"1216","TSC2",-0.0809274807701963,0.855673960128953,0.0770192453176794,0.998419475690512,-0.0601770051720495,0.127107762466321,-0.122392480177684,-0.249500242644006
"1217","ASCC2",-0.0214024726611031,0.963464958197968,-0.0395997010069218,0.998419475690512,-0.0279484798701859,0.131756414841856,-0.117624849828474,-0.24938126467033
"1218","TMEM38B",-0.355625431125352,0.39402424988345,-0.150129063541979,0.998419475690512,-0.0825966326735006,0.0767701834269442,-0.172496648950999,-0.249266832377943
"1219","PDCL",-0.369151303814281,0.5226576574052,-0.0917194029799778,0.987022850306148,0.107280013315491,-0.0876938281965192,0.16146825398875,0.24916208218527
"1220","HSPA6",0.438554935427234,0.319436505071608,0.117556989611771,0.998419475690512,-0.221284462935562,-0.381419076153487,-0.132385789487559,0.249033286665928
"1221","SNAPIN",0.202257968833546,0.729126841321603,0.0780901910413738,0.998419475690512,-0.209644647322388,-0.387834468646511,-0.138893048870492,0.248941419776019
"1222","SMAP1",-0.0361356071415479,0.94013087356481,-0.0252058554909467,0.998419475690512,0.112091850420219,-0.0624472776108395,0.186442199017326,0.248889476628165
"1223","IL21R",1.22204060283439,0.00602473596222471,-0.178546528074353,0.998419475690512,-0.1218017679709,-0.260149427130326,-0.0113012862042335,0.248848140926093
"1224","PLCG1",0.363373273036741,0.612355151398636,0.177254221529919,0.857501682187315,0.148777097080106,0.306718092543658,0.0581386679858813,-0.248579424557777
"1225","THBS3",-0.288171308082775,0.468776867283747,0.177434344242295,0.998419475690512,-0.148216867044484,0.0274916624975245,-0.220758403501571,-0.248250065999095
"1226","GNRH1",-0.511173468702397,0.333895542510144,0.0477994365718221,0.998419475690512,0.22767109936208,0.0528018872217441,0.300946985648123,0.248145098426379
"1227","EFCAB14",0.090449665561848,0.806678224203261,0.0319658016336881,0.998419475690512,0.0523548006314004,-0.103753191917613,0.144278623309234,0.248031815226847
"1228","MGAT5",-0.38721437497524,0.203748268552399,-0.554354629826803,0.305671390633778,0.192310856370773,0.291402637096134,0.0436534806171375,-0.247749156478997
"1229","CXCL11",2.92085479025277,0.0357221586452075,0.669107829586781,0.150201687155049,0.648243698965809,0.386212114413859,0.633696996429046,0.247484882015187
"1230","GRAMD2B",-0.0445860957682182,0.961626637156238,0.116923110214916,0.998419475690512,0.111764105852791,0.293653090100336,0.0461967889392939,-0.247456301161043
"1231","MRPL2",-0.0123380944325692,0.988177246625047,-0.0631735133747573,0.998419475690512,-0.00944071075453269,0.127281034416895,-0.12003869402422,-0.247319728441116
"1232","DRG1",-0.147124247692862,0.809839858973944,-0.141377698807858,0.998419475690512,0.00231522401213861,0.171680398278296,-0.0753704052910611,-0.247050803569357
"1233","USP15",0.470693144583024,0.252120035795439,0.0625040758814305,0.998419475690512,0.0929224447877311,-0.0989294257693503,0.147863951090771,0.246793376860121
"1234","NME7",-0.128065157747798,0.875716183604436,-0.603209442219791,0.702886689041492,-0.0818868725354556,0.0536243542470265,-0.192909764407766,-0.246534118654793
"1235","ANAPC7",-0.0927170088462007,0.808325435395254,-0.0588184963268981,0.998419475690512,0.0902185355492804,-0.0959411806485158,0.150506191537706,0.246447372186222
"1236","UBE2L6",1.33476489246582,0.000943714543813421,0.276490757957909,0.963204148073108,0.0620389499270026,0.133612435740986,-0.112756448452922,-0.246368884193909
"1237","CTLA4",1.4981746578667,0.0428676152827202,-0.146588603216147,0.950123900288119,-0.151628119943144,0.0674614470371873,-0.178877523637097,-0.246338970674284
"1238","ARMC3",-0.618427832603433,0.352167372592525,0.0282585018490688,0.998419475690512,-0.0770286842974532,0.108405970419024,-0.137738181260693,-0.246144151679716
"1239","ZNF264",-0.403284401064987,0.213643161670559,0.0436163912518969,0.998419475690512,0.00313276310784903,-0.163443588523325,0.0823693041280951,0.24581289265142
"1240","DSTN",-0.837301927126722,0.0108481382751457,-0.0277124369522264,0.998419475690512,0.176733941826782,0.361104261028501,0.115310100255137,-0.245794160773363
"1241","YJU2",0.742736657975181,0.0443749090550432,-0.00782890993178499,0.998419475690512,0.188104871708481,0.333036219936654,0.0872511848669868,-0.245785035069667
"1242","CRLF1",-0.318285572948938,0.669093212234102,-0.00213511310627895,0.998419475690512,0.108199328214082,0.276326299437142,0.0305454291073452,-0.245780870329797
"1243","MVP",0.179888111184759,0.428824154116672,0.505115296541707,0.674452248637249,0.269487041790919,0.0502795849063345,0.296053521249284,0.24577393634295
"1244","LMNB2",-0.458057169274945,0.247562342919962,0.508329231755538,0.472153317410157,-0.016528896996293,0.189629527022651,-0.0559605169595517,-0.245590043982203
"1245","EVL",0.406999946752114,0.4083347700392,0.111675796372427,0.998419475690512,0.27199208385179,0.0801718927488494,0.3256222040167,0.245450311267851
"1246","NOS3",-0.45982146190844,0.528128827009025,-0.0169000846014293,0.998419475690512,-0.0145774068952923,-0.182479468088123,0.0629371370108172,0.245416605098941
"1247","HP",-0.225712644379141,0.797937312261854,1.90570252489771,0.060058188027274,0.0813006230528998,0.274801308434476,0.0295557035918001,-0.245245604842676
"1248","KIFBP",-0.324887762731372,0.4686042150036,0.346469320305139,0.998419475690512,-0.0211850244577403,0.152557692673026,-0.0926046957175661,-0.245162388390592
"1249","KCTD7",-0.182528616652289,0.623556216528812,0.05909327940126,0.998419475690512,0.0485427262986733,-0.132026274190203,0.113032435127777,0.245058709317979
"1250","SAP30L",0.282438267719954,0.586876880370581,-0.0327059125136078,0.998419475690512,-0.0233380436289245,-0.174381129774209,0.0706465486354567,0.245027678409666
"1251","PTPN4",-0.120075515724377,0.855137038290957,-0.0388965201100188,0.998419475690512,0.0135874039477703,-0.146358408444759,0.0986471986622711,0.24500560710703
"1252","MTPAP",-0.383120799102077,0.389350938450145,0.0525368800141177,0.998419475690512,0.0219241679164844,-0.137985390251894,0.107009776630745,0.244995166882639
"1253","CHST11",0.268114951355954,0.54832173012674,-0.0306291287424902,0.998419475690512,0.0332574591991344,-0.115992925653027,0.128848752145873,0.2448416777989
"1254","MDM4",-0.068238423021975,0.886936950072344,0.0118581026700197,0.998419475690512,0.175766593684239,0.334563300420717,0.089864212764794,-0.244699087655923
"1255","ZSWIM7",-0.558773746249476,0.107800089927089,0.00214510553693344,0.998419475690512,-0.156751648210354,0.0173395553233973,-0.227101844258841,-0.244441399582238
"1256","GDI1",0.0505055819049896,0.881377970459063,0.0237064744952753,0.998419475690512,-0.0177751428499167,-0.162591388846742,0.0818186201830686,0.24441000902981
"1257","SLMAP",0.313335044306864,0.201057538528063,0.123656543530165,0.998419475690512,-0.166962398042429,-0.369139094066509,-0.124870716119774,0.244268377946735
"1258","SNRPE",-0.207728020968111,0.777371568533096,0.0178439384231657,0.998419475690512,-0.0441040127245891,0.123796075878904,-0.120420081293803,-0.244216157172708
"1259","GSN",-0.234062289129592,0.361964048788654,-0.0318061032517086,0.998419475690512,0.257198959295031,0.419054195539403,0.174910378256469,-0.244143817282934
"1260","METAP1",-0.484893731825005,0.268331293380401,0.178652256732292,0.998419475690512,-0.0384568616963682,0.15839796851806,-0.0857044771910276,-0.244102445709088
"1261","RILPL1",-0.00200586284002489,0.998326850454256,-0.274945256072399,0.715823515377884,0.173445075746195,0.290711604725944,0.0466737792572376,-0.244037825468706
"1262","YME1L1",0.37135275548324,0.10355151222581,-0.0438785892112794,0.998419475690512,-0.167480241604637,0.0261597099811365,-0.217841844808013,-0.244001554789149
"1263","DPP8",0.244813950591268,0.458022670407555,0.0276850653314585,0.998419475690512,0.0900262978777717,0.232468361561977,-0.0113869270021501,-0.243855288564127
"1264","SENP7",0.0960131606281516,0.843214972746305,0.140085477484657,0.998419475690512,0.257362988813007,0.445160339734931,0.201398115922683,-0.243762223812247
"1265","BIRC3",0.851692124494522,0.00552705958155548,-0.0375177153371645,0.998419475690512,-0.0641399030251858,0.143235501350537,-0.10051088744005,-0.243746388790587
"1266","PDCD4",0.088220207534817,0.84425093274393,-0.0412676653237715,0.998419475690512,-0.0599622058318052,0.113328027646325,-0.13020395646644,-0.243531984112765
"1267","CSF3",0.501337588543223,0.609093753312389,0.0776004577116551,0.998419475690512,0.292988110045698,0.476195585300629,0.232724744629855,-0.243470840670774
"1268","POGLUT1",-0.590939006914343,0.140588347724905,-0.170778737186026,0.998419475690512,0.0604580330880697,-0.124295071876631,0.119106669883475,0.243401741760105
"1269","IFI16",0.813585568716628,0.00734699466900091,0.737023467204174,0.608106868986959,0.241629705819656,-0.0439356551836503,0.199385098270241,0.243320753453891
"1270","RAB13",-0.103028514653288,0.82105592908281,0.0699913847187884,0.998419475690512,-0.0493241627888353,0.127836196572426,-0.115317676681495,-0.243153873253921
"1271","MAP3K3",0.0674405070807835,0.886834932729402,0.0456764307803747,0.998419475690512,0.132208674050396,0.293086162981986,0.0501629868380917,-0.242923176143894
"1272","LILRA4",-0.294474677086683,0.741155121885403,-0.0357280650924987,0.998419475690512,0.100823412925626,0.257481780214955,0.0146696332041132,-0.242812147010842
"1273","STAT1",1.51668966309941,1.11328038026826e-05,0.941431704419737,0.247870931666043,0.352134214984413,0.0385676270408898,0.281316522548657,0.242748895507768
"1274","PSMB10",0.328492254067236,0.442073310512634,0.382296206280609,0.627934199809189,0.207262309694688,0.319604737970603,0.0769244594755408,-0.242680278495062
"1275","ASF1B",0.126417918979168,0.864799833045634,0.12169993078051,0.998419475690512,-0.147613695700897,-0.33064688189333,-0.0883110347259674,0.242335847167362
"1276","ACP6",-0.702119442301376,0.0745868462453569,-0.00798367837356642,0.998419475690512,0.0533791966616605,-0.111433710193159,0.130867294608408,0.242301004801568
"1277","PPP1R10",-0.039294876671377,0.933712303817798,0.00225369078645377,0.998419475690512,0.0977655200007162,-0.085492450014733,0.156798430180969,0.242290880195702
"1278","PTPN6",0.292554717733622,0.406290200174542,0.0863218414922756,0.998419475690512,0.118385928793321,-0.075405369153605,0.166583689690229,0.241989058843834
"1279","FOXO3",-0.157903436974251,0.60386944134226,-0.158927290037396,0.934081246389468,0.0284305611679375,-0.165429574847832,0.0763200439511003,0.241749618798933
"1280","TAPBPL",0.515028822853963,0.0939135246118818,-0.0198615671620171,0.998419475690512,-0.136918089894586,0.0595698260676253,-0.182176980414351,-0.241746806481976
"1281","FTO",-0.61438798680729,0.106573597691906,-0.0260809292625177,0.998419475690512,0.0163751543617118,0.173056999852608,-0.0686072450975708,-0.241664244950178
"1282","GNAI3",0.343690606503113,0.142008193117674,0.0900641760631888,0.998419475690512,-0.0300005990225793,-0.226504218141543,0.0148539304464007,0.241358148587943
"1283","MBNL2",-0.237988207185148,0.665325400236578,0.0667672290721044,0.998419475690512,-0.13213852732943,0.0245781300807455,-0.216516922770987,-0.241095052851732
"1284","RAB27A",0.66836929229134,0.0319668356091393,0.223579784936558,0.998231594656268,0.164050137998728,0.296875656049786,0.0558164060584465,-0.24105924999134
"1285","ICAM3",0.451260152904597,0.31036949862668,0.0628151325356342,0.998419475690512,-0.117996218101542,0.0509147655225769,-0.190079562450073,-0.24099432797265
"1286","STAT5A",-0.0544165180410923,0.910308501132521,0.18021856194323,0.593517962616812,0.0251243543769797,-0.147273724692631,0.0936841887921364,0.240957913484767
"1287","DARS1",-0.3312641860401,0.399401348126119,0.305458723759851,0.998419475690512,-0.252682290620459,-0.417824315439985,-0.177022075570845,0.24080223986914
"1288","EIF2AK4",-0.0275662417250118,0.961860143158352,0.151225789539389,0.998419475690512,0.102287424534144,-0.0607871189629097,0.179951617522039,0.240738736484948
"1289","PTGES3",0.321998104049259,0.236116311407844,-0.0173664223030443,0.998419475690512,0.000504736808158155,-0.174580506704647,0.066006927142977,0.240587433847624
"1290","TTL",-0.212871257454742,0.476697389890375,-0.170144820126547,0.998419475690512,0.138857314174602,-0.0266629395074042,0.21388074252592,0.240543682033325
"1291","AP2B1",0.192860583211172,0.458558610219146,0.233081094104873,0.998419475690512,-0.0352293957424545,-0.238034061978738,0.00183529901771755,0.239869360996456
"1292","YWHAE",-0.101484538285377,0.714502903816319,-0.239886455053247,0.963204148073108,0.149947315046682,0.273257472442393,0.0338948838610937,-0.239362588581299
"1293","UBE2H",0.155363744538922,0.687217851457867,0.0132397140361709,0.998419475690512,0.0274627021191771,0.191757629010654,-0.0475476020396586,-0.239305231050312
"1294","DNPH1",-0.194144992640475,0.814528159604438,-0.0719746350710922,0.998419475690512,0.115856702412087,0.246206278570802,0.0069066121653983,-0.239299666405404
"1295","RPP30",-0.579045504997837,0.146302173228423,0.0658810545000791,0.998419475690512,0.267558702685536,0.160342425314567,0.39960318688072,0.239260761566153
"1296","ARHGDIB",0.34306416665126,0.304411093105732,0.28703473353123,0.998419475690512,0.00417870153216844,-0.193848735476024,0.0453900949318533,0.239238830407877
"1297","CNEP1R1",0.328036484755123,0.445137546338571,-0.0321924363522682,0.998419475690512,0.195446325394864,0.0477797353845435,0.286816042066839,0.239036306682295
"1298","RABEPK",-0.0143655117161472,0.982781998374077,0.0413513794165754,0.998419475690512,-0.0668295313010694,0.0867421783271688,-0.152217046345681,-0.23895922467285
"1299","RPRD1A",-0.389270985881429,0.14918340117556,0.0249602845583702,0.998419475690512,0.0973314125850927,0.292944319693784,0.0541608767997662,-0.238783442894018
"1300","WFDC11",0.575151180133565,0.519284865444181,0.0408176425857531,0.998419475690512,-0.0728517523682996,-0.220553638103017,0.0180446272358496,0.238598265338867
"1301","CCDC69",0.102957360782694,0.825081424245152,0.0476078476878779,0.998419475690512,-0.173402750296914,-0.0173653432284605,-0.255833806856594,-0.238468463628134
"1302","PTPA",0.0272325244106265,0.956000034117752,0.370485655572263,0.998419475690512,-0.119267047485274,0.0565720916156636,-0.181742595019591,-0.238314686635254
"1303","CA2",-0.642690776387727,0.286536108078172,-0.0531564217816169,0.998419475690512,0.119488611249672,0.255843053222211,0.017931892202513,-0.237911161019698
"1304","COX7A1",0.0883853067356357,0.94013087356481,-0.0485284212260497,0.998419475690512,0.0786907201082849,0.200620832413544,-0.0372249538057711,-0.237845786219315
"1305","HMGN3",-1.29749619677976,0.00736751559616164,-0.00274451022105332,0.998419475690512,0.117585944214043,0.305801999664464,0.0681809182794582,-0.237621081385006
"1306","DHRS9",0.475821577057298,0.328839156046403,0.0180171720206932,0.998419475690512,0.0749987980268097,0.223764298070733,-0.0138474287972644,-0.237611726867997
"1307","L3MBTL2",-0.287410699860971,0.533337623959849,-0.175443866118741,0.844219646885179,0.0113487348106037,0.107464340251363,-0.130083979555776,-0.23754831980714
"1308","TBK1",0.344256126675416,0.328040248784204,0.0327218222160595,0.998419475690512,0.128558383471642,0.302221074702704,0.0647742837533486,-0.237446790949356
"1309","PFDN2",0.0275740441673354,0.965276210104615,-0.0355295379210002,0.998419475690512,0.0429898552278616,-0.0920685900343001,0.145358818077488,0.237427408111788
"1310","ANKS3",-0.428707419512325,0.389056959095852,-0.0469022079160099,0.998419475690512,0.0700956148882205,-0.107678811413683,0.129747770792372,0.237426582206056
"1311","FCHSD1",-0.0626438125442992,0.881377970459063,0.0362895789320263,0.998419475690512,-0.25317090733357,-0.0677656352538618,-0.305183118565744,-0.237417483311882
"1312","PPP1R9B",0.175845630797863,0.571935646101152,0.0663564774015124,0.998419475690512,0.0302551489084928,-0.166382489411593,0.0709985500477663,0.23738103945936
"1313","SKA1",0.30318365615712,0.599341333000212,0.153467695158615,0.998419475690512,0.18536878187015,0.337413072251822,0.100142883383328,-0.237270188868494
"1314","NMB",-1.11250739567043,0.0252103194642763,-0.0273683228680482,0.998419475690512,-0.154703136543798,-0.00934175277636191,-0.246595899471907,-0.237254146695545
"1315","MILR1",0.612881009000214,0.174614962102839,-0.0342395047740927,0.998419475690512,-0.0572465814933017,0.133308210046235,-0.103943113458008,-0.237251323504242
"1316","TBXAS1",-0.100999926262043,0.850920655873288,0.0896072515166324,0.963204148073108,-0.0536986368584284,-0.244582009058145,-0.00774833416410021,0.236833674894045
"1317","GSTM1",0.145783720876822,0.919137988534145,-0.0414021567854951,0.998419475690512,0.490100755544131,0.313692351328087,0.550497335014717,0.23680498368663
"1318","MAPK3",-0.23860884512408,0.466445183138608,0.295241972758202,0.998419475690512,0.151719097828091,-0.016541854010581,0.220232375851324,0.236774229861905
"1319","INPP5F",-0.259955056777478,0.473108794095591,-0.0162932873352285,0.998419475690512,0.131409196538169,0.00161373202913146,0.238351498182997,0.236737766153866
"1320","CYB5R3",-0.439963547620812,0.0979117339877436,0.0898588911027297,0.998419475690512,0.0814096902959404,0.216983758117755,-0.019442655077532,-0.236426413195287
"1321","ASH1L",0.111599301040211,0.710732691109869,-0.000953286261425367,0.998419475690512,0.110141034941598,0.280122038496829,0.0438529782447695,-0.236269060252059
"1322","NUDT9",-0.704978830848086,0.0603631411633317,0.201942497851664,0.998419475690512,-0.15315899977729,0.0348220954467244,-0.201322692739638,-0.236144788186362
"1323","FAM219B",0.0942636277707408,0.850287960727437,-0.0286555452644097,0.998419475690512,0.193203719570363,0.0266156228205782,0.262757472976141,0.236141850155562
"1324","GFPT1",-0.143722607162927,0.787703942848658,0.322425021791615,0.85054234904987,-0.0989588298515947,0.126360176840053,-0.109750140498136,-0.236110317338189
"1325","SEPHS1",-0.164396876359597,0.819308240957249,0.417264899955998,0.967173265821445,-0.00923027271245104,0.164402880998729,-0.0715676935171152,-0.235970574515845
"1326","APBB2",-0.605228694872347,0.261515974137395,0.112498206099405,0.998419475690512,-0.101415093967028,0.107545222571663,-0.1283799690631,-0.235925191634763
"1327","EPHB2",0.697467922169274,0.118714392461493,0.101666483316946,0.998419475690512,0.0587928944015531,-0.155891578197614,0.079990895398781,0.235882473596395
"1328","RNF41",0.248954548595902,0.395741512490029,0.169486539418626,0.651244741611635,0.0407625673936219,0.177235074403162,-0.0584568086798244,-0.235691883082986
"1329","PLXNA1",-0.697834431990007,0.0294869738407149,-0.079535628660772,0.998419475690512,0.231507436649516,0.0460170770624726,0.281685350348846,0.235668273286373
"1330","MMACHC",-0.0221527932309627,0.978042187583427,0.421247461098265,0.857501682187315,-0.21273302157626,-0.343796525857696,-0.108143339015544,0.235653186842152
"1331","HCCS",-0.0878769149187672,0.854351592637727,-0.00321518643053072,0.998419475690512,0.00862104077551083,0.168117640255179,-0.0674243162642059,-0.235541956519385
"1332","ERCC4",-0.478509130908196,0.212450472520864,-0.00748141085589463,0.998419475690512,-0.053681545300165,-0.208373746389915,0.0268854902109535,0.235259236600869
"1333","BOLA3",-0.146117316265213,0.863736852763066,-0.22486768257524,0.879123642937514,0.0792631126914884,0.206229581207847,-0.0289968607487625,-0.235226441956609
"1334","S100A14",-0.334817168774462,0.659927050592569,0.0563738165337657,0.998419475690512,0.17287283380712,0.00647841075689018,0.241584248364851,0.235105837607961
"1335","AGGF1",-0.145821992255491,0.775354798817021,-0.0394297798034404,0.998419475690512,0.0903274430274254,-0.0672184323958643,0.16785669791721,0.235075130313074
"1336","PRKAR1B",0.287125583269464,0.600487750893062,0.162095379254693,0.998419475690512,0.0243053436382646,0.165200071453063,-0.0694974052534042,-0.234697476706467
"1337","FER",-0.612755341288335,0.101121498436693,-0.117978985577222,0.998419475690512,0.215562835357601,0.36106137034097,0.126456193860567,-0.234605176480403
"1338","ENTPD1",0.210173486248249,0.564919063212478,0.249061512761742,0.210904001530224,0.0625747267387947,-0.145268045350098,0.0888066886401377,0.234074733990236
"1339","GPNMB",-0.979600810519714,0.038442858617828,-0.306422953046034,0.683154583205396,0.676298557942777,0.785800918814879,0.551796445151807,-0.234004473663073
"1340","SSBP1",0.131946226831823,0.709896571344854,-0.0261266915437211,0.998419475690512,0.00870576306120163,0.186626830820855,-0.0471572973806532,-0.233784128201509
"1341","SUMO4",-0.00110730010994208,0.99926383237865,0.224559686485452,0.966961547562754,0.0205092189811244,0.188751028349529,-0.0449413300544624,-0.233692358403991
"1342","FAM174A",-0.72377801916332,0.0860774994439623,-0.089449761414137,0.998419475690512,-0.0922699807181989,-0.269580620461454,-0.0362475057757297,0.233333114685724
"1343","RABIF",-0.0880533835263872,0.823249536966396,0.0766501824947569,0.942156010382713,-0.0313251976289652,0.0925457339285735,-0.140737874298186,-0.233283608226759
"1344","CCNB1IP1",-0.333125252325982,0.646227388176526,-0.0164386840051962,0.998419475690512,-0.154729793994456,-0.336183010026664,-0.103006136423151,0.233176873603512
"1345","MTIF3",0.146480466311569,0.825020969489209,-0.103589027686283,0.998419475690512,-0.244634877061966,-0.0892578643879689,-0.322413317123571,-0.233155452735602
"1346","UBE2E3",-0.560919702991768,0.06347573869294,-0.149962762400232,0.998419475690512,-0.0485466836399385,-0.224849699669969,0.00751380034242887,0.232363500012398
"1347","SYNE2",-0.260686758733761,0.436519664292919,0.146733628223571,0.998419475690512,0.0405463056886073,-0.0867836477614431,0.145265825494753,0.232049473256196
"1348","ZNF415",0.63090407395556,0.422971365367713,0.0118507724218695,0.998419475690512,-0.0355403045022791,-0.188516241193421,0.0433929912008719,0.231909232394293
"1349","PYGB",-0.300127371547761,0.42450438910789,0.562853579406035,0.689645489521162,-0.00642395326981321,0.161273610156186,-0.0702125478140373,-0.231486157970223
"1350","NRIP3",0.3269167450395,0.478236006749618,-0.0653671393132814,0.998419475690512,-0.0936281439187549,0.0858186833410921,-0.145615086320171,-0.231433769661263
"1351","SNUPN",-0.52840597593943,0.191944676054762,-0.35655758584577,0.986280712304674,0.0679967661180008,-0.104615235564622,0.126290365669278,0.230905601233899
"1352","DNAJB2",-0.239362815826171,0.445941572369797,0.0826227531071075,0.998419475690512,-0.0528698821768621,0.0951239329551502,-0.135676128805863,-0.230800061761014
"1353","FBXO3",0.285243223240103,0.457511576029194,0.0540473399293517,0.998419475690512,0.080469038131902,0.241310405853717,0.0106475983664052,-0.230662807487312
"1354","ZNF410",0.334592738665577,0.147820435135193,0.00119727579902893,0.998419475690512,0.0143121977682705,0.17492914318048,-0.0557327359419223,-0.230661879122402
"1355","UBE2F",0.866473802798919,0.011583637921372,0.0881497425443896,0.998419475690512,0.0785027841729776,-0.109067456092088,0.121520211824472,0.23058766791656
"1356","S100A11",0.250329990127669,0.393523814535223,0.131683597132893,0.998419475690512,0.189086419617504,-0.0012396159663379,0.229178151560433,0.230417767526771
"1357","NR1H2",-0.170722218683682,0.549689668130234,0.0574906753175465,0.998419475690512,0.0358142701914496,-0.123432625678314,0.106858270055695,0.230290895734009
"1358","PRMT1",-0.711902639153859,0.0031389611849065,0.391983986610918,0.706512937326028,-0.26713844407792,-0.0126003744781969,-0.242862172471848,-0.230261797993651
"1359","UBQLN2",0.767934135754423,0.00205984921851671,0.0984229249617979,0.998419475690512,0.0585088422943635,-0.164738508113046,0.065436038491819,0.230174546604865
"1360","APLP1",-0.248682957159377,0.795336337588184,0.0284954130017177,0.998419475690512,-0.198705684611198,-0.0296549955034364,-0.259734717203971,-0.230079721700534
"1361","JUP",0.463671018960149,0.445941572369797,-0.0454952843141475,0.998419475690512,0.258357282970763,0.408797117169853,0.178958021728039,-0.229839095441814
"1362","PADI4",0.331764464629174,0.640628498264477,0.447502638586472,0.998419475690512,0.0945051820175041,-0.0819198805185742,0.147828237212304,0.229748117730879
"1363","AIDA",0.182182211836983,0.679962976656102,0.190377448902737,0.998419475690512,0.1286607606251,-0.0419398854276835,0.187770655860888,0.229710541288572
"1364","PPCS",-0.292205703429487,0.387890378626358,-0.0691906455599712,0.998419475690512,-0.215529964053653,-0.06480691613227,-0.294454639396818,-0.229647723264548
"1365","IMPACT",-0.430543972749887,0.360964493270165,-0.122423141492071,0.998419475690512,-0.00783579203819652,0.158807068581987,-0.070804313693259,-0.229611382275246
"1366","SORD",-0.715480971710579,0.0834411373055826,-0.0249640167744316,0.998419475690512,0.0638955929043215,0.22557839055981,-0.00401786018590529,-0.229596250745716
"1367","LIN7C",-0.447005903471667,0.0370202016224222,-0.10512749700557,0.998419475690512,0.255354799545912,0.064793446570456,0.294225957613548,0.229432511043092
"1368","SAMM50",-0.513109032297738,0.259273391894859,-0.00616138330409165,0.998419475690512,0.0467705848602239,0.209283703451227,-0.0201199307829421,-0.229403634234169
"1369","LGALS1",-0.453485302704285,0.366519079910826,0.135127377004876,0.998419475690512,-0.0062220413741679,-0.172216633210328,0.0570955840897074,0.229312217300036
"1370","CSNK1D",0.122067760035836,0.731823684863356,0.0245810283561814,0.998419475690512,0.0588912173585368,0.203876726317187,-0.025355428058561,-0.229232154375748
"1371","PLXND1",-0.635320834867662,0.0774127212302872,-0.111290235428559,0.998419475690512,0.00940625450402443,0.144734311069332,-0.0844531527336537,-0.229187463802986
"1372","PIP4K2B",-0.21491194390749,0.663605138733509,-0.0384348575260709,0.998419475690512,-0.00620230202905025,-0.156908027791168,0.0722358312915784,0.229143859082747
"1373","ST3GAL5",0.337737702290727,0.533337623959849,-0.0399949447980296,0.998419475690512,0.0432833949533451,-0.0842520336674143,0.144860876704571,0.229112910371985
"1374","KPNA4",0.292689220406351,0.302730306049578,0.0566195452567598,0.998419475690512,0.0959306459884332,0.223954000231493,-0.00510442477187788,-0.229058425003371
"1375","NDUFV2",0.0532281420706721,0.885851286645843,0.0794447049986623,0.998419475690512,-0.199605589627341,-0.332373283055257,-0.103518609027895,0.228854674027362
"1376","IL15RA",1.00631801666734,0.0451050240743411,0.195477619003106,0.627876048576326,0.271160094637193,0.0562856988601765,0.284938616672567,0.228652917812391
"1377","TRAPPC4",-0.169600196032046,0.631134714282953,0.116923128878798,0.998419475690512,0.0559241983167503,0.198719703999411,-0.0297716684543247,-0.228491372453736
"1378","PTK2",-0.39817415654001,0.282990557343934,-0.135374433992463,0.963204148073108,0.0816860937136391,-0.106371290392037,0.122005645702027,0.228376936094064
"1379","PPID",0.0651193399532071,0.884563479170672,-0.122819112864077,0.998419475690512,0.165714426978546,-0.00584695908221278,0.222501177580285,0.228348136662498
"1380","CUL4B",0.310235712362608,0.260305669748992,-0.0222889099852097,0.998419475690512,-0.110173670455732,0.054604043454365,-0.173615454774638,-0.228219498229003
"1381","NSMCE2",-0.164173308807988,0.696236478323978,0.00582732755413018,0.998419475690512,0.0175026252920701,0.198773549843425,-0.0289257823826808,-0.227699332226106
"1382","SNX3",0.323739280312044,0.315829182323948,0.0797217681709836,0.998419475690512,0.269562504025962,0.0772877887931359,0.304886730707906,0.22759894191477
"1383","TRABD2A",0.167524867566083,0.828310268089205,-0.0971412466457395,0.998419475690512,0.163109300431902,0.00729524652878321,0.234878809549507,0.227583563020723
"1384","CLIC1",0.277873208322137,0.23713584692092,0.208933166736749,0.998419475690512,0.142788636832552,-0.0327466716180206,0.194810108907363,0.227556780525383
"1385","SIGLEC14",0.564246153931644,0.568518006874783,0.32032929623079,0.69265497861691,0.478552042880687,0.292891261432287,0.520398357299711,0.227507095867424
"1386","WRNIP1",-0.140169545534251,0.746394825736484,-0.0634891694846034,0.998419475690512,-0.0686531914535699,-0.221190068297603,0.00630542456733643,0.227495492864939
"1387","RHOG",0.484424812029887,0.0532087518246008,0.0397414439611479,0.998419475690512,-0.115932072614091,-0.295476279524379,-0.0680490246272273,0.227427254897152
"1388","CFL1",0.241452183605487,0.358842917648788,0.420765371900268,0.5731941810989,0.201769808402757,-0.00325273667893878,0.224132761395172,0.22738549807411
"1389","SLC4A8",-0.692760740835132,0.153607157150294,-0.0424462868173144,0.998419475690512,-0.0363177952446425,-0.20917988463638,0.0181403833600039,0.227320267996384
"1390","NQO2",-0.302186297719391,0.485427188347812,0.0286767838592317,0.998419475690512,0.31653849579931,0.479247179646336,0.252145325254032,-0.227101854392304
"1391","PECR",-0.0369865418841232,0.956506932519683,0.0152036199698912,0.998419475690512,0.0883236774158569,-0.0637240359576793,0.163078821807161,0.22680285776484
"1392","ZNF382",-0.219629169907039,0.782885776647098,-0.0327753846703163,0.998419475690512,0.0639086450700033,-0.0939361751246766,0.132758357938366,0.226694533063042
"1393","DHODH",-0.0650740872556316,0.92864261502486,-0.0603192480947439,0.998419475690512,-0.00126017657494659,-0.146878627702596,0.0798034503919049,0.2266820780945
"1394","MRPL52",-0.0836596158278623,0.916628632920434,0.0155163346210707,0.998419475690512,0.0662842369303174,0.220990829411458,-0.00567036657823802,-0.226661195989697
"1395","MAD1L1",0.0734407262869949,0.882952836035085,0.175138498831487,0.998419475690512,-0.194926185205614,-0.0428153416561303,-0.269384061706305,-0.226568720050175
"1396","DDX39B",0.21795031853616,0.273188441651796,0.472455533729594,0.987022850306148,0.0214232490709996,-0.181261593593902,0.0452245980493813,0.226486191643283
"1397","TMOD3",0.334899981155537,0.128004735842293,0.177084223259748,0.998419475690512,-0.0937698650832524,-0.281724651636254,-0.0552626595450664,0.226461992091187
"1398","MUTYH",-0.116482467682732,0.875502089853568,-0.0154632381788775,0.998419475690512,-0.100672592573487,-0.248337302298532,-0.0219625503560405,0.226374751942492
"1399","RPE",-0.295109234740328,0.545926342951529,0.120582541405163,0.998419475690512,-0.205487635359051,-0.363523922099461,-0.137162499718836,0.226361422380625
"1400","NFE2L1",0.00350916402000576,0.995507773147594,-0.248600015189512,0.827327785382536,-0.150729580146735,-0.0350155588781934,-0.261360035525339,-0.226344476647146
"1401","VAPA",-0.125009397672714,0.679962976656102,-0.430489003956777,0.977028140171628,0.0874620732264874,-0.0963582661395755,0.129839082683452,0.226197348823028
"1402","UBE2L3",0.411124974119388,0.124844190611995,-0.0492751437916085,0.998419475690512,0.0847383585882408,0.287452010948515,0.0612709525318604,-0.226181058416654
"1403","NUMBL",-0.193448544352106,0.797230051940939,0.0585200717612812,0.998419475690512,-0.0282386858209083,0.14051715528143,-0.0856080408101569,-0.226125196091587
"1404","PGM1",-0.16057305294019,0.68272151351929,-0.0511333473639548,0.998419475690512,-0.182832764312712,-0.328644419136434,-0.102903076064518,0.225741343071916
"1405","C1orf116",-0.275844158114086,0.732036618571978,-0.293430836512004,0.890311857226403,0.280240769270671,0.396458995776407,0.170789331384846,-0.225669664391561
"1406","VTI1B",-0.264419143173153,0.340074743491603,0.0580423664277474,0.998419475690512,-0.0525468038011974,-0.19013865956385,0.0354718111278321,0.225610470691682
"1407","ADAM10",-0.0108917943685671,0.979089880653781,-0.114423446991745,0.447873601337046,-0.178399624967156,-0.0486581978094935,-0.27410602420301,-0.225447826393516
"1408","CTPS1",-0.3264047099125,0.402168052485104,0.588968491142477,0.715823515377884,-0.133519950541931,0.0629107208215905,-0.162517428433261,-0.225428149254852
"1409","CHST2",0.662230400587028,0.101578168609554,0.0574042156295348,0.998419475690512,-0.0547431545627626,0.104007937731882,-0.121388969524219,-0.225396907256101
"1410","LXN",-0.21906943364796,0.690893304841734,-0.359438463221516,0.553433895425309,0.261421447983577,0.380783700083956,0.155407629270881,-0.225376070813075
"1411","BLOC1S6",-0.36989649536139,0.445941572369797,-0.00838498184542554,0.998419475690512,-0.0592038759219028,-0.217399950481566,0.00787375731071408,0.22527370779228
"1412","TNFAIP6",1.16626907771717,0.0458698053484698,0.58324163117667,0.437788492101432,0.482651921594481,0.322384920625168,0.547599391664596,0.225214471039427
"1413","PROS1",-0.74437329089285,0.210264945835654,0.20359652604167,0.998419475690512,-0.0503414711559562,0.118252252858994,-0.106903264442609,-0.225155517301603
"1414","C1orf162",0.32983710871577,0.420479796117963,0.0163566327897862,0.998419475690512,0.0738616732445025,0.235778833634586,0.0107218611704113,-0.225056972464175
"1415","TBC1D5",0.00788850361745438,0.982820701183151,-0.00789861064782916,0.998419475690512,-0.0995134520400826,0.0637812684139759,-0.161152042783569,-0.224933311197545
"1416","HIKESHI",0.36628807340673,0.367453995207109,-0.0675623460815239,0.998419475690512,0.262032275661389,0.42138725417423,0.196606467079068,-0.224780787095163
"1417","TALDO1",0.0297700380385919,0.936500467878358,0.364656380810244,0.998419475690512,-0.0541412065377494,-0.199269443172942,0.0255031555436301,0.224772598716572
"1418","HGS",-0.0995040984775361,0.787695416289409,0.0607367466652053,0.998419475690512,0.194857123846468,0.016572717278741,0.241287755583925,0.224715038305184
"1419","ARMC8",0.0417326021584423,0.920104653987947,0.0783184528325506,0.998419475690512,-0.0208186022550056,0.163096954106196,-0.0612738994116721,-0.224370853517868
"1420","PDIA3",-0.155314725499202,0.701121280612753,0.362285208013179,0.937878599947475,-0.0189625174932151,0.141302146638787,-0.0827966575127277,-0.224098804151515
"1421","GALK2",0.245127766315586,0.718625821425491,0.165422725314457,0.998419475690512,-0.0765093812561108,0.0596328995441846,-0.164453971510871,-0.224086871055056
"1422","HPGD",0.324402849219127,0.65030144816457,0.0967763620898762,0.998419475690512,0.0891375379776742,-0.0862320018672304,0.137813144932991,0.224045146800221
"1423","ECRG4",-2.16336660786817,0.00467312546038447,-0.00408155829621304,0.998419475690512,0.0881931627789231,0.236360404517381,0.0125475429275685,-0.223812861589812
"1424","TOM1L1",-1.07992187745718,0.101504087420835,-0.0365828005174849,0.998419475690512,0.0612073882083286,0.224641744835333,0.00114183011800542,-0.223499914717328
"1425","VASP",0.0792660670042366,0.869683581518363,0.0854031596662168,0.998419475690512,0.0319951405248265,-0.133529977121159,0.0899550120148874,0.223484989136047
"1426","RNF13",0.335605064605865,0.34564023415501,-0.0175275974659956,0.998419475690512,0.195862480128615,0.359399559445382,0.135952445455669,-0.223447113989713
"1427","LYN",0.482571904003538,0.211018640471124,0.47896593196148,0.998419475690512,0.204310679194976,0.0320467974290716,0.255454973666654,0.223408176237583
"1428","ATP6V1C1",0.381349878391447,0.370421826479612,0.107554881147317,0.998419475690512,0.156365115916336,0.0152135262274665,0.238422088299452,0.223208562071986
"1429","CD6",-0.191788886707836,0.65095002778563,-0.0240219015757616,0.998419475690512,-0.0537528325894607,-0.211297411469168,0.0118037585187804,0.223101169987948
"1430","SNX27",-0.00213447787305837,0.996304487823704,-0.0175131069274971,0.998419475690512,-0.273980364646213,-0.104838731850327,-0.327926484158764,-0.223087752308437
"1431","HSD17B4",-0.523331844198352,0.102108919943248,-0.0833839731455205,0.998419475690512,0.194292870917587,0.288132841638515,0.065070458064194,-0.223062383574321
"1432","AGFG1",0.0611329405069845,0.891379933506635,0.076049734405038,0.998419475690512,0.127264825829026,-0.0411740734120036,0.181632650783982,0.222806724195985
"1433","ERMAP",-0.0165512747700012,0.980416466037606,-0.00422597619055737,0.998419475690512,-0.0223659998437527,-0.173050301406808,0.0496258774404893,0.222676178847298
"1434","TNFRSF1B",0.15044685611708,0.768644069917276,0.5380289219775,0.153243843681614,0.0907148917013475,-0.0801789536682671,0.142400244784008,0.222579198452275
"1435","MRPL55",-0.77708737555947,0.113565118506523,-0.101453592655223,0.998419475690512,0.0984648389852194,0.224748860094314,0.00269763853799076,-0.222051221556324
"1436","KCTD13",0.263605929122074,0.577752536843563,0.0401856334776891,0.998419475690512,0.0294202499502236,0.160082803562907,-0.0619492756239139,-0.222032079186821
"1437","ZDHHC4",-0.0623757611211069,0.912587394752015,-0.114828972656443,0.998419475690512,0.0836569082900987,-0.0717415680388874,0.150289954041548,0.222031522080435
"1438","SDF2L1",-0.74051433960212,0.0960656007025611,0.552750584214994,0.101014253771789,-0.138920072754859,-0.189834651069328,0.032180575904931,0.222015226974259
"1439","MAD2L2",0.275922264331903,0.4484734380744,-0.546570003931016,0.120595440085783,-0.190896175446463,-0.0251500644169283,-0.247142332479907,-0.221992268062978
"1440","LY6D",0.131809631687295,0.916817859258805,0.0859820392893451,0.861410095495095,-0.0103566193239941,-0.169111049326814,0.0527461949603995,0.221857244287213
"1441","GADD45GIP1",-0.089934701075388,0.88374937362842,-0.00192801720613267,0.998419475690512,-0.0700176704148007,-0.203304222117784,0.0185258395369843,0.221830061654768
"1442","MRPL1",-0.272611716756225,0.735826553920268,-0.0761952936468505,0.998419475690512,0.0532876751513849,0.18752396167134,-0.0342508676658841,-0.221774829337224
"1443","CSRP2",0.0715098242416673,0.929991560028221,-0.0891653039406328,0.998419475690512,0.125941303104413,-0.00216723793064601,0.219483006947782,0.221650244878428
"1444","MPIG6B",0.235765324434132,0.723175805585609,-0.0114329220774044,0.998419475690512,0.0317875699473311,-0.106604977100796,0.114967467963068,0.221572445063864
"1445","SEC13",0.0163031974475148,0.961906068788536,0.108075624018343,0.998419475690512,-0.0868295748714976,-0.220979552789503,0.000567314926246773,0.22154686771575
"1446","CAND1",-0.0531752520381834,0.921112193171026,0.353676511459728,0.998419475690512,-0.135184398798626,0.0147683633179559,-0.206750597357347,-0.221518960675303
"1447","NUMB",0.0201744536810213,0.963035245104466,0.0730094224337817,0.998419475690512,0.0847214687624812,-0.063600858070715,0.157765026333725,0.22136588440444
"1448","AOC3",-1.96715757930609,8.26711103131794e-05,0.455796205728347,0.716792830623108,-0.235399117590695,-0.079399484469727,-0.300665354287095,-0.221265869817368
"1449","HMG20A",-0.3441107123169,0.507823380711301,0.16594756699588,0.998419475690512,0.193195400023151,0.373554195944795,0.152419683613603,-0.221134512331192
"1450","CCS",-0.294949321776184,0.311822331655507,0.0798020429039089,0.998419475690512,0.209968982308482,0.0648528651185573,0.285665678564165,0.220812813445608
"1451","DIAPH1",-0.102744608515184,0.734966886546227,0.0515629421085155,0.998419475690512,-0.060240547133198,-0.225692901530946,-0.00501653796678985,0.220676363564156
"1452","COMMD7",-0.347623064436588,0.519526842884936,0.276385067622813,0.726670319561975,-0.0844085790593416,0.0794495205328948,-0.140726832305817,-0.220176352838712
"1453","SNRPD2",0.0127472915219728,0.983796776904106,0.127229117461401,0.998419475690512,-0.198966458560176,-0.350005067606364,-0.129979745220514,0.22002532238585
"1454","ARL1",-0.334391222328632,0.539028671817251,0.000818457883750592,0.998419475690512,0.0811024941897655,0.233689805194872,0.0136898309460039,-0.219999974248868
"1455","RPLP2",-0.217309137125948,0.601624320133868,0.239961720206526,0.958741895914764,0.0561568759596128,-0.0666773894339219,0.153114267787866,0.219791657221788
"1456","RERG",-0.731860518249904,0.430877978835281,0.0496982072443944,0.998419475690512,0.126342358411159,0.283373846264086,0.0637063442273676,-0.219667502036719
"1457","CDK2AP2",-0.508644513076906,0.0532087518246008,-0.0128601846955151,0.998419475690512,-0.00581701320136259,-0.182506989549654,0.0370561622737335,0.219563151823387
"1458","TNS2",-0.661754684317823,0.284228100656895,-0.0456983987289349,0.998419475690512,0.033187056624194,-0.136993148224181,0.0825445174584378,0.219537665682618
"1459","PDPK1",-0.0745145564127794,0.786815661568604,-0.058616768273605,0.998419475690512,-0.13953962184078,-0.00331784364785953,-0.222813683032908,-0.219495839385048
"1460","MAGI2",-1.1257754086241,0.14797575555299,-0.146728909610988,0.523489353634919,-0.0742948572249762,-0.315255183628437,-0.0957863267875294,0.219468856840907
"1461","CD74",-0.424767616851207,0.371988744092244,0.00302054312635494,0.998419475690512,-0.113928005466733,-0.237025140768314,-0.017564486943144,0.21946065382517
"1462","NCF2",0.19018239244904,0.640743446701714,0.125261750944781,0.998419475690512,0.142273535770157,-0.0101082902909941,0.209060930533041,0.219169220824035
"1463","PSMC5",0.149690393921135,0.693685953717675,0.0972615755892798,0.998419475690512,-0.0022819645955018,0.126922400933564,-0.0919114262973393,-0.218833827230903
"1464","PIK3AP1",0.685652914720089,0.0603314930559375,0.0176872306255732,0.998419475690512,0.105937414552853,0.240764152865309,0.0220333220080808,-0.218730830857228
"1465","URM1",0.00607050304956797,0.994393940419602,0.0247869448690058,0.998419475690512,0.0810764771491239,-0.0398108262868633,0.178764854266854,0.218575680553717
"1466","POLR3F",0.0568885446945403,0.937200362083915,0.0595339371990955,0.998419475690512,-0.171648448387115,-0.322520651696905,-0.103946288669204,0.218574363027702
"1467","EDN1",0.826480497608836,0.166525207636986,0.013290615636871,0.998419475690512,0.0762970751232133,0.243139074692404,0.0246285667292408,-0.218510507963163
"1468","TBC1D13",0.295723141411314,0.44852697267545,0.0475127632084522,0.998419475690512,-0.303585446680184,-0.185197414279802,-0.403524470232029,-0.218327055952228
"1469","ADSS2",-0.160862772771996,0.605292803452931,0.127981095651317,0.998419475690512,-0.112185022724377,0.0545451009132627,-0.163707620549602,-0.218252721462865
"1470","PCMT1",0.420941436297705,0.267191106838597,0.0205569116175002,0.998419475690512,0.0951661702707297,0.234574691264747,0.016540776595879,-0.218033914668868
"1471","USF2",0.26328079633117,0.282575817117963,0.0660456797613545,0.998419475690512,-0.165435558702189,-0.341640346175815,-0.123661926752159,0.217978419423656
"1472","CYTH2",-0.275024330585474,0.290595269007162,-0.0146417511836785,0.998419475690512,0.0642424443454707,0.206258300666396,-0.0115416822731829,-0.217799982939579
"1473","DNAJB11",-0.157442800569609,0.659600063307167,0.560800226514393,0.210904001530224,-0.243766179420315,-0.0815481141340983,-0.299284578417828,-0.217736464283729
"1474","GPI",-0.102270742133661,0.814821100827062,0.76833478452728,0.85054234904987,-0.106264218879046,0.064217054446626,-0.153476208041119,-0.217693262487745
"1475","WBP1L",0.1472785372099,0.430052796064681,0.204463568896307,0.998419475690512,0.0531654078916675,0.191376766577053,-0.0263001789111239,-0.217676945488177
"1476","RABEP1",0.0668811027589274,0.844194130600421,0.00236192553286565,0.998419475690512,0.0191549428582942,0.182671810146729,-0.0349500638751038,-0.217621874021833
"1477","ANXA5",-0.144246593244051,0.758592092252414,-0.200717537924556,0.998419475690512,-0.181149409775698,-0.0557530078856554,-0.272916930192805,-0.217163922307149
"1478","NRG1",-0.733484008671291,0.273410173612761,-0.0482901718496003,0.998419475690512,-0.0882274669414717,-0.257060595116477,-0.0399928443903134,0.217067750726164
"1479","DOCK2",-0.0899605389944639,0.870785988057113,0.189817640990869,0.873362904078878,-0.0805775717759802,-0.255396229816976,-0.0385529391112889,0.216843290705687
"1480","CD38",1.40423342540515,0.00434486759858973,-0.0914008054438877,0.963338709988253,-0.0443849754500237,-0.139648247193373,0.0771269079447066,0.21677515513808
"1481","DNAJB14",-0.0753057276942119,0.856554322921457,0.0934803542918578,0.776604021167797,-0.0483622804056008,0.0966374150419502,-0.12008483062692,-0.21672224566887
"1482","USP10",0.112697644189513,0.799833949229838,0.0250253254201749,0.998419475690512,-0.0803183985161104,0.0732863523032551,-0.143374403265135,-0.21666075556839
"1483","H3C1",0.919500530131881,0.224683078476065,0.409848375765626,0.998419475690512,0.0691126017081976,0.181984366737937,-0.0345832632950915,-0.216567630033029
"1484","GRAP2",0.477274705824948,0.575097015926511,0.0189450397257191,0.998419475690512,0.107402860201004,0.23024991306515,0.0137352846491177,-0.216514628416032
"1485","EIF3G",0.0487016208556529,0.905545365893265,0.172851560855528,0.998419475690512,0.0699848326078056,0.229333607087691,0.0128247238433189,-0.216508883244372
"1486","PARK7",-0.222854405590638,0.475750130084985,0.122768136110967,0.998419475690512,0.0697600846900852,0.230919830950131,0.0145632710431339,-0.216356559906998
"1487","ST6GALNAC4",-0.677282261463006,0.159301106867472,-0.0871519455485736,0.963204148073108,0.0843733844747429,-0.0887962237716826,0.127444053041991,0.216240276813674
"1488","ISOC1",-0.00474243752067906,0.996248953157761,0.0790853153685505,0.998419475690512,0.0797980037739201,0.21516294677783,-0.000843391662521368,-0.216006338440351
"1489","MATK",0.195936068107335,0.810646125824032,-0.0195154839606506,0.998419475690512,-0.0970506225508028,-0.246546938039706,-0.0305602671698352,0.215986670869871
"1490","SCO1",0.153968598488845,0.784422689854776,-0.102518376469792,0.92559285537565,-0.0775699854216618,0.0639841749076563,-0.152001603083418,-0.215985777991074
"1491","SCRN3",0.0501605995456504,0.946834021553843,-0.0885948768000604,0.987022850306148,-0.140617560158584,-0.0100647395494423,-0.225586243105016,-0.215521503555574
"1492","HEXB",-0.530033239288585,0.138245502322928,-0.0496205596780179,0.998419475690512,0.111081366326914,0.243230804433685,0.0278555701038759,-0.215375234329809
"1493","TAF10",0.265483247828653,0.366385091109074,-0.00913478148989129,0.998419475690512,-0.0489587522461947,-0.20776279932958,0.00754568211789572,0.215308481447475
"1494","JUND",0.614621721655466,0.076889757858897,0.0335853227610415,0.998419475690512,-0.0617103655654214,-0.223039099544153,-0.00773336962801295,0.21530572991614
"1495","APP",-0.306670879312414,0.260305669748992,0.0298465433128795,0.998419475690512,0.0630731020792626,0.21046459139001,-0.00479969575932156,-0.215264287149331
"1496","CARD9",-0.00410341882490984,0.996500990615715,0.180141857785012,0.853216168095328,-0.106594381326229,-0.190893122388091,0.0243364132808017,0.215229535668893
"1497","CFAP36",-0.308618541131253,0.432038138717637,0.136849363171866,0.998419475690512,0.0442812427801402,0.200419827865057,-0.0146095763614601,-0.215029404226517
"1498","CLEC12A",0.384290581385702,0.559758757202643,0.0763968492910409,0.998419475690512,-0.247747362446699,-0.423797041157118,-0.208833929155274,0.214963112001845
"1499","APOE",-1.05037484907732,0.148611794384417,0.801304052891834,0.33638801102274,-0.0969341537684855,0.132120587663775,-0.082690740040381,-0.214811327704156
"1500","TMUB2",0.304864872068404,0.139297263476614,0.019066236768213,0.998419475690512,0.150886618708961,0.317581337789976,0.102794320827426,-0.21478701696255
"1501","MUCL1",0.243174130357784,0.828922517812841,-0.0479376445320542,0.998419475690512,0.0299759240023421,-0.117831300845274,0.0968913803157437,0.214722681161018
"1502","PLS3",0.011791536485445,0.99121659165871,0.248030778766717,0.49647657124813,-0.176308108801199,-0.314823383074944,-0.100744320657482,0.214079062417462
"1503","ACAD8",-0.323418848924578,0.435607362553774,-0.0526188678165736,0.998419475690512,-0.0472548701398935,-0.211020738768503,0.00284252843681295,0.213863267205316
"1504","PSMD7",0.0256919808249979,0.938670387316007,0.165504235254389,0.998419475690512,-0.111950952802458,-0.250768461203372,-0.0369553666522439,0.213813094551128
"1505","TPT1",0.0269812995544747,0.952309334191963,0.340065437843872,0.994739550495444,0.0340029567673496,-0.094243647367766,0.119567327642842,0.213810975010608
"1506","OSMR",-0.0978236437471124,0.8968125718364,0.00548289112446457,0.998419475690512,0.0638034522362781,-0.0618891100022433,0.151907534695555,0.213796644697798
"1507","PIEZO1",-0.292235199385742,0.457330644121616,-0.0747454561388207,0.998419475690512,0.174620035315138,0.0356534995908159,0.249208235300803,0.213554735709987
"1508","LMO4",-0.152435323413129,0.788769134370538,0.250002169711548,0.913613729375303,0.141629196234449,0.304508036519194,0.0909825973850802,-0.213525439134114
"1509","PPME1",-0.237483111364462,0.452617251859266,-0.0873058001377534,0.998419475690512,0.146105886286948,0.280378832063556,0.0671039431365484,-0.213274888927008
"1510","HSD17B11",0.26155598342586,0.440989176227905,0.0484977367154997,0.998419475690512,0.0780811064922855,0.235191262314212,0.0219538688972476,-0.213237393416964
"1511","ACVR2A",-0.100094867872965,0.884842129053294,-0.00903223207081881,0.998419475690512,-0.0231224146987954,0.0998472520610586,-0.113144502349859,-0.212991754410917
"1512","ANPEP",-0.827009027238224,0.0981918895247452,-0.0102227749868566,0.998419475690512,0.11130828466865,-0.0434882114788993,0.169474979491639,0.212963190970538
"1513","PRXL2A",-0.698474054718508,0.0941748760292472,-0.00699352193517019,0.998419475690512,0.018687550790598,-0.159956681610793,0.052549624223804,0.212506305834597
"1514","TTC32",0.444457111957638,0.290595269007162,-0.0504448378322502,0.998419475690512,0.0478390519561146,0.213116520377909,0.000617985828497465,-0.212498534549411
"1515","COMMD10",-0.0399774014013695,0.950143820927288,-0.141067342584967,0.998419475690512,-0.15202258887079,-0.0108147345989807,-0.223248159187766,-0.212433424588785
"1516","ANTKMT",-0.323690145505879,0.641412844927698,0.0107649410773476,0.998419475690512,-0.20538610162417,-0.33259125572168,-0.120285958423715,0.212305297297965
"1517","SMS",-0.161369613794978,0.662882294116846,-0.0886439162600913,0.998419475690512,0.079346859787595,0.199941874866521,-0.0122847371449685,-0.212226612011489
"1518","SEPTIN6",0.660034940756542,0.0236512301313807,0.0182190349753254,0.998419475690512,-0.0590215415972779,-0.243250988855402,-0.03118350039116,0.212067488464242
"1519","SLC16A3",0.0593469185028744,0.923059696896109,-0.0114214568166099,0.998419475690512,0.111306840153643,0.26389747151741,0.0520964460650008,-0.211801025452409
"1520","DHX9",0.0304528120361397,0.940045077268862,-0.083390311118033,0.998419475690512,-0.141283096431141,0.000955901249108491,-0.210788492524488,-0.211744393773596
"1521","CARD19",0.12722777338254,0.823249536966396,0.0517462539692541,0.998419475690512,0.109781325105809,0.236843226966325,0.0251754652559334,-0.211667761710392
"1522","NFU1",-0.429192221937027,0.328399434720505,-0.0722479742225316,0.998419475690512,0.00737617243676589,-0.181950640536366,0.0296473221621257,0.211597962698492
"1523","FABP5",-1.25387631495694,0.000970278245344278,-0.0698603862815224,0.998419475690512,0.117973862615099,0.204917752366792,-0.00653390572848457,-0.211451658095277
"1524","NACA",0.112012360036146,0.736961189960665,0.239382070535286,0.994739550495444,0.187538876920073,0.335980070124827,0.124683639549538,-0.211296430575289
"1525","KLHL12",-0.0518328455828271,0.900934128064091,0.197962320833796,0.69265497861691,0.0482918668586222,-0.105060481584232,0.106135828209523,0.211196309793755
"1526","PABPN1",0.0467812287347165,0.878497185032422,-0.0025239976489536,0.998419475690512,0.136163256509604,-0.00957255254700058,0.201570479202641,0.211143031749642
"1527","CDK2",-0.156808059224291,0.717120353015349,0.229227093533776,0.998419475690512,-0.0534672974132783,0.103100884229786,-0.107924534347969,-0.211025418577755
"1528","HAT1",0.22948905239843,0.49452695858157,0.163003624317264,0.809010563895537,-0.0835290712066871,-0.26749276870521,-0.0565897100360696,0.210903058669141
"1529","NUDT3",-0.131536131919757,0.761005024979501,-0.0918656538655746,0.998419475690512,-0.117186680720221,-0.273620186497059,-0.0628284551089947,0.210791731388064
"1530","ATXN3",-0.0375395286998439,0.949058772574558,0.0764595811801653,0.998419475690512,0.0813839168567921,0.237184563935482,0.0264309912292458,-0.210753572706236
"1531","EIF4G3",0.600434563104702,0.0129090539295935,0.0620241238349021,0.998419475690512,0.0391054507703129,0.13569265118874,-0.0749555033882867,-0.210648154577026
"1532","TXNL4B",0.677546206942109,0.0820295721049798,0.0496623457199702,0.998419475690512,0.101882509870552,0.241235435705779,0.0305984538552411,-0.210636981850538
"1533","TMEM234",-0.09359137476231,0.842549252247979,-0.0404820121843063,0.998419475690512,-0.0107440740359743,-0.151267676934076,0.0592937662493207,0.210561443183397
"1534","KRT16",-0.109736571900036,0.930932043802328,-0.000588942588248952,0.998419475690512,-0.105495783639975,0.0475178847802674,-0.162991741195097,-0.210509625975364
"1535","BTN3A1",1.31240741751076,0.000696810627905532,0.0749644827388573,0.998419475690512,0.130639864518345,-0.0201471589565158,0.190322970770423,0.210470129726939
"1536","GALNT11",-0.193987009711757,0.556384472199225,0.0229231269231704,0.998419475690512,0.0111564173797264,-0.131489719996266,0.0789653768301168,0.210455096826383
"1537","DYNLL1",-0.341245177003012,0.375873874492929,0.0233474008868177,0.998419475690512,-0.0252682137492466,0.119552316243662,-0.0909018870186464,-0.210454203262308
"1538","ACYP2",-0.206124387666046,0.732929154906165,-0.179786267088153,0.998419475690512,0.0166558350864035,0.163034062388687,-0.0474049720165631,-0.21043903440525
"1539","PRDM1",1.06679263371912,0.00104827451009093,0.294470324939503,0.157540953330499,0.178110189232881,0.162758826197373,-0.0475651391927724,-0.210323965390145
"1540","GCNT1",0.213616921956062,0.649268733252523,-0.0448974064585458,0.998419475690512,-0.11601490868328,-0.273643374459438,-0.0633995016093762,0.210243872850061
"1541","SENP2",0.00933603615470911,0.985814658764328,-0.0551502242030959,0.998419475690512,0.0842973948510581,-0.0558822214635038,0.154356070871412,0.210238292334915
"1542","MGAT4B",-0.0255199974002092,0.945464488328056,-0.076953729242459,0.977028140171628,0.0844859050472082,-0.0702445694574897,0.139627674750395,0.209872244207885
"1543","PPP2R5D",0.286501854874887,0.532068816199045,0.08346026062982,0.998419475690512,0.0464087342326558,0.194393886704799,-0.0153457071446236,-0.209739593849423
"1544","CYLD",0.663919596070724,0.00148431355333043,0.319768387631037,0.844219646885179,0.173429544008381,-0.0457914435068656,0.163913379597644,0.20970482310451
"1545","HMOX1",-0.523040257060607,0.229238994524445,0.639483988091557,0.539565355399816,-0.302492337021768,-0.39292821557215,-0.18335640948913,0.20957180608302
"1546","RUFY1",0.0518664801908381,0.875716183604436,-0.0211685818784186,0.998419475690512,0.0604224299116067,-0.0880202098574718,0.121483925665337,0.209504135522809
"1547","PPCDC",0.0878404769783497,0.912399891678868,-0.00693073727305594,0.998419475690512,0.0864771707787607,0.233647495519155,0.0241851003006677,-0.209462395218488
"1548","PLCB1",-0.593508356412202,0.286536108078172,0.0186383949356411,0.998419475690512,-0.115866266866673,-0.241975388951566,-0.0327072391950095,0.209268149756557
"1549","PLEKHA4",-0.539762729984472,0.300749059954048,-0.00327426818884902,0.998419475690512,0.248031760318399,0.39735519857224,0.188186846756975,-0.209168351815265
"1550","QPRT",-0.118537849743863,0.861619910946259,-0.0946806817927263,0.998419475690512,-0.0102584914807039,-0.173271580752772,0.0357894954410094,0.209061076193781
"1551","MMP9",0.869414632160594,0.193404178510552,0.30636357924234,0.998419475690512,0.100719262389309,-0.0811396955184685,0.12789759944558,0.209037294964048
"1552","SLC25A1",-0.471709487310499,0.22600058911217,0.071733453619065,0.998419475690512,0.0703138115874085,-0.0365305749486004,0.172493305434263,0.209023880382864
"1553","CLDN1",-0.99660427716989,0.0958754500440318,0.0530712467328661,0.998419475690512,0.0568432489354521,-0.0782684794508934,0.13066512714511,0.208933606596003
"1554","WFDC2",0.462467966863078,0.67465179692279,0.193469158445509,0.998419475690512,0.146504280975605,0.0128163828485043,0.221747876416928,0.208931493568424
"1555","LTO1",0.0269221857208405,0.970825036190259,-0.0246628871355659,0.998419475690512,0.229475193042755,0.369305868655512,0.160728169404603,-0.208577699250909
"1556","PEX5",-0.746688165002744,0.0363805024068811,-0.0656797951536458,0.998419475690512,-0.0923238299072547,-0.031447271475297,-0.239867438327126,-0.208420166851829
"1557","EIF4E2",-0.212444478276663,0.474187829171467,-0.0493127488500886,0.998419475690512,0.0710965645460038,-0.0688483170910062,0.139382405345697,0.208230722436703
"1558","TXN",0.253170981722816,0.480570079781892,-0.0250365685870021,0.998419475690512,0.131486855478125,0.281860873843213,0.0736724333377033,-0.20818844050551
"1559","CD81",-0.259941512311859,0.600487750893062,-0.0235175062995638,0.998419475690512,0.13440240789682,0.0118585436844266,0.220020583675879,0.208162039991452
"1560","CCL24",-0.534848948667746,0.570645843321454,0.017190946071693,0.998419475690512,0.097726652264049,-0.0483399238203687,0.159570605115591,0.20791052893596
"1561","TARS1",0.210652167866373,0.663229323938817,0.482208049184375,0.937607328647168,-0.00424463592845798,0.116241246633347,-0.0916101872394594,-0.207851433872806
"1562","VAC14",-0.0822790053941056,0.852504271051125,0.122727806091316,0.998419475690512,-0.16031742320961,-0.0192300195330992,-0.227072698856507,-0.207842679323408
"1563","B4GALT1",0.0751644017829851,0.854351592637727,-0.341364218064973,0.996129977073955,-0.0392338314251731,0.113454303076653,-0.094145812127669,-0.207600115204322
"1564","CD48",1.12716720512588,0.016094583083877,0.314060584868545,0.268308386979987,0.0477478925108044,0.0925794648156009,-0.115015234600614,-0.207594699416215
"1565","DNAJB1",0.0248789920922947,0.97691619975495,-0.224499336640231,0.998419475690512,-0.0926704413463349,0.043448451599262,-0.164072359955566,-0.207520811554828
"1566","DPH7",-0.595420966099301,0.240274417276223,0.124563251976257,0.998419475690512,-0.182466526852636,-0.0472422452698346,-0.254686696524716,-0.207444451254881
"1567","FCN1",0.679004654316347,0.0549262077267448,0.176202246401154,0.998419475690512,0.397821955444359,0.509248950203232,0.301867118891576,-0.207381831311656
"1568","VAMP8",-0.208901145582947,0.678012053692148,-0.067811179218586,0.998419475690512,0.0601877171337769,-0.0829853740069687,0.124358132924044,0.207343506931013
"1569","NSL1",-0.0645352458393017,0.916628632920434,-0.079518058797671,0.998419475690512,0.0802962831209192,0.216461944247277,0.00913776353166395,-0.207324180715613
"1570","VPS4A",0.000447683509927288,0.999628778030348,0.0683874629857506,0.998419475690512,-0.113755953809339,-0.256708662918004,-0.0495475830676083,0.207161079850396
"1571","SNF8",-0.122676735872325,0.715102725235993,-0.0572910023783566,0.998419475690512,0.179441166447191,0.294194642331775,0.08712026332289,-0.207074379008885
"1572","CD7",1.35858097925532,0.0087641401083808,0.0551024557255989,0.998419475690512,0.418219748179893,0.28287094137856,0.489787298589096,0.206916357210536
"1573","ESRRA",-0.148566424784065,0.735826553920268,0.109084171750614,0.967173265821445,-0.187085407419567,-0.292673862549691,-0.0857952845076309,0.20687857804206
"1574","NGRN",-0.303612049573516,0.40630343059736,-0.0364482829590319,0.998419475690512,-0.0989645958575312,-0.261427514972829,-0.054626559254562,0.206800955718267
"1575","ELK4",0.225250932392595,0.508905977743509,0.0670488078653118,0.998419475690512,0.090434360835381,0.230677428259093,0.023940782387521,-0.206736645871572
"1576","HERC1",-0.0987166622315062,0.756172270614818,0.221046690211895,0.934081246389468,0.00512284505958038,-0.138780986697497,0.0679095954460466,0.206690582143544
"1577","ATXN10",0.0147510908632436,0.97821585399025,-0.0450653593106274,0.998419475690512,-0.0944418684507343,0.046106539109776,-0.16051998859641,-0.206626527706186
"1578","PLEKHA1",-0.547322931471344,0.198048028397903,-0.0116779390664803,0.998419475690512,-0.0476676182671472,0.08567369640505,-0.120911300735324,-0.206584997140374
"1579","HK1",0.0865943391867832,0.829496277443494,0.0599625991813174,0.998419475690512,0.0447946970113969,-0.118817418063022,0.0877609709226428,0.206578388985665
"1580","CLEC2D",0.418806684353202,0.344257849328847,0.0699110266195914,0.998419475690512,0.130076408891077,0.283825893518548,0.0775146002602251,-0.206311293258323
"1581","HMOX2",-0.618748004324817,0.0101906046265414,0.30049488786182,0.305671390633778,-0.084836625192997,0.178172213203816,-0.0280048809107674,-0.206177094114583
"1582","TXNIP",0.54909643728466,0.147700824541019,-0.00703692196492142,0.998419475690512,-0.134276185334906,-0.271058490345292,-0.0649325354800657,0.206125954865226
"1583","C19orf53",-0.138920982926662,0.808607611128,-0.0915502603060213,0.998419475690512,-0.0747464181961113,0.0421564139114893,-0.163924748727043,-0.206081162638532
"1584","PFDN5",-0.1646243449554,0.615615078206595,0.143980224620067,0.998419475690512,0.0241649868666126,0.151529878528209,-0.0543847643635683,-0.205914642891778
"1585","CIRBP",-0.481141583686875,0.0810998044394843,-0.285441768032189,0.998419475690512,0.223832462018882,0.379777699308489,0.173872004046599,-0.20590569526189
"1586","ANKRD46",-0.351233629915824,0.563940304316644,0.0115655316619892,0.998419475690512,-0.218068771670342,-0.35078556834068,-0.145149559759946,0.205636008580734
"1587","NATD1",0.315966904098655,0.424669453432202,0.00531604689236234,0.998419475690512,0.0334366989008513,-0.113737297954384,0.0918139825547826,0.205551280509167
"1588","CDKN2D",0.507819701284938,0.181277560984125,0.168846171689384,0.998419475690512,0.333043182752012,0.138300166920811,0.343772650434164,0.205472483513353
"1589","RAD51D",0.0199121705635071,0.979434497440053,0.104243437689464,0.998419475690512,0.117222764944509,0.298675591367965,0.0933877352847878,-0.205287856083178
"1590","FUCA1",-0.347249200947471,0.534266664245135,0.0277879110755027,0.998419475690512,0.135163372736119,0.270641115898199,0.0654323738071533,-0.205208742091045
"1591","ITGA4",0.319798912301444,0.432284494186481,-0.0045356614044293,0.998419475690512,0.0859286974323875,-0.0618560436037906,0.143310499278845,0.205166542882636
"1592","PSPC1",0.41666900545574,0.045561654305313,-0.0250221193925059,0.998419475690512,0.0863821922738922,-0.0520499474462691,0.153010353148546,0.205060300594815
"1593","TESC",1.72875185684805,0.000549306835194934,0.108447963192747,0.998419475690512,0.124875927108851,0.232913581735738,0.0278701802695695,-0.205043401466169
"1594","LAIR1",0.189666810169497,0.74132594153698,-0.00237684070326839,0.998419475690512,0.140193269594422,0.286461590449806,0.0814557277082091,-0.205005862741597
"1595","MZF1",-0.173574026558601,0.731747962466952,-0.0336111740396638,0.998419475690512,0.054183866887583,-0.0818762697796401,0.123030658419389,0.204906928199029
"1596","HNRNPDL",-0.131268579377212,0.747660985197205,-0.258127867088832,0.998419475690512,0.224756200998965,0.369242724451987,0.164402581608225,-0.204840142843762
"1597","IL6ST",0.284713732194279,0.436874131201879,-0.547062434001686,0.489329172537047,-0.0447317534103202,-0.134826201824328,0.0696559801388943,0.204482181963222
"1598","COQ7",-0.162381609399891,0.726978680744479,0.0056063748744609,0.998419475690512,0.176680477506376,0.315804757715106,0.111446006911754,-0.204358750803353
"1599","UBL3",0.400622672889786,0.0846399152445318,-0.119829999486081,0.791573009435334,0.141593637832363,0.351429608766572,0.147102119441145,-0.204327489325427
"1600","STOML2",-0.34526001672647,0.343205125420658,0.143159740971363,0.998419475690512,-0.113420827827364,0.0460331549368353,-0.158255242140102,-0.204288397076937
"1601","NECTIN4",-0.663051540584352,0.157727056384833,-0.112738289103935,0.652101980055702,0.243424227925074,0.0537313350904416,0.257959540520195,0.204228205429753
"1602","NDE1",0.0440186154813369,0.911119733892309,-0.107644990262502,0.83415514956057,-0.0507146923362324,-0.1694782671794,0.034739390130318,0.204217657309718
"1603","ANXA2",-0.245196226176466,0.522079164228479,0.0155437362189793,0.998419475690512,0.232820642582601,0.371083811486605,0.166912158293743,-0.204171653192863
"1604","NECTIN2",0.44524665655716,0.0857362954192974,-0.00076788156632831,0.998419475690512,0.15313391768918,0.320363807565465,0.116205075401205,-0.204158732164261
"1605","ATG4A",-0.561384526312805,0.279909687303844,-0.0132200188801027,0.998419475690512,0.0369476996402356,0.174951522518311,-0.0284655519570699,-0.20341707447538
"1606","PKM",0.100394082899989,0.779175652939567,0.617177838623721,0.945593727342356,-0.0106125383578501,0.123577584181837,-0.0798183425221456,-0.203395926703983
"1607","INSR",-0.394580192624231,0.434488922071564,-0.217772510330599,0.998419475690512,0.123247138032901,0.245582066548079,0.0421960249908837,-0.203386041557195
"1608","MSC",1.26571351689796,0.0430483507733265,0.0887515006438788,0.998419475690512,-0.116617075265412,-0.281432744295065,-0.0782100950804378,0.203222649214627
"1609","DTX3L",1.2837562327023,6.55815362873207e-05,0.726679681887138,0.224226741317311,0.283160971040277,-0.0368034290581613,0.166413974986245,0.203217404044407
"1610","ATP13A1",0.158913016004469,0.69038993399933,0.264991718012231,0.854189735810682,0.0468004639139715,0.163423574419018,-0.0397065973023174,-0.203130171721335
"1611","ST6GALNAC1",-0.0801961987768313,0.937200362083915,0.0212172910561091,0.998419475690512,-0.0153658353106823,0.10385840578068,-0.0990307063698342,-0.202889112150514
"1612","CFDP1",-0.530478164450744,0.0757077001153676,-0.400893861684524,0.733846120891271,0.041443916237685,0.141054379614958,-0.0617079292139142,-0.202762308828872
"1613","TNFRSF12A",-0.360345065693545,0.519071916770192,0.0271760114132093,0.998419475690512,-0.0405404802379188,-0.154302495035725,0.0484327383857041,0.202735233421429
"1614","SET",-0.215149214367284,0.436634568040641,0.186113077603343,0.998419475690512,0.0968181661571255,0.256936543068412,0.0545019987481216,-0.20243454432029
"1615","SH2D3C",0.193309983829394,0.716425395480779,0.0385608500536522,0.998419475690512,0.0271627226790005,0.150509204046197,-0.0519206548920148,-0.202429858938212
"1616","PARVA",-0.55713334334933,0.358774751109717,-0.282698027169582,0.844219646885179,0.253901537164849,0.341197472444888,0.138928138763454,-0.202269333681434
"1617","RAB11FIP3",-0.2631048365016,0.693619123453009,-0.0766562738971775,0.998419475690512,-0.0602773838343762,-0.208771464111909,-0.00670044402875,0.202071020083159
"1618","TWSG1",0.312545715210835,0.423351324443565,-0.170112564767176,0.744984064345224,0.176525098111406,0.0567690458825887,0.258721076235342,0.201952030352754
"1619","SIRPB1",-0.28032879858085,0.594490039116977,-0.0614132127575056,0.998419475690512,0.0242146901374374,-0.121194734414537,0.0807284276030315,0.201923162017569
"1620","ATP2A3",0.299606693002323,0.405980267245982,0.100240707512393,0.998419475690512,-0.0475416098876271,0.0650832938387435,-0.136768739257512,-0.201852033096255
"1621","ZCCHC17",-0.122705479427736,0.836523841357798,-0.0123062371431889,0.998419475690512,-0.105943388652202,-0.233270636565079,-0.0314310895900331,0.201839546975046
"1622","ENO1",-0.0521443140467593,0.899482947857099,0.274483416229229,0.998419475690512,0.0328722779953966,0.18339433747116,-0.0183182886838294,-0.201712626154989
"1623","PRC1",-0.108137356963653,0.909002934672966,0.0148708950138122,0.998419475690512,0.104791149052959,-0.0411730783117376,0.160517874741157,0.201690953052895
"1624","MTHFSD",-0.123373058420167,0.835168049798055,-0.0330718848476451,0.998419475690512,0.0734577805878468,0.197280203979517,-0.00439512888901591,-0.201675332868533
"1625","GOLM1",0.0346211148235127,0.956506932519683,-0.661193812766815,0.342523497810336,0.00251667562830311,-0.143594774286982,0.0578560859064775,0.201450860193459
"1626","SEMA4D",0.766993796983364,0.00298189631186533,0.440061288182624,0.765767679245935,0.116655552885133,-0.0957288416878892,0.105444697142425,0.201173538830314
"1627","ECE1",0.517765795473303,0.207989426563103,-0.0371915050022806,0.998419475690512,-0.205265091858759,-0.0519866120028155,-0.253098644569451,-0.201112032566636
"1628","SLC6A16",0.623104007207643,0.400357207875266,-0.0394064486274801,0.998419475690512,0.068685205578247,-0.0438142811139904,0.15714264394607,0.200956925060061
"1629","LSM12",-0.0978692854977518,0.770013854121991,0.126608166309815,0.998197234976641,0.0785233420988433,-0.0395520009978743,0.161317691919867,0.200869692917741
"1630","XPNPEP3",-0.507400119218885,0.228569222113418,-0.0858307783760231,0.998419475690512,0.0811944882442025,0.215076406365254,0.0143011695922511,-0.200775236773003
"1631","SEMA6B",-0.116382816301472,0.805298470835221,-0.0475409875329606,0.998419475690512,0.12154332764705,0.267289583171077,0.0665217633944241,-0.200767819776653
"1632","LDLR",0.518847140325102,0.128736643759376,-0.00389254080385003,0.998419475690512,-0.115447039652676,-0.253056576869071,-0.0523236729030896,0.200732903965982
"1633","DMKN",-0.84573514500278,0.235026341912547,0.0312548434509168,0.998419475690512,0.177018899493577,0.34586792701291,0.145218570062994,-0.200649356949916
"1634","CCDC80",-0.817909134541404,0.0575192251056753,-0.441521443708089,0.387855336245382,0.230146296507725,0.0243769378632857,0.225012390693056,0.200635452829771
"1635","EIF1AD",-0.482933266139665,0.0882726415738239,-0.0657857581922616,0.998419475690512,-0.0586315345801557,0.0682593192972955,-0.132369652319326,-0.200628971616622
"1636","CERS5",-0.143347387688858,0.707650703461661,-0.00150658626772061,0.998419475690512,-0.000496917109102114,-0.132222018441473,0.0680916678744331,0.200313686315906
"1637","CDH3",-0.472854252599304,0.557448818547144,0.0957474941091355,0.998419475690512,-0.0704697368144152,-0.173620192055019,0.0266895058974272,0.200309697952447
"1638","XRCC6",-0.452125385016301,0.0342673814157764,-0.0370983037025799,0.998419475690512,0.172391741228739,0.0687561436116632,0.269039700452847,0.200283556841183
"1639","CXCL10",4.95298612240541,4.7863948693533e-05,1.09522712685547,0.116937557475225,0.749581874978431,0.547305494924871,0.747553298262462,0.200247803337591
"1640","PCLAF",-0.384098042969368,0.614494001164434,0.155530458318149,0.843121181677977,0.0292196495625086,0.188577493498489,-0.011661475567957,-0.200238969066446
"1641","NEIL1",-0.692719509717472,0.142368442047554,0.191879419480891,0.998419475690512,0.00826797121789342,0.199762534218681,-0.000472062473345782,-0.200234596692027
"1642","IL32",1.10736101232294,0.0270263736345949,-0.0278397741262957,0.998419475690512,0.0846574893790331,-0.0320307841406871,0.168188978105023,0.20021976224571
"1643","TSG101",0.254077784384182,0.571979089285701,-0.282635974342274,0.998419475690512,-0.193872505276876,-0.334257729044652,-0.134047087914423,0.200210641130229
"1644","DNALI1",-0.930475021736935,0.187565408310254,-0.469603265541274,0.564806481971385,0.416001638339466,0.510985636729445,0.311104682521626,-0.199880954207819
"1645","C12orf76",0.648036223430058,0.190511886730037,0.0484104614640796,0.998419475690512,0.0575646228950823,-0.0567031835712593,0.142950026718998,0.199653210290258
"1646","B3GAT3",0.503582987557563,0.150113568722808,-0.0307636917773032,0.998419475690512,0.00042635267552034,-0.115134425462338,0.08430710735765,0.199441532819988
"1647","TFIP11",0.183142281824666,0.470888397253622,0.0480496973784186,0.998419475690512,-0.0218731606196568,-0.167018749846528,0.032393330984682,0.19941208083121
"1648","GOT1",-0.448484623369959,0.352167372592525,0.0391450751956677,0.998419475690512,0.0518378857081216,0.207460659258124,0.00807595911854245,-0.199384700139582
"1649","ID2",0.121834987041861,0.814518480141607,0.0811574360083,0.998419475690512,-0.0688533853640134,0.0582301959900252,-0.141109238885671,-0.199339434875697
"1650","CAPN3",0.316055605644641,0.466956125338668,0.293035220893803,0.315128655592298,0.104448183314612,0.199252485013698,-8.23927459763087e-05,-0.199334877759674
"1651","CA13",-0.378369253387593,0.452617251859266,-0.0604300851497397,0.998419475690512,-0.214220408704601,-0.365100029273744,-0.165871603202406,0.199228426071338
"1652","CCDC134",0.212795861104129,0.667522269024613,-0.095513548076203,0.998419475690512,0.0563415619532922,0.199472591176266,0.000442739593148285,-0.199029851583118
"1653","FAM221A",-0.755196403273438,0.0328613817326286,0.184363302555277,0.998419475690512,0.154068672821952,0.362007064237624,0.163010354029824,-0.1989967102078
"1654","MAPK9",-0.263322716719622,0.558865335886121,0.0986087142760109,0.998419475690512,-0.111304200973118,0.0352315606872514,-0.163679164787745,-0.198910725474997
"1655","SLC41A2",-0.405312381372915,0.329917477099894,0.0537382287952796,0.998419475690512,0.0397235772559339,-0.0925649680372717,0.106334554729225,0.198899522766496
"1656","TIGAR",-0.372658233756374,0.452617251859266,0.0139360148368564,0.998419475690512,0.223119470339349,0.367611664546664,0.168796349028426,-0.198815315518238
"1657","LOXL2",0.13820123608187,0.901991968599379,0.0564845488409064,0.998419475690512,-0.208138345475251,-0.344518501807082,-0.145856037467759,0.198662464339323
"1658","TXNDC5",-0.685673756998089,0.0556656950077051,0.41329195214883,0.783305794909646,0.0380760102527658,0.240028097672893,0.0416095805350138,-0.198418517137879
"1659","NAPB",0.0685928868382202,0.915039192255404,0.0247201901708601,0.998419475690512,0.0249901480574519,-0.12076227492818,0.0774481503069169,0.198210425235097
"1660","POLR2J2",0.157586775105978,0.836986359494,0.181664449127676,0.998419475690512,-0.0823914935699082,0.0507964110445562,-0.147316051331405,-0.198112462375961
"1661","GSKIP",0.666701697132954,0.0377968698811525,-0.0213839519771104,0.998419475690512,-0.0281413148787494,-0.160646105666805,0.0374168865239478,0.198062992190753
"1662","ADAM8",0.312107155566445,0.520992718054653,0.0185131473687034,0.998419475690512,0.206948279678312,0.327076138717743,0.129035308257719,-0.198040830460024
"1663","NEURL4",-0.0946525550797771,0.889051833580468,0.128845054794779,0.853216168095328,-0.0731387522039999,-0.169886850771335,0.0278442369074085,0.197731087678743
"1664","VBP1",0.231435839098808,0.593431327190665,-0.00964779622709837,0.998419475690512,0.0400377610000478,0.163308674110877,-0.0342620449464929,-0.19757071905737
"1665","NDUFB8",-0.539983122722133,0.0979117339877436,-0.0168803775120503,0.998419475690512,-0.0087666193806447,-0.159178982549148,0.0383157510985254,0.197494733647673
"1666","ME2",0.0543176674935769,0.865992476029525,0.439788309097437,0.998419475690512,0.0735135607205802,0.215931892388588,0.0184941908129681,-0.19743770157562
"1667","JPT2",-0.93300789694892,0.0167186592276395,-0.081447496255902,0.998419475690512,0.301770545657024,0.399660090026213,0.202317746054257,-0.197342343971956
"1668","C14orf93",0.418293077082466,0.409899450904548,0.285310322386819,0.791573009435334,-0.0641695167872174,-0.223753141244076,-0.0264219301015728,0.197331211142503
"1669","DNAJC15",-0.1270928750788,0.827916916474705,-0.0279620437651501,0.998419475690512,-0.250198600809414,-0.111667321700224,-0.308977732223642,-0.197310410523418
"1670","HNRNPK",0.20212659263365,0.322056735439069,0.207486278915049,0.998419475690512,0.0316347756733655,-0.117951133405856,0.0791003236869465,0.197051457092802
"1671","CHN1",-0.315551469739344,0.645911040383848,-0.0629351180180063,0.998419475690512,0.0114141790403054,-0.142619333402414,0.0543911111308447,0.197010444533259
"1672","DYNLRB2",-1.53827089134722,0.0317107693514945,-0.0244586832092218,0.998419475690512,-0.24238846537384,-0.420933135128739,-0.223935581448489,0.19699755368025
"1673","CUTC",-0.0763859586356819,0.879600880350311,0.0797458229851689,0.998419475690512,0.0516786538165443,-0.0550623219723098,0.141826413099108,0.196888735071417
"1674","FGFR1",-0.884859060634349,0.128004735842293,0.253792127582429,0.998419475690512,-0.0205603580381966,-0.114995594088658,0.0818485106698497,0.196844104758508
"1675","HSPA9",-0.205971207255011,0.482983610238902,0.19050365572438,0.994739550495444,0.0491464730546017,0.196039900057371,-0.000744359910565754,-0.196784259967936
"1676","SF1",-0.108603655569127,0.681367020140401,0.106133625934136,0.998419475690512,0.0017752336487159,-0.132146860716847,0.0644742432209859,0.196621103937833
"1677","CYTH3",-0.209683229714804,0.743120593015718,-0.334933906344582,0.769882739653768,-0.0169313039190453,0.0682425575052423,-0.12825541357766,-0.196497971082902
"1678","A2M",-0.868723795772643,0.0879846113459771,0.470399784530217,0.857501682187315,-0.281261583308334,-0.105192514059656,-0.301680571860118,-0.196488057800462
"1679","MOB1B",-0.156120501327758,0.692899915563177,0.236106762332801,0.998419475690512,-0.0882514333764933,0.072612510502198,-0.123860566688119,-0.196473077190317
"1680","LIMK1",-0.0643682241146217,0.886188188808891,-0.118403798295363,0.998419475690512,0.10669430774826,0.227853450204221,0.0314073839496448,-0.196446066254576
"1681","GMPR",0.539877424835312,0.431631259693979,-0.121060193038326,0.998419475690512,0.10772259772629,0.00627624071155345,0.202546695399659,0.196270454688106
"1682","GLIPR2",0.101612784325674,0.75950174229138,0.321048247189771,0.998419475690512,0.193235835291189,0.0540803324593089,0.250298111267801,0.196217778808492
"1683","GPT2",-0.135548667432252,0.853204360422924,-0.0534954299894508,0.994739550495444,-0.00279066618354548,-0.157576901869137,0.0385247674970338,0.196101669366171
"1684","CA12",-0.37047174377787,0.631048998643339,-0.0507392770003844,0.998419475690512,0.269958173420701,0.122084062367603,0.318185295105728,0.196101232738125
"1685","OLA1",-0.201951857929476,0.563865017123348,0.283424610866948,0.998419475690512,-0.163517789918516,-0.0137673487328556,-0.209853703235359,-0.196086354502503
"1686","CDK16",-0.135004027495724,0.66847108823173,0.0780021221450946,0.998419475690512,-0.26685602060069,-0.130494323211487,-0.326465434105871,-0.195971110894384
"1687","HEXIM2",-0.146551976729771,0.825180337968732,-0.084576089633389,0.942156010382713,0.159118600671997,0.0247877464151516,0.220739923821515,0.195952177406364
"1688","FAM204A",-0.0126857117519781,0.983562177881502,-0.0501552766209435,0.998419475690512,-0.00133922518840049,0.112856343674103,-0.0829757932547737,-0.195832136928876
"1689","HNRNPF",0.38988927755018,0.0524090461964956,0.383797674126578,0.994306542239506,0.0195657313682435,-0.165793680788922,0.0298406660057008,0.195634346794623
"1690","KCTD3",-0.811535882900204,0.0910232468433545,-0.0301389099287508,0.998419475690512,0.14204887958688,-0.00992689489106176,0.185641793581115,0.195568688472177
"1691","PARP11",0.835853583083518,0.0243305756098189,0.0107221945438562,0.998419475690512,0.0453146840763863,-0.103075982917013,0.0923363110953243,0.195412294012337
"1692","NIF3L1",-0.500641537850764,0.357019150800712,0.235015864999891,0.998419475690512,0.0222694067241861,-0.0923851092145855,0.102975310530708,0.195360419745294
"1693","YWHAZ",0.0971868009526771,0.753999620428479,0.293753312954388,0.998419475690512,0.0312945846718459,-0.105881206371631,0.0894680959581878,0.195349302329819
"1694","HMGB2",0.566604734278391,0.105453717048422,-0.0566078405489002,0.998419475690512,0.0235286287192303,0.156296862216284,-0.038904894322353,-0.195201756538637
"1695","ARMC10",-0.38073037023039,0.396884804667179,-0.0735218239965088,0.998419475690512,0.217074333704267,0.0751306328855717,0.270308690920832,0.195178058035261
"1696","SERAC1",-0.033561472438275,0.940497664818938,0.0215122883095336,0.998419475690512,0.129261418450777,-0.0162565982210901,0.178780947608168,0.195037545829258
"1697","MYL12B",0.23763203008901,0.41864907519049,-0.103921587639234,0.998419475690512,0.00528406192268242,-0.133145541063965,0.0618625811003484,0.195008122164313
"1698","EBP",-0.381514630716337,0.55834577251522,-0.0259338008359865,0.998419475690512,0.0848042925884176,0.223627574996219,0.0286484248214871,-0.194979150174732
"1699","EZH2",0.669274132921959,0.11866460012093,0.122842961668033,0.994306542239506,0.116372876448767,0.237776082026026,0.0428362877813609,-0.194939794244665
"1700","ANGPTL4",-0.218077476371599,0.827356538383147,0.184655251342002,0.906266089138714,-0.00961008689418253,0.144738918836286,-0.0501823474529914,-0.194921266289277
"1701","PHOSPHO1",-0.14563026492952,0.878709261320309,-0.225933615881085,0.157540953330499,0.346414625161858,0.440464307940097,0.24555304454285,-0.194911263397248
"1702","NAB1",0.257778138304648,0.4014960422065,0.0389851433595931,0.998419475690512,-0.179708022626781,-0.330773380183606,-0.135929778846148,0.194843601337458
"1703","ST13",-0.264417509765359,0.329595172184846,-0.016047448235707,0.998419475690512,0.0415723229669996,0.185662274456882,-0.00902700925453971,-0.194689283711422
"1704","USP30",-0.113209615911214,0.86424669192048,0.0672084679123556,0.998419475690512,-0.242794772481559,-0.104337965238497,-0.298916953461366,-0.194578988222869
"1705","WDR5",-0.268326661931159,0.540798875358593,0.485113834149426,0.726670319561975,-0.148473320780993,0.0155889009637513,-0.178842482555769,-0.19443138351952
"1706","SSR2",0.00232966565160008,0.996946574007944,0.0184526189096898,0.998419475690512,0.0537710627822815,-0.0876462332783124,0.106740124179862,0.194386357458174
"1707","CISD2",-0.400148285703005,0.302730306049578,0.194785678490108,0.607074645286811,-0.21329335479424,-0.0428023112883829,-0.237088030023607,-0.194285718735224
"1708","USP3",0.254678435929786,0.455284052969801,0.120903355889423,0.998419475690512,0.265340163871498,0.142421849386641,0.336623983246314,0.194202133859672
"1709","HBB",-0.464479213891473,0.780478521021467,-1.03851465475666,0.391978515377954,0.437592088488862,0.528368063671639,0.334269668589333,-0.194098395082306
"1710","EEA1",-0.0384186821150082,0.923174340795582,0.0150091877259617,0.998419475690512,0.148952924335703,0.0173180688931147,0.211414043380576,0.194095974487462
"1711","DCUN1D3",0.579188329295899,0.0294212731267057,0.00754226646275778,0.998419475690512,-0.252052964354475,-0.157654245396302,-0.35174003413454,-0.194085788738238
"1712","COMMD6",0.288740581484231,0.631142376121841,-0.00481700980284466,0.998419475690512,0.00404756494160341,-0.125761509443055,0.0681438264395588,0.193905335882613
"1713","VPS25",-0.0575902990304203,0.91090322974861,-0.23961033142535,0.998419475690512,0.0813405518983049,0.220653691909862,0.026824696283521,-0.193828995626341
"1714","GALNT10",0.459604673567661,0.182930268656789,-0.0131921843828054,0.998419475690512,0.0167241051852425,-0.0988074913790008,0.0948642494243175,0.193671740803318
"1715","UGDH",-0.603881210885288,0.0603631411633317,-0.00687115574908117,0.998419475690512,-0.0589059551990561,0.066723466039809,-0.126658358835341,-0.19338182487515
"1716","KDM8",0.0518525687283666,0.950143820927288,0.100290954394231,0.998419475690512,0.00171841251175206,0.151000593479087,-0.0419316553768624,-0.192932248855949
"1717","UBE2C",0.224999812405336,0.762156830166461,-0.040024244235632,0.998419475690512,0.0879321825964742,0.217199725055183,0.0243543001677831,-0.1928454248874
"1718","BPIFB1",0.213851977920546,0.832330802278172,0.248986007878011,0.998419475690512,0.0612715452391428,-0.0751910937859996,0.117587349798388,0.192778443584388
"1719","PDK1",0.153026584128086,0.764306069977592,-0.019283368765401,0.998419475690512,-0.218553986169491,-0.347102130544505,-0.154433331568486,0.192668798976019
"1720","GLRX5",-0.157719688263893,0.83188009344693,-0.0122991575797809,0.998419475690512,-0.0797427277209322,0.0388394950865598,-0.153705228582479,-0.192544723669038
"1721","IL3RA",0.798102390187343,0.061551336859756,0.101989505650061,0.885933373593249,0.276955386180263,0.393919563479813,0.201480053174669,-0.192439510305144
"1722","PURA",-0.378000900931208,0.355919165261965,-0.0170920420609187,0.998419475690512,0.106397543930467,0.213047548733383,0.0206887377374438,-0.192358810995939
"1723","LAT",0.431770269374055,0.232510897902476,0.0587126652979732,0.998419475690512,0.17355842428554,0.0420092858201058,0.234352422261112,0.192343136441006
"1724","MORF4L1",0.0290564213238033,0.919333355796337,-0.0736161383676222,0.998419475690512,-0.0790978190210348,-0.20964310078715,-0.01739499857036,0.19224810221679
"1725","TMEM132A",0.168440779272645,0.745464710272653,0.115937740497087,0.998419475690512,-0.0537020853246318,-0.187440906686708,0.00473546878719533,0.192176375473903
"1726","DTYMK",-0.251451227509383,0.709485084617743,-0.102980531118796,0.998419475690512,0.156518383637183,0.268411289593206,0.0763056403626036,-0.192105649230603
"1727","CAMK4",1.32255576455703,0.0435782051813645,0.0336541278488912,0.998419475690512,-8.38303769696432e-05,0.12842039787813,-0.0635311599778382,-0.191951557855968
"1728","CCL23",-0.536836024535809,0.544827649678657,-0.194859448622154,0.844219646885179,0.390191669314852,0.500245213089526,0.308365343823552,-0.191879869265974
"1729","IL1R1",-0.0214718476394976,0.978169010296224,-0.431409022210664,0.635259964953991,-0.199547139532006,-0.331417747348636,-0.140037616930227,0.191380130418409
"1730","PLEKHM2",0.139460859345683,0.734556172955541,0.0158741352346906,0.998419475690512,-0.238674205190467,-0.385564787340564,-0.194249219890676,0.191315567449889
"1731","RCAN3",-0.318633481879273,0.447191128062879,0.214147492077608,0.849533369989811,0.0154239058298187,-0.0957681049903389,0.0954714162074396,0.191239521197779
"1732","HDGFL2",-0.0698096425635844,0.881854103383645,-0.114013877056494,0.998419475690512,0.206471708758157,0.320903745550204,0.129763077199929,-0.191140668350275
"1733","WNT5A",0.335878258223033,0.63283182594022,-0.0422542026756646,0.998419475690512,-0.0721749808860279,-0.172382410176956,0.0185929194810689,0.190975329658025
"1734","SNAP29",0.209801839796526,0.573810565595335,-0.0287425550803015,0.998419475690512,0.12914302387619,0.04347549925234,0.234386346105986,0.190910846853646
"1735","EEF1D",0.0897244679573033,0.787695416289409,0.412089560042355,0.906608492274627,0.125190580415391,-0.00986669555170246,0.18104055562587,0.190907251177573
"1736","SH3BP5",-0.465956480306986,0.236331160188582,-0.121594871512532,0.998419475690512,0.0255729770637197,-0.123358759991111,0.0672869188071489,0.19064567879826
"1737","POLR2F",-0.129649755527528,0.788070170283079,-0.0190406579627434,0.998419475690512,-0.00704038956118009,-0.133305392662729,0.0571930971044969,0.190498489767226
"1738","MYORG",-0.429833975653414,0.384527260253272,-0.0264543483098228,0.998419475690512,-0.0419519995769366,-0.178790186795649,0.0117047447979056,0.190494931593554
"1739","BICDL1",0.477070060546569,0.287232357510207,-0.0158663418708027,0.998419475690512,-0.0412051716624483,-0.163180678062198,0.0272885649925864,0.190469243054784
"1740","FANCL",-0.235051326290719,0.523044131788576,-0.147911574942377,0.967173265821445,0.121137269921901,0.195289715503803,0.00483941168132208,-0.190450303822481
"1741","MZT2A",0.105198224314331,0.886801289036878,0.0228039795170891,0.998419475690512,0.0617867706834696,-0.0739615152170701,0.116330977228763,0.190292492445833
"1742","ANP32B",-0.170536949189316,0.607346428336605,0.0699851672356208,0.998419475690512,0.0739492075345217,0.216093991084078,0.0258671536221508,-0.190226837461927
"1743","ADSL",-0.262848504233928,0.503903424718798,-0.0596038839597608,0.998419475690512,-0.0134389925651391,0.106614587911942,-0.0835125696039117,-0.190127157515853
"1744","RETREG1",-0.415051258693666,0.355506423724914,-0.00749616262494039,0.998419475690512,0.0682024121380025,-0.0640853221197199,0.125621132618409,0.189706454738129
"1745","USP14",-0.0710725400708496,0.861206373836592,0.388588830384771,0.998419475690512,-0.133211115170359,0.0114804384464954,-0.178213607924636,-0.189694046371131
"1746","ADPGK",0.21372891613344,0.474083460473031,-0.0510088736211019,0.998419475690512,0.0752606784753581,0.245807347553031,0.0562009725127662,-0.189606375040265
"1747","GDA",-0.109404776364879,0.8647038041121,0.087948669859394,0.998419475690512,-0.137098215041089,-0.00974873480565716,-0.199181946735024,-0.189433211929367
"1748","STX2",-0.357841142602957,0.397335324414559,-0.607399957852556,0.0562453814738167,0.158771426455541,0.210922650286025,0.0217162275400482,-0.189206422745977
"1749","SELENOW",-0.17881951002701,0.720379068199261,-0.307911567316035,0.791573009435334,0.155665177025074,0.255780171422287,0.0666782195078457,-0.189101951914441
"1750","LASP1",0.168978767218415,0.521157149352728,0.158738393753588,0.998419475690512,-0.0545818004343469,0.0585535154593977,-0.130404857735663,-0.18895837319506
"1751","CD59",-0.027923593514796,0.953617465039552,-0.309695856839303,0.0474857612868855,0.228473768850483,0.320762296504906,0.131965842762031,-0.188796453742876
"1752","BAG3",-0.779465594726855,0.041076774227301,0.0144946434054612,0.998419475690512,0.117877086372999,0.254167278450329,0.0655931929492665,-0.188574085501062
"1753","BLOC1S5",-0.295683064331673,0.597077849215471,0.032500670338064,0.998419475690512,0.0792436794999008,-0.0508762166080446,0.137654977117153,0.188531193725197
"1754","HAX1",0.0286151693237058,0.945401130518552,-0.0196484977419486,0.998419475690512,0.062282979421094,-0.064639908536645,0.123837165606516,0.188477074143161
"1755","PSMG3",-0.264508797362308,0.589597743208147,-0.119809618238886,0.994739550495444,-0.0240864745222508,0.0877764206484049,-0.1006627450092,-0.188439165657605
"1756","SPINK9",-0.369013520877925,0.761651257014385,-0.0189304644064815,0.998419475690512,0.0123259108356487,-0.115090825663372,0.0733132608745128,0.188404086537885
"1757","NQO1",-0.633445120429649,0.254212749507491,0.547593814435824,0.998419475690512,0.164303155662635,0.311392413083776,0.123028289386737,-0.188364123697038
"1758","PTPN13",-0.502415746340669,0.403168976097305,0.0317710172501899,0.998419475690512,-0.0829127360214083,0.0723943273733756,-0.11596840651727,-0.188362733890646
"1759","PECAM1",-0.393699721642457,0.398413152461288,0.132131906293611,0.980756007265894,-0.0689402120869954,0.07830210489871,-0.109796553779063,-0.188098658677773
"1760","NR1D1",0.0423658548840428,0.947744368625609,-0.0361020981720921,0.998419475690512,0.252043870301731,0.383107151140715,0.195023654393592,-0.188083496747123
"1761","U2AF2",-0.0748663777951498,0.85904104116933,0.0270174126396446,0.998419475690512,-0.0766134793045796,-0.18413765787437,0.00370416384704791,0.187841821721418
"1762","RWDD4",-0.417245946710652,0.152269053483533,-0.0957034216010277,0.998419475690512,0.145679427546406,0.27390427171145,0.086188399450386,-0.187715872261064
"1763","UBC",0.269493363307516,0.360859109918475,0.020999316480101,0.998419475690512,-0.0985447409116024,0.000188656280606666,-0.187475176733596,-0.187663833014202
"1764","PTGS2",-0.284410893166456,0.781423349773849,-0.047963136653261,0.998419475690512,-0.0390860808708677,0.0858242383953361,-0.101838559266633,-0.18766279766197
"1765","MAP2K1",-0.082877854120546,0.838119147733158,-0.158071723540132,0.998419475690512,-0.0508977171245863,-0.18168324116175,0.00595627379139162,0.187639514953141
"1766","CKS1B",0.0666891254891039,0.93066446992845,-0.00879597714411593,0.998419475690512,0.0767099715208364,0.207255985406079,0.0196699137012068,-0.187586071704872
"1767","CD4",-0.281668072353364,0.43383682791128,0.0400888282626674,0.998419475690512,-0.084002874358926,0.0413753353465846,-0.146007840111997,-0.187383175458582
"1768","TRAF1",0.854713257566449,0.163578935540353,0.125257000398041,0.998419475690512,0.0415737828658975,-0.0897533793352337,0.0976246213925957,0.187378000727829
"1769","ABHD5",-0.262234017917617,0.511414401569523,0.225444620760074,0.998419475690512,-0.0928914306763762,-0.220067057261011,-0.0328809533031662,0.187186103957845
"1770","LRRTM4",-0.25978712928779,0.792515295773649,0.0101358785037474,0.998419475690512,0.0428567611877923,0.148082538117375,-0.0390758160298211,-0.187158354147196
"1771","SPAST",0.114929774250649,0.751020421264759,-0.148082244648551,0.712538158465916,0.127433707060903,0.274727591588084,0.0876124297992892,-0.187115161788795
"1772","TMED4",-0.138933791730294,0.478062761164977,-0.000464279653300849,0.998805706404385,-0.127204586228159,-0.239631717781411,-0.0525470457431534,0.187084672038257
"1773","CCL2",0.863008223701043,0.240697803267138,0.450962402379633,0.563302112064896,0.495805032395814,0.603675153147708,0.416816394801326,-0.186858758346382
"1774","CDK5RAP3",-0.0887661151448135,0.793935832373454,0.240549069169525,0.963204148073108,-0.0434950354292207,0.0920066836980617,-0.0947752584094719,-0.186781942107534
"1775","GM2A",-0.18965478298134,0.636764321012516,-0.116318656644385,0.998419475690512,0.289474541641961,0.389874328311236,0.203157714858513,-0.186716613452723
"1776","SORT1",0.243289388979422,0.384982332232089,-0.0538484930586649,0.998419475690512,-0.0952886698468649,-0.217582373310994,-0.031199327587804,0.18638304572319
"1777","INPP5B",-0.311218087227534,0.405334201374143,0.211158889921636,0.998419475690512,-0.125871261293028,0.0104000427066592,-0.175832336791775,-0.186232379498435
"1778","RPS6KB2",0.194450655471522,0.585039025123553,0.000521923334416581,0.998419475690512,-0.0820410145057749,-0.191842779108907,-0.00563475284419278,0.186208026264714
"1779","MMP19",-0.668349474616517,0.109706080226003,-0.129583884240316,0.998419475690512,0.0956442587177299,-0.0421936782722811,0.143911193829156,0.186104872101437
"1780","RGS16",0.0659329527698601,0.93159978511032,-0.0508016793499753,0.998419475690512,-0.0191785656013191,-0.14044476948992,0.0456330718313411,0.186077841321261
"1781","IGFBP4",-0.04480552880688,0.956192914884761,0.211116417026989,0.998419475690512,0.319771452146873,0.184807318286116,0.370770108313553,0.185962790027436
"1782","CEP41",-0.374166297773034,0.549565365233434,-0.516048422456421,0.701710563667726,0.238474199705994,0.311907423260655,0.126365284678464,-0.185542138582191
"1783","PPP2R1A",-0.0877380118765958,0.808905508549433,0.149590254726561,0.998419475690512,-0.197569366942642,-0.0886200152917637,-0.274027227325176,-0.185407212033412
"1784","ZFAND1",-0.104819504124082,0.884804527935266,-0.10885712286516,0.998419475690512,-0.0946416103174534,-0.227939822748545,-0.0426129689285089,0.185326853820036
"1785","EPHB1",0.0201326798659095,0.986028432226167,-0.0810000058372123,0.966961547562754,0.106285668344802,-0.0351562360856297,0.150078267647104,0.185234503732734
"1786","NR3C1",0.113226875183903,0.764306069977592,0.0166550584302094,0.998419475690512,0.0332735472749432,0.160238011344394,-0.0249749180155312,-0.185212929359925
"1787","GPHN",-0.194654162209152,0.801119524001325,0.153866243452943,0.998419475690512,-0.0246627412184842,0.118046160162147,-0.0670411516641093,-0.185087311826256
"1788","EXOG",-0.210965495132395,0.753838029791148,0.171228184595506,0.998419475690512,0.0968662618684698,0.233905601861863,0.0491110840960732,-0.184794517765789
"1789","ZNF276",0.424965556303769,0.211232598093358,0.0835190604407724,0.998419475690512,-0.113576761209851,-0.0023658315559921,-0.187096664509333,-0.18473083295334
"1790","PGLYRP1",0.811473566163192,0.322476897003724,0.133325952141691,0.998419475690512,0.150254876638387,-0.00203962450388931,0.182618202135141,0.184657826639031
"1791","TNFRSF1A",0.0953988017574421,0.836523841357798,0.166320717730639,0.994739550495444,0.168807450492575,0.290968044115611,0.106490702415182,-0.184477341700429
"1792","VIM",-0.177583339179045,0.690197172937354,0.36353467658392,0.994739550495444,0.104049494694595,0.221626873423291,0.0372263678471657,-0.184400505576125
"1793","INIP",-0.358386663547474,0.383468886371174,0.0244950220158257,0.998419475690512,0.146495504978853,0.27318382725321,0.088913282961631,-0.184270544291579
"1794","IDE",-0.228281339462683,0.589687674556304,0.531520774151195,0.71955774706989,0.101733614173396,-0.00459207102860474,0.179662201445511,0.184254272474116
"1795","FIBP",0.287086599859409,0.30860837001785,0.045962765147566,0.998419475690512,0.0836593304303552,-0.0329979064683692,0.15118756726799,0.18418547373636
"1796","CPOX",0.0362100258142826,0.958020514837932,-0.017215386160912,0.998419475690512,-0.0851029682161447,0.0261197682771802,-0.158060030969077,-0.184179799246257
"1797","NCF1",1.17212139532962,0.000440464977467017,0.255056890529966,0.998419475690512,0.0774841016746234,0.172041258540647,-0.0120269535629677,-0.184068212103615
"1798","SBDS",0.0456965362507735,0.933034716882786,-0.0488397177528048,0.998419475690512,0.0382587220302841,0.169149468505121,-0.0148917404073127,-0.184041208912434
"1799","STX7",0.155544908095305,0.695332915107259,0.029120381714098,0.998419475690512,0.0185414581342979,0.139963003173408,-0.0438812251025033,-0.183844228275912
"1800","UBL5",0.316640600567364,0.201085118200285,0.0799889458277535,0.998419475690512,0.118404483426931,-0.0233158655673944,0.160375596704406,0.1836914622718
"1801","CUEDC1",-0.275412312305808,0.50958401721363,-0.230136966684737,0.50944034495368,0.217963864663258,0.0907037484104534,0.274355568875052,0.183651820464598
"1802","CSTB",-0.173967171151362,0.697067778251725,-0.256109186826336,0.990090615049715,0.0910795457342289,0.185265013887245,0.00169634096371747,-0.183568672923527
"1803","CYTIP",-0.269805825914364,0.605233720174182,-0.0707906550313232,0.998419475690512,0.202971717234728,0.327878304780373,0.144439633393221,-0.183438671387153
"1804","UAP1",-0.605005230022569,0.0846399152445318,-0.346937065528431,0.69265497861691,0.228610209150793,0.328479729646764,0.145061469052387,-0.183418260594377
"1805","DOT1L",-0.118814923950687,0.80618419033353,-0.0380675669474565,0.998419475690512,0.166943075102901,0.298533893776215,0.115153258159386,-0.183380635616829
"1806","LCORL",0.198104241753248,0.665558667780999,-0.00415645520754562,0.998419475690512,0.0136498284399718,-0.125212424933305,0.0580761376108113,0.183288562544116
"1807","PXYLP1",0.183743770252619,0.808607611128,-0.00481127943471206,0.998419475690512,0.0384934251205363,0.158214417580878,-0.0248124988859318,-0.18302691646681
"1808","ANAPC10",-0.498562281672515,0.315051668479325,0.12472511799451,0.638969005215889,-0.247247280473776,-0.350848403328482,-0.167837937361496,0.183010465966986
"1809","GPR107",0.115523358496076,0.799642532698433,-0.190248219495465,0.82154707401671,-0.0239252180246821,0.139423261369392,-0.0435786404732127,-0.183001901842605
"1810","UBE2G2",-0.324868671418027,0.30860837001785,0.0487061103819755,0.998419475690512,-0.116905298539801,0.0407100608980722,-0.142209044315414,-0.182919105213486
"1811","ZFAND3",-0.0647476585023953,0.886188188808891,0.06374678192342,0.998419475690512,0.0318722910200337,0.175008712899714,-0.00753572317195078,-0.182544436071665
"1812","KDM1A",-0.793754415621054,0.000386829829317592,0.172511019401266,0.998419475690512,-0.132663146464943,-0.160642073778269,0.0217922138260298,0.182434287604299
"1813","KIF3B",-0.0633765991808996,0.866900464691326,-0.0819661915289896,0.998419475690512,0.0234637491211082,-0.120079669162541,0.0620763926499645,0.182156061812505
"1814","BTN3A2",0.387289461598459,0.328850694790784,-0.134798624418126,0.998419475690512,0.00495522148218472,-0.112125112672502,0.0699972329856558,0.182122345658158
"1815","MMP17",0.22033809870441,0.798385079515075,0.173269241375235,0.928775506569602,-0.0299643425490751,-0.1402550912313,0.0418214768508672,0.182076568082167
"1816","C5",0.0632975792590831,0.956506932519683,0.723927286657979,0.375509918535515,-0.176698661322432,-0.0465302769060105,-0.228566060691751,-0.182035783785741
"1817","DCPS",-0.299022282584835,0.314005567685037,0.414482948478567,0.791573009435334,0.00599736118633068,0.197359030561528,0.015325952224024,-0.182033078337504
"1818","AKT2",0.260405674840817,0.17260114073087,-0.0234620051943585,0.998419475690512,0.0258269333073108,0.133410782582056,-0.0485926438847862,-0.182003426466842
"1819","OPHN1",-0.392876608802981,0.447835163225855,0.143844750686461,0.998419475690512,0.197913020121939,0.345140082609287,0.163194601828877,-0.18194548078041
"1820","USP12",0.0352277671215759,0.945539540376569,-0.103058716130911,0.998419475690512,0.0100507515243742,-0.102714009235617,0.0792197331014088,0.181933742337025
"1821","C2CD2L",-0.679094490002,0.0166841010013829,-0.0627329138505289,0.998419475690512,0.147468857872352,-0.00035859458391318,0.181524542877917,0.18188313746183
"1822","PRSS22",0.367056199980923,0.675000034313735,0.19425113855155,0.998419475690512,-0.0236207253753931,0.104551837522386,-0.0770184199742214,-0.181570257496608
"1823","RNASE10",-0.394289813138157,0.674264984788106,0.113966638336488,0.791573009435334,0.0961239258780475,0.258631955390382,0.07734846183398,-0.181283493556402
"1824","COX6C",-0.243744145130438,0.551384955941424,-0.00566796304773351,0.998419475690512,0.00992214253632671,-0.109636467690099,0.0715073349152268,0.181143802605325
"1825","NREP",0.228931281076642,0.723419678424073,-0.0963916280395303,0.998419475690512,-0.0552194258349205,-0.163356407414076,0.0177110769593284,0.181067484373405
"1826","NCK1",-0.120104423214974,0.714502903816319,-0.0970728124047272,0.998419475690512,0.0857880142326117,0.197919909833327,0.0168872246523624,-0.181032685180965
"1827","LRFN1",0.384384243043493,0.413699496651004,-0.00236918218963267,0.998419475690512,0.031433548433589,0.163031332328737,-0.0178001675268316,-0.180831499855569
"1828","IGF2R",-0.0181864187108213,0.970825036190259,0.281719508334448,0.595628154734049,-0.00845941758063241,-0.130728478958942,0.0499839285678852,0.180712407526827
"1829","PAGR1",0.308277132211999,0.360986269414206,-0.339376693648547,0.68854481936714,-0.0538660037221878,0.0771209318313765,-0.103552157480496,-0.180673089311872
"1830","APOL2",1.19453459974788,0.000696810627905532,0.430571949349976,0.758574538323347,0.202913547336875,-0.0040151627456456,0.176583368072811,0.180598530818457
"1831","STAU2",0.136633086394356,0.786815661568604,-0.0115163667103547,0.998419475690512,0.0489930495087712,0.16736120235793,-0.0132207715877544,-0.180581973945685
"1832","RGS18",0.301166088131339,0.637329052696483,-0.0809014688081016,0.998419475690512,0.0438354981423571,0.1817718179149,0.00127225669932529,-0.180499561215574
"1833","DOCK9",-0.545144612904836,0.300877961030179,-0.00774522620124471,0.998419475690512,0.102060565758662,-0.0176646514377726,0.162825890305869,0.180490541743642
"1834","RAB2B",0.108870322745166,0.798783824184687,0.0147793554415143,0.998419475690512,0.0603779565524421,-0.0875138444925889,0.0927792912955958,0.180293135788185
"1835","SLAMF1",1.31454578123775,0.0365532865820859,-0.0652178117645683,0.994306542239506,0.125235305643689,0.308101570277571,0.127824946508274,-0.180276623769297
"1836","UXS1",0.264489828195928,0.417911331012854,0.00522677019574332,0.998419475690512,-0.0497544954296077,0.0846622074821059,-0.0956048997707238,-0.18026710725283
"1837","PTK2B",-0.0471074662732285,0.94013087356481,-0.0150831064697097,0.998419475690512,-0.105831240249018,-0.235065935807107,-0.05502726283367,0.180038672973437
"1838","AGR3",-0.248716473742529,0.836986359494,-0.461001202155569,0.784055424558337,0.422409980054534,0.530777831173226,0.350742278960888,-0.180035552212338
"1839","OLFM4",1.22893214746458,0.0846931054430475,0.335612143995289,0.998419475690512,0.00211514825947614,-0.178656535363277,0.00130907999478151,0.179965615358058
"1840","CCL18",-1.06051532631852,0.0846399152445318,-0.41145157507591,0.907735285521924,0.446241085672902,0.533976632598761,0.354190579106441,-0.17978605349232
"1841","PSME3",-0.037201261315137,0.904909817494062,-0.142112338783956,0.998419475690512,-0.00307543518448956,0.0859885466489366,-0.0936571141400255,-0.179645660788962
"1842","TPPP3",-1.14673159109037,0.0915758441617986,-0.693952469162457,0.674452248637249,0.39831198428577,0.487777950087442,0.308173218753838,-0.179604731333604
"1843","GMPPA",-0.018812227862519,0.969622548570371,-0.0574662401698191,0.998419475690512,0.0144909904379568,0.134407257950517,-0.0451630163993898,-0.179570274349907
"1844","NETO2",-0.17099829589954,0.795370963599792,-0.0570654794266719,0.998419475690512,0.00737901976432611,0.121600759833748,-0.0577380236477628,-0.17933878348151
"1845","PTPN11",-0.114289658671556,0.709724386711007,0.16076997076107,0.998419475690512,-0.0378784647341882,-0.153038335233094,0.0262776432849703,0.179315978518064
"1846","PTP4A1",0.282018069088929,0.503441208985602,-0.00114602193370909,0.998419475690512,0.141259057425433,0.263151647815332,0.0838647809735681,-0.179286866841764
"1847","SIRT3",0.20641673374079,0.77197337327643,-0.00574655811247445,0.998419475690512,0.0780505000515364,-0.0350510843694293,0.144207288492534,0.179258372861963
"1848","TRMT6",-0.0152144034655058,0.981342243359121,0.264580978377045,0.857501682187315,0.0215733089697803,-0.10834943834268,0.0709020374794322,0.179251475822112
"1849","TATDN1",-0.133505700025544,0.820761555153579,0.219385378343556,0.998419475690512,-0.169292883740233,-0.0410580895001246,-0.220300246521314,-0.179242157021189
"1850","GALNT4",0.706180964456984,0.0583929048295847,-0.137399556221972,0.998419475690512,-0.111370314926145,-0.177148723880827,0.00205393817101929,0.179202662051846
"1851","CD226",0.612976460814033,0.264543418127809,0.044789356995679,0.998419475690512,0.256648512732392,0.370230533148015,0.191184943742071,-0.179045589405944
"1852","CINP",-0.154304788459877,0.698368112291017,0.163510805070819,0.998419475690512,-0.0962246776570093,-0.211510700827314,-0.0327464992498654,0.178764201577449
"1853","KARS1",0.526854898461755,0.0817179053396394,0.376413912375602,0.998419475690512,0.135171987945067,0.234969435429843,0.0562858909291995,-0.178683544500643
"1854","IL2RA",1.29558494515676,0.0218525563415906,0.114565780254429,0.907520138716496,-0.0289457742807082,0.0633566475036309,-0.115182115382825,-0.178538762886456
"1855","GMPS",-0.380284835873527,0.302299258182023,0.586322451129544,0.732688073803575,-0.095563542240884,0.0718646767398437,-0.106659111640166,-0.17852378838001
"1856","YARS1",0.0304625435524313,0.9418757095069,0.533353057606597,0.627742692317579,-0.121901383022613,-0.00655046385135402,-0.185035154213859,-0.178484690362505
"1857","DNAJC1",0.103018060940374,0.845705462860143,0.26328510974917,0.998419475690512,-0.000890355228034317,-0.129999231392287,0.0481842102459466,0.178183441638234
"1858","IKBKG",-0.0413765576280089,0.933712303817798,0.0569390647766824,0.998419475690512,-0.105233315824352,-0.229213086192268,-0.0510832402734796,0.178129845918789
"1859","PLA2G7",0.124332222928227,0.829805515995189,0.141285360587765,0.731090897332187,0.232368259853798,0.349167104276219,0.1710499139332,-0.178117190343019
"1860","ERBB2",-0.76815022890255,0.125041845445792,0.0524584478683533,0.998419475690512,-0.056704688453109,-0.17059247037687,0.0074439312760715,0.178036401652941
"1861","NHLRC3",-0.0553937345346784,0.922132710230817,0.00936411987055998,0.998419475690512,-0.0269309180414674,-0.156048600245552,0.0219705611510211,0.178019161396573
"1862","NUCB2",-0.450955887244796,0.118525986897685,-0.33004930593276,0.782845540003691,0.129234620806812,0.192477631276933,0.014515992671263,-0.17796163860567
"1863","HEXIM1",0.156142728990697,0.694280998406341,0.043367853178308,0.998419475690512,-0.00743248314088584,0.111737904483471,-0.0661381009432183,-0.17787600542669
"1864","C6orf89",0.0313982462353332,0.937804802491905,-0.0409584927738439,0.998419475690512,-0.0238837454822578,-0.154119123766362,0.0235410413818272,0.177660165148189
"1865","TIAL1",0.286552595231778,0.227444118529178,0.193722726277737,0.998419475690512,-0.161116853393325,-0.0533585067626885,-0.230864560970659,-0.177506054207971
"1866","GSK3A",0.122429485477858,0.665961950704973,0.33171025037779,0.899904387831016,-0.128211521551958,-0.02489020247121,-0.202368375712494,-0.177478173241284
"1867","LRP5",-0.396089778606371,0.586876880370581,0.0803464072062916,0.998419475690512,-0.0280240458501054,-0.135028323691374,0.0424401927439154,0.17746851643529
"1868","LCMT1",0.706130084344825,0.166236656545101,0.119741160736088,0.969580221712648,-0.0160667820788953,-0.173680853655769,0.0036379437217332,0.177318797377502
"1869","CREBBP",0.223686300446951,0.652930620922827,0.413813875745215,0.560616328994126,0.072210866221149,-0.078384929214213,0.0988291174149843,0.177214046629197
"1870","NCR1",0.298320613661532,0.711694464652629,0.0231046984740893,0.998419475690512,0.0948007174925451,0.239506442715614,0.0623226342104635,-0.177183808505151
"1871","ZWILCH",-0.343305054065251,0.679710548952178,0.0408930810106892,0.998419475690512,0.0997477809635252,-0.00609732092479266,0.170988077705161,0.177085398629953
"1872","SETD3",0.194233093742826,0.345170826759238,0.164147504697956,0.998419475690512,0.0358821429591695,-0.105316930142859,0.071631971212826,0.176948901355685
"1873","MTHFD2L",-0.414702639032125,0.325984634564271,-0.0398176919114984,0.998419475690512,0.0760223651193618,0.154983651557466,-0.0219409106330429,-0.176924562190509
"1874","GIPC1",-0.342703055493774,0.520815244401502,-0.118536128193168,0.998231594656268,0.329352968314426,0.440543037359389,0.263648357930774,-0.176894679428615
"1875","MPP7",0.27391320666072,0.551656134124413,0.054578638548417,0.998419475690512,0.0534456869120748,-0.0836239722018249,0.0932445230049405,0.176868495206765
"1876","ARSA",-0.118349573870498,0.772540582328952,0.0197877158443408,0.998419475690512,0.184634310739733,0.318829539395775,0.142073705821676,-0.1767558335741
"1877","MMP12",0.274779998783338,0.827649420236499,-0.179337977894326,0.998419475690512,0.561157573486105,0.44396921568719,0.620497248115771,0.17652803242858
"1878","SAMD4B",-0.0831213073314753,0.786256020436297,-0.0772324208949195,0.998419475690512,-0.134697374189145,-0.01136506572963,-0.187885342332379,-0.176520276602749
"1879","TFF3",0.398118127677775,0.714502903816319,0.276584033423807,0.998419475690512,0.0911999995195055,-0.0233005929321406,0.15317623172035,0.176476824652491
"1880","MCL1",0.314533189084358,0.277427514759474,-0.0445192169916126,0.998419475690512,0.179393284742468,0.059513286940746,0.23591973488287,0.176406447942124
"1881","ISCU",-0.0404641450731453,0.94013087356481,-0.0420400391583522,0.998419475690512,0.153833454203992,0.282530323978572,0.106142764185721,-0.176387559792851
"1882","PLSCR3",-0.0718438183983997,0.918472880751097,0.0041970152651236,0.998419475690512,-0.0404649944254173,0.0748034835383192,-0.101300183812408,-0.176103667350727
"1883","TK1",-0.118533678416866,0.86897812632259,0.0952193485577463,0.706375430478359,-0.0377023944460575,-0.137349405764514,0.0386002108224097,0.175949616586923
"1884","FAS",1.17778496019111,0.00359299815155339,0.12047406252644,0.721802398933348,0.0896540491124114,-0.10714082941395,0.0687854486358234,0.175926278049773
"1885","RBMS1",0.42697162094692,0.0657950048949191,0.283407663110371,0.906608492274627,0.246931200818155,0.0672843912691237,0.243113691806652,0.175829300537528
"1886","LACTB2",0.0643559929203952,0.938967974147636,-0.0582848561018525,0.998419475690512,-0.0881394127357751,0.0124653325535244,-0.163337783087163,-0.175803115640688
"1887","TOR1AIP2",-0.149162621399463,0.466713315856047,0.150632662533521,0.998419475690512,-0.153035894574538,-0.25410422128491,-0.0784474108127442,0.175656810472165
"1888","ZNF263",-0.0549184439054209,0.922179182895925,-0.0760330705609611,0.998419475690512,0.197269669914052,0.0725857523384496,0.247984072852401,0.175398320513952
"1889","GPC2",-0.140983119325803,0.853204360422924,-0.0081280568856411,0.998419475690512,-0.119463021152283,-0.244288390557245,-0.0689953920786829,0.175292998478562
"1890","ITIH4",0.403755379428619,0.519071916770192,0.855712328681855,0.604707550829638,-0.00367170620728388,0.0759170071294139,-0.0993612522755953,-0.175278259405009
"1891","GEMIN7",-0.173382860712474,0.824055595369624,0.223277248702844,0.857501682187315,0.0135452711803646,-0.0860915510842093,0.0891831949761793,0.175274746060389
"1892","ACADM",-0.128115609188019,0.757642342829409,0.492683906356132,0.954918486558191,-0.0826797238576125,-0.181240097688895,-0.00598695613476473,0.17525314155413
"1893","CRLF3",0.28561266592968,0.465935678318752,-0.018382011315281,0.998419475690512,0.157723825591397,0.0507290293348192,0.22576815094534,0.175039121610521
"1894","KIF3C",-0.00874572987460261,0.990744646269791,0.049730132361284,0.998419475690512,-0.0558700882227401,0.0873995379183709,-0.0875736757342444,-0.174973213652615
"1895","SIRPB2",0.235903025358608,0.641412844927698,0.215183660787341,0.998419475690512,0.0813381024208309,-0.0633063750635759,0.111501386813846,0.174807761877422
"1896","PAICS",-0.0931530548825355,0.843734775600814,-0.0285720266514644,0.998419475690512,0.142677977324219,0.257087481263179,0.082341490691472,-0.174745990571707
"1897","USO1",-0.408567953294131,0.158368355657803,0.0574333489265173,0.998419475690512,-0.0109463197140497,-0.122825808146546,0.0517906063030004,0.174616414449547
"1898","ARHGAP22",-0.397361387249016,0.623897971867,-0.0197570847263419,0.998419475690512,0.0956901132366503,-0.021110249293365,0.153333198085354,0.174443447378719
"1899","KLK2",-0.11275653316569,0.916628632920434,0.109182087729417,0.998419475690512,-0.00415476407057984,-0.107576243489816,0.0667852048614083,0.174361448351224
"1900","LMAN2L",-0.487587821763262,0.386571380734505,0.0350312467226033,0.998419475690512,-0.227034222545545,-0.10399690578845,-0.278171018122585,-0.174174112334135
"1901","CD300LB",0.275504391428692,0.637365584425617,-0.0440400613998146,0.998419475690512,0.192150222062959,0.292604232140968,0.1184533637006,-0.174150868440368
"1902","PGM5",-0.1068065775194,0.889037784622758,-0.241278942798856,0.998419475690512,0.235808123819606,0.118140171605894,0.292288883110677,0.174148711504783
"1903","PSMB5",0.0984501108813883,0.864799833045634,0.0178308439560732,0.998419475690512,-0.00132317703913529,0.105485364414533,-0.0686294818353721,-0.174114846249905
"1904","SELENOF",0.316712694211449,0.248008733693962,0.237462362466064,0.998419475690512,0.159857914336016,0.0281125324120098,0.202095710215024,0.173983177803015
"1905","DNAJC27",0.438408781668946,0.264543418127809,-0.0420348689833822,0.998419475690512,-0.0436948304958351,-0.157821705194737,0.0161340225292483,0.173955727723985
"1906","VPS4B",0.271210770162133,0.3064944082879,0.0553835817279295,0.998419475690512,-0.0778188555583768,-0.205213202351397,-0.0312803848910192,0.173932817460378
"1907","ABI3",0.545199776050163,0.209061566317144,0.0686516891400755,0.998419475690512,-0.0763562543932057,-0.22649160233054,-0.0526330714409849,0.173858530889556
"1908","DNAJC16",-0.244750979246248,0.52153897835984,-0.0310536317914781,0.998419475690512,0.0561939893553079,0.176915831254796,0.00319938365804621,-0.173716447596749
"1909","ETNK1",-0.264275253694186,0.347524856070439,-0.0194557071338407,0.998419475690512,-0.0164177241677462,0.0989695669161022,-0.0746726213583142,-0.173642188274416
"1910","GTF2B",0.869865506880319,0.00577629301065354,-0.0430343849054809,0.998419475690512,0.161791131345942,0.335619770994866,0.162306168393856,-0.17331360260101
"1911","ABHD14B",-0.791764134822956,0.0755412792020202,0.0518416297759561,0.998419475690512,-0.0990629696646529,-0.211720923775843,-0.0384425613767651,0.173278362399078
"1912","SRI",-0.22732741941387,0.621880941018874,-0.506677756591998,0.579402613802489,0.337222350312613,0.440130145235976,0.26692422483605,-0.173205920399926
"1913","EGFR",-0.782320044738089,0.142368442047554,-0.0164922834481703,0.998419475690512,0.033016050519363,0.128693090869789,-0.0444672569201049,-0.173160347789894
"1914","CD47",0.515836264825501,0.0674865461248767,-0.0402315014607751,0.998419475690512,0.0276504961004068,0.182633233492109,0.00959428226536169,-0.173038951226748
"1915","PPIB",-0.104279819176326,0.776403980186177,0.0500606801817565,0.998419475690512,-0.0685125045609814,0.0417247310253443,-0.131173097636274,-0.172897828661618
"1916","TOP1",0.42044695669263,0.0893465144701553,0.264151711179132,0.998419475690512,0.0745069800078021,-0.102377972926558,0.0705153064046886,0.172893279331246
"1917","DNAJA4",-0.4945624277071,0.257033832563374,-0.00079881529467266,0.998805706404385,-0.0371023331334631,0.101199904450032,-0.0715736131108134,-0.172773517560845
"1918","IMPDH1",-0.0258502198817508,0.959031790956765,0.0840128547913617,0.998419475690512,-0.184023681319424,-0.310642820769755,-0.138073527063086,0.172569293706669
"1919","LTF",0.347946892272197,0.48304337098413,0.163826180558571,0.998419475690512,0.0652663706440595,-0.0685738381304195,0.103962660243659,0.172536498374079
"1920","CCL7",0.91436390148723,0.294239065482049,0.587226607367065,0.22659063746608,0.509932234604494,0.629941427935096,0.457691485963321,-0.172249941971775
"1921","IMPDH2",-0.83635808061648,0.00554164557160126,0.140760960874523,0.998419475690512,0.105744957510972,0.252612510330779,0.0804930743554008,-0.172119435975378
"1922","PPP4R3A",0.142948153503884,0.638248412110785,0.128332184473785,0.998419475690512,0.219410935725422,0.323279927629969,0.151232743066302,-0.172047184563666
"1923","PTGR1",-0.853214563511325,0.00807744204110719,-0.371229504055191,0.958741895914764,0.0390400218751936,0.100600930267763,-0.0713204162969693,-0.171921346564732
"1924","EIF1",0.25296289923323,0.35902936924535,-0.297512218180725,0.791573009435334,0.0970928427962793,0.0115136536803516,0.183298884975873,0.171785231295521
"1925","SOX2",-0.659730418079349,0.210458999584297,-0.322592704055008,0.861619201789483,0.467610809643677,0.562997594080629,0.391239070560231,-0.171758523520397
"1926","TAPBP",0.414690331463889,0.169434775011766,0.0861189581487658,0.998419475690512,-0.0918703997780502,-0.260670364427397,-0.0890483827845667,0.17162198164283
"1927","EIF5",0.0606945816122389,0.8505936905486,-0.0285793742193239,0.998419475690512,-0.171608924213692,-0.057787066067037,-0.229306746567925,-0.171519680500888
"1928","ARHGAP30",0.135585427151962,0.754693042697978,0.391763649072705,0.448344482232837,0.140947613623301,-0.0585906213371318,0.112915785395077,0.171506406732209
"1929","SECTM1",0.94397378085504,0.00292419035836084,0.182612413244207,0.224226741317311,0.182210273721822,-0.0913329058922842,0.0801642654145256,0.17149717130681
"1930","MSR1",-1.22980658445684,0.0116915060088816,-0.0398849404667029,0.998419475690512,0.187735217380307,0.240749585566766,0.0696004899129646,-0.171149095653801
"1931","GNAI1",-0.450807602289565,0.399401348126119,-0.0360650693280613,0.998419475690512,-0.00659150510749133,0.100764276235842,-0.0702249441095348,-0.170989220345377
"1932","C15orf40",-0.439731417799333,0.311175249844187,0.101715971564249,0.998419475690512,0.123280021051954,0.255333360001095,0.0843503732032086,-0.170982986797886
"1933","UBAC1",-0.436320525145737,0.139824049523317,-0.130958292008329,0.994306542239506,0.299140546470156,0.376290265696384,0.205327202070779,-0.170963063625605
"1934","BATF3",0.919818763993255,0.114059087365411,0.0518273307055096,0.998419475690512,0.231193628868733,0.341739767677645,0.17092270198884,-0.170817065688805
"1935","STK3",0.335550445859845,0.44556172628662,0.0148715733745148,0.998419475690512,0.228092011916586,0.344487707281332,0.173697465822501,-0.170790241458831
"1936","EPB41L1",-1.86365849071654,0.000205422378654785,-0.164874050329816,0.998419475690512,0.0795858079333011,0.092322737744619,-0.0784334439350538,-0.170756181679673
"1937","ALDOA",-0.0267313458687794,0.953936136366207,0.483477774201778,0.998419475690512,0.0348663859515867,0.159430997843492,-0.0111871109632813,-0.170618108806774
"1938","PRR15",-0.977587211104267,0.119994137852299,-0.302727232596123,0.998419475690512,0.416533250708166,0.499718446277343,0.329112204608611,-0.170606241668733
"1939","CS",-0.418031256081391,0.0526247077974024,0.613077266579987,0.963204148073108,-0.0976027199469203,0.0550436466476935,-0.115490156371451,-0.170533803019144
"1940","COASY",-0.185934934211777,0.537622363509033,-0.0188127887765697,0.998419475690512,0.00713930496067525,0.131859908768469,-0.0386306913522411,-0.17049060012071
"1941","CCPG1",0.194339693583038,0.580365670372581,0.0532825239263232,0.998419475690512,-0.0485688365988133,0.0729996854180025,-0.0973012020460893,-0.170300887464092
"1942","MPI",-0.43480722155134,0.342410973816605,-0.18001843878669,0.998419475690512,-0.075414501177264,0.0237576293798743,-0.146264633309159,-0.170022262689033
"1943","TUFT1",0.101550961521831,0.868654647132546,0.130468499776788,0.998419475690512,0.0135929311464741,0.148906824767198,-0.0210574199538628,-0.169964244721061
"1944","PSMA2",0.339733338371279,0.315509257244866,0.564930058260574,0.688685113694679,0.153084158595023,-0.0126920612204695,0.157159445005259,0.169851506225728
"1945","IRF4",0.87928985208477,0.0938176511926851,0.0713908442847772,0.998419475690512,0.508275450569057,0.370478749883535,0.540303030484638,0.169824280601103
"1946","STAC",-1.79608129780483,0.00239033771655607,-0.0283135596902194,0.998419475690512,-0.0761849429752724,-0.226491687067069,-0.0568604815654617,0.169631205501607
"1947","BACH1",0.3068659426892,0.456792003999197,-0.0274161043516985,0.998419475690512,-0.0543882939659889,0.0861147043356144,-0.0834885956183408,-0.169603299953955
"1948","TNFRSF19",-0.99571408180789,0.11794271401768,-0.33995194884275,0.831249443408838,0.181430429835709,0.0487389779272555,0.218189998103492,0.169451020176236
"1949","HDAC4",0.326933734926061,0.308360652632112,0.0350845664307768,0.998419475690512,-0.141012194957413,-0.0369690096018258,-0.20637630553836,-0.169407295936534
"1950","PA2G4",-0.256428025543307,0.417650650487128,0.662818798006987,0.791573009435334,-0.326909921988133,-0.409854927171868,-0.240498072816427,0.169356854355441
"1951","HDLBP",-0.258595329837081,0.163501353635959,-0.0605116196882369,0.998419475690512,-0.0721570768434636,0.0319796555447169,-0.137311197375268,-0.169290852919985
"1952","BLOC1S2",0.123574752952008,0.782885776647098,-0.0490436086833959,0.998419475690512,0.0630119601225365,-0.0539686614390741,0.115221223868919,0.169189885307994
"1953","GLIPR1",-0.0212279650831263,0.967200258830874,0.0177979320129575,0.998419475690512,-0.091319553223155,-0.226751284141168,-0.0575984920391766,0.169152792101992
"1954","CNP",0.723742517993798,0.0657146842317096,0.238103604147304,0.998419475690512,-0.0190111999352089,-0.190964414027451,-0.021850555540313,0.169113858487138
"1955","SELL",1.29863827132808,0.00200314156727147,0.614535274401696,0.575191615705548,0.14930899186736,-0.0810067244173861,0.0879540057830451,0.168960730200431
"1956","DUSP6",0.343431613831799,0.396884804667179,-0.0204439913535717,0.998419475690512,0.131393273210048,0.0240310764555587,0.192964966615926,0.168933890160368
"1957","SAA2",0.0830329456030282,0.950143820927288,0.455143871246881,0.281794369665756,0.0221713555447491,0.196054301503831,0.0272053818805704,-0.16884891962326
"1958","TIAM1",-0.383050405854021,0.257276696583287,-0.00894839617484815,0.998419475690512,0.0540888197323553,-0.0504243010456327,0.118408559559746,0.168832860605379
"1959","CD86",0.149398754935644,0.802898846726586,0.00806540341679344,0.998419475690512,0.0837876573666425,0.200929127966268,0.0322515723594716,-0.168677555606796
"1960","LANCL2",0.129085725357874,0.835546145717336,-0.225483505209491,0.998419475690512,-0.109267691002368,0.00556205812671612,-0.162998814702564,-0.16856087282928
"1961","BRD4",0.155307178352703,0.462792638750212,-0.00688624796042347,0.998419475690512,0.0993662423827451,0.227128477664672,0.0587260657418443,-0.168402411922828
"1962","MITD1",0.807205675483333,0.0322166762928835,0.119211551816044,0.998419475690512,-0.0693046380241565,-0.208184010416138,-0.0402912451882674,0.16789276522787
"1963","TSTD1",0.412582451528156,0.429335548752288,-0.655173189745877,0.219654956827324,0.0336643813127905,0.169189790271293,0.00136342101803295,-0.16782636925326
"1964","PIN4",-0.342921457292376,0.537640090485165,0.148101563064992,0.998419475690512,0.0138566835785583,-0.0941821652297354,0.0735775566309534,0.167759721860689
"1965","TNNT3",-0.0100844290578235,0.99398005562178,0.0516724433320224,0.998419475690512,0.0881799690383895,0.21888684040291,0.0513083309089586,-0.167578509493952
"1966","BAG4",-0.460142472338161,0.154852304960836,0.00200641213652457,0.998419475690512,0.0876853157938339,0.201721164553596,0.0346465122327213,-0.167074652320875
"1967","JTB",0.437203812527134,0.0893465144701553,0.0606023388033956,0.998419475690512,-0.161074547161372,-0.291928052806263,-0.124955552127407,0.166972500678855
"1968","VCP",-0.0683809677887215,0.846802208869445,0.34641716982403,0.966961547562754,-0.177770205824571,-0.281957956360979,-0.115057930121355,0.166900026239624
"1969","DPEP2",-0.191683606115912,0.743120593015718,-0.141826037625049,0.998419475690512,0.00885508407616516,0.12233739947458,-0.0445545589192344,-0.166891958393814
"1970","SSRP1",-0.231713017191624,0.667825537952761,-0.0762214178116162,0.998419475690512,0.171238233454019,0.283859038529072,0.116977343677396,-0.166881694851675
"1971","CUL1",0.517071456582423,0.144810752184827,0.023008307305503,0.998419475690512,0.0733129806841325,-0.0753003104959062,0.0915790671815746,0.166879377677481
"1972","ATE1",-0.162657854117079,0.829805515995189,0.0311584828551314,0.998419475690512,0.208508510644416,0.321802471189227,0.155122274616807,-0.16668019657242
"1973","CST7",0.67742496596155,0.197737008522134,0.361167408819382,0.744984064345224,0.400506269372862,0.487893604627403,0.321263884001866,-0.166629720625537
"1974","MTRF1L",0.269175434782235,0.563473144639334,-0.0307544983242381,0.998419475690512,0.111993093674545,0.217767251479243,0.051420901347074,-0.166346350132169
"1975","TRAPPC6B",0.419684953610645,0.233164954247756,0.195442670762658,0.998419475690512,0.0254395471941314,0.105187668329404,-0.0610362658939478,-0.166223934223352
"1976","CABLES2",0.0361361537353018,0.952432063357582,0.00079970651557806,0.998419475690512,0.151983782432746,0.257640587330996,0.0915900115296905,-0.166050575801306
"1977","CPTP",-0.217539667833518,0.584771143995298,0.0269005748684882,0.998419475690512,0.0459876010126212,0.15260809087801,-0.0132968571143651,-0.165904947992375
"1978","PRKCI",-0.389443533788009,0.288189728403455,0.0746591106774148,0.998419475690512,-0.0115183094237166,0.111277432197436,-0.0545942831090781,-0.165871715306514
"1979","POLH",0.33777983748843,0.358620425243063,-0.0792598039247822,0.998419475690512,0.0784336281791307,-0.00643942629345871,0.159258834063372,0.165698260356831
"1980","G6PD",0.0809488647006619,0.814402556712384,0.391892059652734,0.998419475690512,0.0413231702699206,0.170330454394722,0.00474780300343676,-0.165582651391286
"1981","SERPINF1",-0.185026702738022,0.798944165853935,0.381543070456177,0.998419475690512,-0.0339644851286809,0.0893799071351512,-0.0761588708869239,-0.165538778022075
"1982","AAGAB",-0.133233012287811,0.75919906556261,0.195811844864774,0.998419475690512,-0.172343081670687,-0.270178733065249,-0.104868712662195,0.165310020403055
"1983","EPHX2",-0.265464571940018,0.804165263422841,-0.224012367096051,0.369605294768859,0.172196319241884,0.218853907198041,0.0535684192057266,-0.165285487992314
"1984","OMG",-0.369984404072382,0.631349458948279,-0.03605021596234,0.998419475690512,-0.127858520621583,-0.254953432757864,-0.0898777928345985,0.165075639923266
"1985","ZG16B",0.223170776958545,0.836986359494,0.355010791936645,0.998419475690512,0.122358595111646,0.010205481651312,0.17517298097188,0.164967499320568
"1986","UBE2E1",0.437021050860285,0.110892343795953,0.108701647827718,0.998419475690512,-0.0741510323990271,-0.207092188274044,-0.0421769996116037,0.164915188662441
"1987","GPN1",-0.131551552188265,0.790598982407714,-0.122088212862346,0.998419475690512,0.234261825258702,0.334898520360807,0.17018000351817,-0.164718516842638
"1988","USP11",-0.0300206176536615,0.953778280477039,-0.0417336407541743,0.998419475690512,-0.10230503489982,0.00374484354099714,-0.160934750747908,-0.164679594288905
"1989","ESPN",-0.805057196348306,0.385633464239127,-0.305880377827123,0.274343997858125,0.276324201860283,0.313739128390841,0.149121798174442,-0.164617330216399
"1990","SH3GLB1",0.279836804114188,0.485427188347812,-0.0485889911006265,0.998419475690512,-0.0184594275228816,0.106814976609708,-0.0574835017884894,-0.164298478398197
"1991","SH3KBP1",0.421886981497721,0.121632181052026,-0.00960137318714196,0.998419475690512,0.047329953254568,0.164085821208155,-0.000157226979817665,-0.164243048187972
"1992","MEIG1",0.0181673805185165,0.991067518289886,-0.00508392667131345,0.998419475690512,0.024106832603555,-0.0885503167689625,0.0756265798103404,0.164176896579303
"1993","FOLR3",0.311107289847502,0.745838847723341,-0.0579940088236595,0.998419475690512,0.624318851981282,0.506878545609824,0.670814110481829,0.163935564872004
"1994","STX12",0.141564055623876,0.664862381562479,0.147691062375108,0.998419475690512,0.0477424302144329,-0.091622342286569,0.0721853669767691,0.163807709263338
"1995","SERPINE1",-0.316583993982919,0.449227391687149,0.201704349865108,0.998419475690512,0.228623758206918,0.127864137795705,0.291428063420132,0.163563925624427
"1996","NXF1",0.0835009139019017,0.812877623549242,0.0662541122153215,0.998419475690512,-0.229451920182451,-0.113565919177385,-0.276961730955002,-0.163395811777617
"1997","AASDHPPT",-0.107154599160185,0.829324169565012,0.248549026173211,0.998419475690512,0.046872618215407,0.159522372351066,-0.00379866252229567,-0.163321034873361
"1998","TLK1",0.115700962315398,0.69428848775077,0.110034394860911,0.998419475690512,-0.181340171027045,-0.073609893972051,-0.236761229514747,-0.163151335542696
"1999","MAPK1",0.0696255036468211,0.845842845580316,0.0791750681580048,0.998419475690512,0.144007817477974,0.0234323789855245,0.186547692844903,0.163115313859378
"2000","RASSF2",0.396910759633468,0.342309712076869,0.124481707330755,0.998419475690512,-0.122405805147097,-0.262996573326065,-0.100086883095489,0.162909690230576
"2001","CR1",0.171467661996938,0.805298470835221,0.683673201135897,0.391978515377954,0.286922897780986,0.140037331096834,0.302585609160113,0.162548278063279
"2002","CDCP1",-0.730913108631791,0.0118527140166852,-0.175411719316753,0.414689038361253,0.36221462559144,0.364697482681902,0.20226892101228,-0.162428561669622
"2003","MARCKSL1",0.243038698443257,0.51078883605927,0.203913319044345,0.998419475690512,-0.0100995839546102,-0.150606745987241,0.0116593051065528,0.162266051093794
"2004","P4HB",-0.118095059372278,0.640743446701714,0.162030111116016,0.998419475690512,-0.0342644202343573,0.0933017706969406,-0.0688566453076684,-0.162158416004609
"2005","DCTPP1",-0.33847772496671,0.61082979922381,0.367681791928899,0.92559285537565,-0.0830635072910834,0.0647997338535598,-0.0970818162163566,-0.161881550069916
"2006","RGS3",0.183836473909125,0.609093753312389,-0.00891124230873011,0.998419475690512,-0.0330986519444616,-0.124452773134837,0.0373655906076484,0.161818363742485
"2007","TAFA2",0.856106996794134,0.0656179045911993,-0.0318016087579198,0.998419475690512,-0.0332144682657837,0.114799749429595,-0.0469950237631368,-0.161794773192731
"2008","VCL",0.0825216491186563,0.852015030536056,-0.0848540911403878,0.998419475690512,0.15003461075713,0.235926311810117,0.0741368464295515,-0.161789465380565
"2009","CBFB",-0.0623622786986869,0.87427995890682,-0.00318262423116021,0.998419475690512,0.0459439206062638,-0.0584033241296453,0.103153766520561,0.161557090650206
"2010","ARL15",0.280933628336288,0.493517336379051,0.13617894711914,0.998419475690512,-0.0430553751271714,-0.172942600334984,-0.0113988540232944,0.161543746311689
"2011","LRIG1",-0.313905706952895,0.592712908241639,-0.30226861251812,0.735918477900347,-0.141504538348875,-0.0864125063331517,-0.247813409414131,-0.161400903080979
"2012","TEN1",-0.0859944488980237,0.919333355796337,-0.00104314244400027,0.998419475690512,-0.058731810212997,-0.173177305590269,-0.0118821832019102,0.161295122388359
"2013","GABBR1",0.408582890184307,0.573810565595335,-0.0169706115687727,0.998419475690512,-0.0770234612698286,-0.182010136604704,-0.0207483603070791,0.161261776297625
"2014","RAP1GDS1",-0.330282822305843,0.23713584692092,0.0466523123540748,0.998419475690512,-0.00919418194697477,-0.10256890248781,0.058692202995629,0.161261105483439
"2015","COPS8",-0.251170700191817,0.584829495152179,0.143039570386025,0.998419475690512,0.128357896083572,0.265383019887657,0.10429086362022,-0.161092156267437
"2016","TGFBI",-0.0948997443689329,0.853508946940415,0.427029499550778,0.767643909690772,0.0856813033971385,0.2076760778383,0.0466305226456214,-0.161045555192678
"2017","LPIN1",-0.535740025300436,0.0910226439702157,0.224849895111618,0.966961547562754,0.0129994968097437,0.162941996593934,0.00203899885983502,-0.160902997734099
"2018","CLINT1",-0.230330580500234,0.375841657986997,0.147285864677249,0.998419475690512,-0.20475835890818,-0.306261626313157,-0.145428322360503,0.160833303952654
"2019","ACLY",0.0285353989634657,0.936500467878358,0.208895971344591,0.631591069461986,-0.207040306282943,-0.342183601844872,-0.181745780817905,0.160437821026966
"2020","ZNF593",-0.780387638722663,0.280740219740245,-0.103017132630358,0.998419475690512,0.0438708059114756,-0.0974958680728064,0.0629087606130768,0.160404628685883
"2021","TREML2",0.609537148703048,0.208302094400711,0.355723317980637,0.714415220288577,0.439180464578925,0.529919090927544,0.369724859137506,-0.160194231790038
"2022","JAML",-0.111152682467646,0.857582458496998,0.0299090848021912,0.998419475690512,0.461251841624398,0.352845080438699,0.512977403697525,0.160132323258826
"2023","EIF2B1",0.0574128228212458,0.915746032063861,-0.0918299938704969,0.998419475690512,0.00153517071021685,0.119177846434776,-0.0409295115865282,-0.160107358021304
"2024","FKBP3",0.0213991778737721,0.975795205588706,0.257899638458439,0.998419475690512,0.0419240577654999,0.14910069088049,-0.0109783139584138,-0.160079004838904
"2025","CHST15",0.100054322803363,0.858669269955112,0.266874785655085,0.998419475690512,0.159943757579068,0.268357239927591,0.10832684677032,-0.160030393157271
"2026","PDLIM1",-1.24287870255998,0.00586226497438731,-0.281133416905612,0.633447905485881,0.45843151520359,0.523526950684461,0.363501521322106,-0.160025429362355
"2027","CCL28",-0.100042710334057,0.900934128064091,-0.531498396897773,0.936327638957861,-0.0539865710233733,-0.16589463534371,-0.00596665996086218,0.159927975382848
"2028","EIF4G1",-0.0604023138206468,0.865904030979028,0.410385311405769,0.744984064345224,-0.128258146410938,0.00616703019771572,-0.153701638607395,-0.159868668805111
"2029","RAB18",0.205288795866334,0.42667013274022,0.211312836420674,0.998419475690512,0.030639349130945,-0.104462304912462,0.0552793319866725,0.159741636899134
"2030","HIBADH",-1.01401216892684,0.00412402982659403,0.0333376374404288,0.998419475690512,-0.206021588851683,-0.312443874136044,-0.152732127040987,0.159711747095057
"2031","ARG1",0.985679459448173,0.201213710648756,0.29285042151888,0.998419475690512,0.275451694334271,0.133620274884014,0.293322212275689,0.159701937391676
"2032","BMP1",-0.41051161996785,0.51893703173227,0.0875992412160911,0.998419475690512,-0.0157940326569314,-0.10545091506306,0.0542324786931757,0.159683393756236
"2033","SEMA6A",0.145802220152791,0.869735278537694,-0.0195593720867618,0.998419475690512,-0.123493320565487,-0.223605912960492,-0.0639505295850906,0.159655383375401
"2034","NISCH",0.0707214315171255,0.850225948743622,0.126752265677265,0.861619201789483,0.0332060915130855,0.123288092270195,-0.0363494041280047,-0.1596374963982
"2035","MYB",-0.291914759015473,0.584804574491182,-0.00352656461128915,0.998419475690512,-0.106748477148758,-0.20323102563362,-0.0436355301779599,0.15959549545566
"2036","SGTB",0.400818073873314,0.346356705314547,0.0033554891856959,0.998419475690512,-0.0140408629309733,0.10389373455724,-0.0556799420326073,-0.159573676589847
"2037","PTEN",0.0981661835553672,0.859941496018173,0.161684783348585,0.995158784051307,0.350025093548917,0.251353724348799,0.41088959889511,0.159535874546311
"2038","AURKB",0.624552196391886,0.449012223079954,0.117664412618022,0.791573009435334,0.0406002288994012,-0.0650289041148926,0.0944635045518928,0.159492408666785
"2039","CD2AP",0.0714534954332402,0.901558538562809,0.00437281075634369,0.998419475690512,0.220704491873627,0.0901476794213517,0.249319239571868,0.159171560150516
"2040","PEX26",-0.262206916606823,0.485427188347812,-0.0273362088866361,0.998419475690512,0.0765814930343507,-0.0308657497638426,0.128283990345932,0.159149740109774
"2041","AKIRIN2",0.335613161397542,0.249848262452671,0.0640434018267011,0.998419475690512,0.0784077901656664,-0.0532828707550933,0.105729831435862,0.159012702190955
"2042","RBP4",-2.89310987220954,1.25914448190335e-05,0.130760053280904,0.998419475690512,-0.0590064953047047,0.091658562354125,-0.0673410528015248,-0.15899961515565
"2043","PTPN7",0.306750137579753,0.462248423449471,0.0384546715000246,0.998419475690512,0.145452718603085,0.257585761196398,0.098701730913817,-0.158884030282581
"2044","SNX16",0.354806820713311,0.4358602400978,0.125978435240101,0.998419475690512,0.0759414142325353,0.172164633298559,0.0138095859989685,-0.15835504729959
"2045","HMGCR",-0.394949467210178,0.177149073436241,-0.00403992509801952,0.998419475690512,-0.227206507349025,-0.124543234112009,-0.282862295875304,-0.158319061763294
"2046","MEN1",-0.0142971514398577,0.986126136757388,-0.0323382915590284,0.998419475690512,0.0314803041950764,-0.0772127633313159,0.0810417689101693,0.158254532241485
"2047","NME8",0.492822351649453,0.389411557835695,0.00159454463959831,0.998419475690512,0.125725926755216,0.238602267235331,0.0804619011823796,-0.158140366052952
"2048","HSD11B1",0.0502497093111582,0.95944172543594,-0.0149818199843007,0.998419475690512,0.119745641833274,0.0150415700535085,0.173179089969737,0.158137519916228
"2049","MMGT1",0.0424943191243209,0.930839242873897,-0.0133350474598503,0.998419475690512,-0.0454751050467066,-0.137787397776394,0.0202956190657271,0.158083016842121
"2050","RMDN3",-1.18033725441581,0.00328904861907579,-0.0219760101607406,0.998419475690512,-0.0174352971458586,-0.156031158980496,0.00196891058536266,0.158000069565858
"2051","CACNB3",-1.35171024301613,0.00169118214853602,-0.332370194889612,0.101014253771789,0.210798383730193,0.150732544584565,-0.00724965169224122,-0.157982196276806
"2052","GET3",0.198513518927836,0.584804574491182,0.168407889406388,0.935781381834371,-0.162744575796141,-0.27195855771242,-0.11412490385938,0.15783365385304
"2053","GALNT1",-0.0680745147156975,0.859936384671173,0.148764976556744,0.998419475690512,0.0690059741011402,-0.033632675014748,0.124160335707443,0.157793010722191
"2054","RANGAP1",-0.171015859466832,0.628820419964642,0.318883792542217,0.998419475690512,-0.0958141189530548,-0.188714537569781,-0.0310268142162901,0.157687723353491
"2055","SPATA33",0.0906983403998906,0.91016741080812,-0.254191944732877,0.474455026347285,0.266528558910676,0.332500971375009,0.174823429184522,-0.157677542190488
"2056","COX5B",-0.0861795351923786,0.852122342236089,0.0106819615533271,0.998419475690512,-0.1999266369485,-0.0903124021785793,-0.247931057654823,-0.157618655476244
"2057","GLUD1",0.0486144771050685,0.918472880751097,-0.0327994159847463,0.998419475690512,-0.065779949824636,-0.162010193028135,-0.00467524397405245,0.157334949054083
"2058","PRKAG1",0.169028826283192,0.587321531089585,0.0133426107957437,0.998419475690512,0.0968896150084516,0.207223995624594,0.0500846257552794,-0.157139369869315
"2059","CAPN13",-0.558292339749672,0.352431467789203,0.120179633596751,0.998419475690512,0.211007340468728,0.354664337478336,0.197600389361006,-0.15706394811733
"2060","CDA",0.671554330116501,0.213336530223069,0.259452408319522,0.857501682187315,0.41957500859206,0.273981451223034,0.430992565016187,0.157011113793152
"2061","ARHGEF1",0.129040957831965,0.768644069917276,0.175205374543725,0.998419475690512,0.179207419242653,0.278805852102099,0.121902364967946,-0.156903487134153
"2062","RAC1",0.0721492220301438,0.803977399200788,0.0103945747361616,0.998419475690512,-0.0380529489577281,0.0633224803482512,-0.0935718815628551,-0.156894361911106
"2063","VAMP3",0.0484477474955525,0.93154323396528,-0.0307691812549596,0.998419475690512,0.149642073405475,0.258949978141217,0.102437796276419,-0.156512181864798
"2064","MAPK14",0.578826285829096,0.135781595203594,0.473663212695756,0.817586452380911,0.0963862229724602,-0.0650258503081984,0.0912403565844902,0.156266206892689
"2065","NUBP2",-0.137361836724355,0.826751115885882,0.0967523583021301,0.998419475690512,0.092537058736262,0.00771644019877275,0.163976457568361,0.156260017369588
"2066","MYL6B",-0.13472687644724,0.880325539059883,-0.00407230516348925,0.998419475690512,0.060094979814799,-0.033066220828405,0.123138962765052,0.156205183593457
"2067","IL12RB1",0.130236307346211,0.792058750024278,0.0119684576504042,0.998419475690512,0.266311464511672,0.163945283060686,0.320096564187988,0.156151281127302
"2068","PSMD4",-0.0594852246540357,0.846841236154259,0.00868840071054148,0.998419475690512,-0.130304453683014,-0.0113847288648983,-0.167449588173468,-0.15606485930857
"2069","VAV1",0.186376842550582,0.68272151351929,0.300537381607926,0.998419475690512,0.374468824773603,0.484285336376291,0.328241676857457,-0.156043659518834
"2070","CD68",-0.460696454261721,0.25453002985578,0.119502213112417,0.987022850306148,-0.0604236118297731,0.0521028551579462,-0.103894329625653,-0.155997184783599
"2071","SCMH1",-0.431529728395856,0.270519498472588,0.0289961045992948,0.998419475690512,0.0494764222257093,0.173406130462248,0.0174856727973291,-0.155920457664919
"2072","FERMT3",-0.179520268574656,0.698096766965781,0.0370621221957745,0.998419475690512,-0.0867544964875074,-0.202578993222606,-0.0468017566420339,0.155777236580572
"2073","FIG4",0.268277905241668,0.537640090485165,-0.00789557794894709,0.998419475690512,-0.197767019678367,-0.0956713189502698,-0.251443363514618,-0.155772044564348
"2074","FGR",0.252931986267647,0.511414401569523,0.508718296494203,0.998419475690512,0.211380987005347,0.081667272641611,0.237376518298414,0.155709245656803
"2075","GSTO1",0.0544448843334852,0.932465508914432,0.320050111641881,0.998419475690512,0.0735152132700101,0.155909592316687,0.000464543731693513,-0.155445048584994
"2076","CDH17",-0.126005341436947,0.915746032063861,-0.172356106277453,0.998419475690512,-0.16136327529992,-0.272571933028502,-0.117201785352037,0.155370147676465
"2077","ECHS1",-0.251191833697678,0.690441455382175,-0.193192601034913,0.998419475690512,0.429895234464158,0.504130391933776,0.348770275422669,-0.155360116511106
"2078","EVA1B",0.65723007576738,0.249060145754517,-0.0779216300456529,0.994739550495444,0.210738445738452,0.324767693511835,0.16952009269563,-0.155247600816205
"2079","DPPA4",-1.09340298137452,0.0297239278538439,-0.0267628625456637,0.998419475690512,0.124391291420618,0.00751546436327981,0.162704102657145,0.155188638293865
"2080","ECM1",0.115722881869229,0.919493656460377,0.656649060930914,0.653028715766797,-0.217406953282613,-0.111043160403679,-0.266151585133303,-0.155108424729624
"2081","TP53I11",-0.165744878239374,0.708590304059377,-0.0370821457478057,0.998419475690512,0.096496535725041,-0.0152625363760247,0.139812612166515,0.15507514854254
"2082","SH3GLB2",0.0863378947144145,0.896153766943188,-0.619536917649076,0.489329172537047,0.050422754504023,0.143566387853261,-0.0113766045112279,-0.154942992364489
"2083","NRBP1",0.0512349117970028,0.875468872454187,0.0763498744016572,0.998419475690512,-0.0666247961856918,-0.187718335088626,-0.0329449071319403,0.154773427956686
"2084","METTL3",0.0797971330214572,0.873160478284559,-0.0737978143044116,0.998419475690512,0.0685279516479546,0.165234882160179,0.0105552534346148,-0.154679628725564
"2085","AGA",-0.520422370536477,0.207989426563103,0.0481607916747514,0.998419475690512,-0.0801717876777396,0.0482648668854136,-0.106308630798645,-0.154573497684059
"2086","SNX15",0.00855547488611769,0.989132125896407,-0.310814598821244,0.998419475690512,6.11700475007844e-06,0.101635471188462,-0.0529077714253948,-0.154543242613856
"2087","SH2B3",0.164532022430547,0.651695778982573,0.0174058937902318,0.998419475690512,-0.0125050120351749,-0.111899959175917,0.0424031965184642,0.154303155694381
"2088","TYW3",-0.739392829184,0.129384274093475,-0.119347819643693,0.723431915013577,-0.000465408274296381,0.0294338862877958,-0.124853026078832,-0.154286912366628
"2089","GBP1",2.30426608605921,8.27821496656346e-06,0.893302382548297,0.514984476105238,0.162529141256222,-0.0841839969472944,0.0700532411341851,0.154237238081479
"2090","SPECC1",-0.224269709316296,0.510411943763049,0.234243907273104,0.444054623391545,0.114699184976986,0.307627928954331,0.153504173925787,-0.154123755028544
"2091","CD96",0.823786371655694,0.25453002985578,0.00507962480940748,0.998419475690512,0.00504708326246762,0.096864811660383,-0.0571094908593504,-0.153974302519733
"2092","ADA",1.1023127066157,0.0217019801147571,0.120198097061189,0.589149021023413,0.145892651481502,0.20312650793183,0.0492573429622862,-0.153869164969543
"2093","DUS2",-0.0466858336722891,0.956506932519683,0.107033847111883,0.998419475690512,0.0630650319498889,-0.0130004006808142,0.140827494413514,0.153827895094328
"2094","PRMT3",-0.317908690348266,0.492418353895838,0.105692207110828,0.998419475690512,-0.142874168777632,0.00756558301123505,-0.146057733159942,-0.153623316171177
"2095","EMG1",-0.79727506265968,0.00891684137869319,0.332365648386219,0.791573009435334,0.0250313229020654,0.00740462814745128,0.161017319783732,0.153612691636281
"2096","TMA16",-0.181983231677019,0.809241710834868,0.0553134069569581,0.998419475690512,0.0360925606391992,-0.057242727439226,0.0962276101538865,0.153470337593113
"2097","MED11",0.114379700461251,0.826548134181262,0.0156192910469755,0.998419475690512,0.0697612464889816,-0.0283642090300581,0.125051707455545,0.153415916485603
"2098","CHST6",-0.966087929915949,0.0810027617895649,-0.0410306971421665,0.998419475690512,-0.0615432570745896,-0.202505272214598,-0.0491116146560397,0.153393657558558
"2099","TPSB2",0.390915372455936,0.645715854044188,0.106053005067683,0.998419475690512,0.254641849944833,0.356985513692721,0.203613806666371,-0.15337170702635
"2100","KRT6A",0.468046907979652,0.623556216528812,-0.0150911714740229,0.998419475690512,0.0894710071816453,-0.00488599781213731,0.148484578023456,0.153370575835593
"2101","FLII",0.0152877553869845,0.960128789396928,0.493629957817948,0.773457164793115,-0.240794880125176,-0.346226002203503,-0.192902692289915,0.153323309913588
"2102","SCIN",0.162975452568384,0.83568522811476,-0.0998803026090423,0.998419475690512,-0.157179410140238,-0.248572404158476,-0.0952713915147289,0.153301012643747
"2103","TREM2",-1.23921108004355,0.0362758316080931,-0.101185772005813,0.984236844165175,0.57901377131037,0.64888564959159,0.495627160933039,-0.15325848865855
"2104","SIRT5",-0.443666769250641,0.343498039909792,0.121630094854937,0.998419475690512,-0.0269600294201564,0.106993940109817,-0.0461814613524979,-0.153175401462315
"2105","SYN3",-0.000991168204662234,0.999628778030348,-0.00292411607510865,0.998419475690512,0.273687454137182,0.35747749676582,0.204743228205169,-0.152734268560651
"2106","ETV7",2.62714207852202,7.88911706355111e-05,0.162442798302713,0.531295030682614,0.255809954186039,0.0328352999039034,0.185548790721037,0.152713490817133
"2107","GGPS1",0.121142668672722,0.78393361648243,0.00224206427433895,0.998419475690512,-0.123439378545996,-0.233333210802801,-0.080693434596067,0.152639776206734
"2108","FCRL3",-0.171619403379009,0.886801289036878,-0.0255918432089271,0.998419475690512,0.00311696425797008,0.0822889899268622,-0.0703458191158186,-0.152634809042681
"2109","PAX8",-0.416784384749213,0.538856027461643,-0.0205711113618225,0.998419475690512,-0.0126147619589961,-0.126979085342382,0.0256075084401054,0.152586593782488
"2110","TNFRSF10B",-0.036697045188532,0.945464488328056,0.00439681606183167,0.998419475690512,-0.178171868124317,-0.287698426313252,-0.135455847967605,0.152242578345647
"2111","FKBP2",-0.138219376555951,0.807097822205431,0.109297840958136,0.998419475690512,-0.0100830115667185,0.1020678125088,-0.0501319385842721,-0.152199751093072
"2112","PNP",-0.139159095291617,0.78457548823086,0.692716280313202,0.85054234904987,0.120435095206149,0.225110386168677,0.0730788370690507,-0.152031549099626
"2113","ADH5",-0.466211622004615,0.194134302341946,0.0171168511564693,0.998419475690512,0.0410156663929077,0.139642336894213,-0.0123118469762447,-0.151954183870458
"2114","PRLR",1.12295929566115,0.157743876931189,-0.00799770372633726,0.998419475690512,0.0742625522539052,-0.0206118926782881,0.131217203908225,0.151829096586514
"2115","EPHB4",-0.398520570336812,0.432284494186481,-0.109764672199149,0.819708881537733,-0.186112910234803,-0.324369022283206,-0.172635619111856,0.151733403171351
"2116","TACO1",0.264804794968316,0.613656884946222,0.079167507085506,0.998419475690512,0.147137992693958,0.0634386502665871,0.215076367922794,0.151637717656207
"2117","PSMD5",-0.0471895963371728,0.935224497161474,0.0226936986371765,0.998419475690512,-0.0861886061358152,-0.204801770289885,-0.0533143047604553,0.151487465529429
"2118","IL18",-0.163819471605755,0.753999620428479,-0.46827288108651,0.942156010382713,0.0271162624324044,0.0989111271674195,-0.0524595935436156,-0.151370720711035
"2119","TOM1L2",-0.309862337161278,0.40536304438609,-0.011732184851523,0.998419475690512,0.0757729848132102,-0.0374955951410199,0.113770122289695,0.151265717430715
"2120","COPS5",0.1577300276494,0.709724386711007,-0.348093289549724,0.998419475690512,-0.0406654460476513,0.0681725235130804,-0.0829275451599218,-0.151100068673002
"2121","PFN2",-0.459516567716908,0.325984634564271,0.0136090569970032,0.998419475690512,0.108434219638355,0.227768048125866,0.0768557492084872,-0.150912298917379
"2122","BIN1",0.0183348606542931,0.97691619975495,0.0817817821052643,0.998419475690512,0.101893023206018,0.213805685452631,0.0629462258809664,-0.150859459571664
"2123","RPS20",-0.231836964126687,0.549565365233434,0.31751000980155,0.994739550495444,-0.0349196211813721,-0.107335220848861,0.0435092761397164,0.150844496988578
"2124","NOP16",-0.302817424606389,0.600487750893062,0.0801521539784974,0.998419475690512,-0.0496527535897512,0.0676507863526912,-0.0831418443695459,-0.150792630722237
"2125","MNAT1",-0.573178625648625,0.230393898798705,0.097286766768496,0.839178512396408,0.0626542539523529,0.0247832865863448,0.175421765385801,0.150638478799456
"2126","CCDC9",0.34051721940993,0.322513623432253,-0.0395022739016842,0.998419475690512,0.0943392140459711,0.225365282103278,0.0747492543703433,-0.150616027732934
"2127","TREM1",0.0245937240921837,0.965000009038332,-0.0229040187020033,0.998419475690512,0.254309372409665,0.143430736856384,0.294028778611629,0.150598041755245
"2128","STX17",0.306149565457202,0.452617251859266,0.0982990907737308,0.998419475690512,0.124681622608553,0.213251913990824,0.0627354635002706,-0.150516450490554
"2129","STARD7",-0.357141204849336,0.290595269007162,-0.147138513707245,0.733226452690997,0.0223759546744141,0.0882130306132223,-0.0622487632964091,-0.150461793909631
"2130","TNFRSF4",1.24061390956399,0.0215494526589544,0.0180622327411018,0.998419475690512,-0.127444877699092,-0.244857586362851,-0.0944025014339142,0.150455084928937
"2131","KRT7",-0.194772471504525,0.8275902342567,0.0352034589880949,0.998419475690512,0.149491975243819,0.26514856013224,0.11496388724938,-0.15018467288286
"2132","IL17RA",0.487550650731687,0.130624225971417,0.510970723741973,0.301201477986197,0.292760151397651,0.117163470105943,0.267297706394623,0.15013423628868
"2133","KCNE3",-0.0336194377284941,0.95072812075822,-0.0857084224646053,0.963204148073108,0.0466456532117931,-0.0501606438633736,0.0998477946869964,0.15000843855037
"2134","CD82",0.10932167601207,0.824994456940694,-0.0731023318355979,0.998419475690512,0.0539902022358213,0.167785705943571,0.0180209229926968,-0.149764782950875
"2135","ABHD12",-0.385901595641067,0.3423762038082,0.0627776162672421,0.998419475690512,0.0756430252685658,-0.00691689633887192,0.142811774317595,0.149728670656466
"2136","BLVRA",0.0403675860688382,0.947525124182658,0.185380346327191,0.998419475690512,0.0439174509424171,0.145669714819946,-0.00392465068948602,-0.149594365509432
"2137","VAMP7",0.052598219280478,0.917340062333403,-0.64619284838708,0.96484128332814,0.239992522098243,0.342346352986223,0.192910247028894,-0.14943610595733
"2138","NET1",-0.734323079457385,0.0893634222818178,0.0510658792130516,0.998419475690512,-0.122484295095886,-0.213804052252037,-0.0644541549209862,0.149349897331051
"2139","SLTM",-0.232429682115508,0.399892395847112,-0.0354103797710346,0.998419475690512,0.0987839187203866,0.195022399307583,0.0457952878502499,-0.149227111457334
"2140","CHMP2B",0.662767340263632,0.0208086964673927,-0.118424051932958,0.998419475690512,-0.114262581414434,-0.220827819859541,-0.0716100082542369,0.149217811605304
"2141","CASP7",0.365888836114099,0.450511834216552,0.0709084168903918,0.998419475690512,0.354664379023992,0.251636223853469,0.400631583822427,0.148995359968958
"2142","ERAP1",0.273240163371324,0.321873482652325,0.511991167079251,0.906608492274627,0.0482232296260109,0.128011052369588,-0.0207988779853391,-0.148809930354928
"2143","LSP1",0.158292462479324,0.770076590969038,0.0783342281069206,0.998419475690512,-0.195618408025366,-0.310916361919146,-0.162115656097943,0.148800705821203
"2144","AK1",-0.157367346601904,0.871856244609099,-0.265905761686894,0.998419475690512,0.167568389333755,0.25733259607393,0.108702227125994,-0.148630368947936
"2145","PPP1R2",-0.0696948333277313,0.847805856680946,0.101003858582086,0.998419475690512,-0.132223347462544,-0.0374185466642116,-0.185983979866944,-0.148565433202732
"2146","NRXN1",-1.42253363318832,0.159688043880807,0.0379599534276771,0.998419475690512,-0.189831752631991,-0.25053878319032,-0.102068858846982,0.148469924343338
"2147","SLC25A38",-0.216579260101099,0.734556172955541,0.0424030466171535,0.998419475690512,0.0442780812293365,0.157509910285938,0.00913587880024937,-0.148374031485689
"2148","UBA7",0.788563324573554,0.0894121773271623,0.639497131878908,0.228867640060625,0.202407701254453,0.225609523903932,0.0772415334684469,-0.148367990435485
"2149","SIRT2",-0.00942826906065308,0.982661347676242,0.115573027824853,0.998419475690512,0.0185953851670213,-0.0769289492833385,0.0712948466169374,0.148223795900276
"2150","BMF",0.299709284886501,0.555243119710808,-0.0147074132320795,0.998419475690512,0.139435495959984,0.22704602282698,0.0790129467774434,-0.148033076049536
"2151","HLA-E",0.658401190900828,0.0124918677651002,0.0188469318747018,0.998419475690512,-0.098677141108227,-0.242263998707668,-0.094241042824823,0.148022955882845
"2152","FOXO1",-0.611704890458493,0.094349352520638,-0.0137509190961447,0.998419475690512,0.192293847005885,0.113526056202041,0.261529540797099,0.148003484595057
"2153","IP6K1",0.155441800889906,0.695795168369526,-0.128138954657727,0.998419475690512,0.0220574035832432,0.135389360506857,-0.012592789534758,-0.147982150041615
"2154","MTSS2",-0.903404006784768,0.119098577591338,-0.291275237046224,0.143620267574694,0.368144126430591,0.386658418731362,0.238734265556911,-0.147924153174451
"2155","UBA1",0.115163087972471,0.587603637633855,0.548267152028031,0.861410095495095,0.0741813611655186,0.157252670567366,0.00940223317026849,-0.147850437397097
"2156","RNF8",-0.146668292763712,0.817906531313259,0.0855680353540057,0.998419475690512,0.0865094162364582,0.187399809842657,0.0396224513751759,-0.147777358467481
"2157","CEBPA",-0.0638274813671703,0.914459261636695,0.0507643868684158,0.998419475690512,-0.117689403125226,-0.218651089378739,-0.0709439327297194,0.147707156649019
"2158","GIMAP4",1.42988782362334,0.00368682374304898,0.285821971656837,0.853216168095328,0.50110573363621,0.356078332474836,0.503478405478866,0.14740007300403
"2159","EPS8L1",0.160898094824723,0.845705462860143,0.313190127552596,0.998419475690512,0.168030265697887,0.270089443028418,0.122820195116686,-0.147269247911732
"2160","GNPNAT1",-0.407999432858914,0.408229199728099,0.277669407700293,0.998419475690512,-0.0428776565079924,0.0738248534637154,-0.0733290183358631,-0.147153871799579
"2161","ADAT1",0.16762223003312,0.761086030105142,-0.049035122093736,0.998419475690512,0.113074485509376,0.221656498427498,0.0746343747793272,-0.147022123648171
"2162","TMEM106B",-0.289716356283146,0.522079164228479,-0.0802270218299144,0.998419475690512,-0.116763197928149,-0.266098094622669,-0.119315162527348,0.146782932095321
"2163","NDUFAF1",0.197879455461611,0.690619049676501,-0.0773924404882501,0.998419475690512,-0.0454585332709755,0.0688820384818347,-0.0776818226231512,-0.146563861104986
"2164","HSPG2",-0.883105998138418,0.11538786413392,0.227934733594436,0.721802398933348,-0.0828322106339255,-0.116696443547637,0.0298524326543857,0.146548876202022
"2165","SCO2",1.06280409310247,0.00105383594743339,-0.028390702824803,0.998419475690512,-0.0357267162345856,-0.132742515662899,0.0138041926882309,0.14654670835113
"2166","ZYX",0.119732992432274,0.761086030105142,0.130996781368237,0.998419475690512,-0.0377530185335862,-0.154241998981934,-0.00774396828718336,0.14649803069475
"2167","POLR2M",-0.141031424391685,0.82635178966425,0.0240314314891985,0.998419475690512,0.02082260509134,-0.0847992916590741,0.0614595501217172,0.146258841780791
"2168","HOMER2",-0.459422266525962,0.402481970249072,-0.233326126736081,0.541885633112779,0.166554549509046,0.183269902956703,0.0371448165261727,-0.14612508643053
"2169","NDC80",0.502416313913344,0.537987142362706,0.0934664614370401,0.998419475690512,-0.166711873959062,-0.0823222023712547,-0.228336360333049,-0.146014157961795
"2170","KIF23",-0.34064415963763,0.570083540187015,0.128410171441562,0.998419475690512,-0.148643982786669,-0.245162565159644,-0.0991636493576103,0.145998915802034
"2171","DYNC1LI2",0.0372936282031215,0.920181112769542,-0.0534338347667915,0.998419475690512,0.0231409810217846,0.124580447500647,-0.0212874299097838,-0.145867877410431
"2172","GOT2",-0.514655051668473,0.246089266122477,0.303173894971908,0.998419475690512,0.027353263309416,0.149067877856304,0.00324579396058526,-0.145822083895719
"2173","COQ6",-0.0846255443637459,0.910308501132521,0.122581502592918,0.998419475690512,0.08497938016158,-0.00430960856024908,0.1412393325834,0.145548941143649
"2174","MARS1",-0.0481747218821617,0.879024273914497,-0.00954176949125213,0.998419475690512,-0.229307400733462,-0.133316215906646,-0.278707603986406,-0.14539138807976
"2175","RAB5C",0.248523177581671,0.202990686350026,0.21205114411607,0.998419475690512,-0.0896433372433705,-0.230075947221689,-0.0847827309788557,0.145293216242833
"2176","GHDC",-0.0049263834724989,0.995312551170306,0.0754679646837729,0.998419475690512,0.181929520566006,0.0920884237640996,0.237280939501316,0.145192515737216
"2177","PIK3CG",0.338976676220196,0.242037265929921,0.234946628278917,0.728685732928855,0.074140708514497,-0.051513879557155,0.0935724621451319,0.145086341702287
"2178","ATF5",0.875848698739006,0.00581204423964016,0.0793080897131459,0.998419475690512,0.351962234803965,0.215404449051619,0.360395586981765,0.144991137930145
"2179","UFM1",-0.213734016976679,0.503969226994005,-0.144770628708102,0.998419475690512,-0.00196312364106915,0.0720314355665949,-0.0728941958758203,-0.144925631442415
"2180","CREB3L1",-0.173915367287305,0.838889704121446,0.0704825513892825,0.998419475690512,-0.119912875362238,-0.00885877479499674,-0.153642747339947,-0.144783972544951
"2181","IP6K2",0.278890503839897,0.343492307790766,0.0767142781406197,0.998419475690512,-0.0515098944462948,0.0451909521147903,-0.099492483450572,-0.144683435565362
"2182","MXI1",-0.457611548012061,0.269078920795165,-0.0864751656450219,0.998419475690512,0.120250422525678,0.171179465749915,0.0267221731620934,-0.144457292587822
"2183","GOSR1",0.315140293174281,0.279002061447802,0.00259050973714208,0.998419475690512,0.124924844972925,0.0352666708350984,0.179597268831865,0.144330597996767
"2184","NCOA7",1.082153546268,0.00736751559616164,-0.0562981067462372,0.998419475690512,0.000862005525195826,0.121492301444939,-0.0227530626095881,-0.144245364054527
"2185","VAV3",-0.134376305247984,0.79704905960713,0.412500563961511,0.423910207196171,-0.0832652692423886,-0.168007703700752,-0.0237995561172418,0.144208147583511
"2186","CPD",0.0420243588034867,0.944146758038521,-0.0363560806750597,0.998419475690512,0.0421927904107765,-0.0460251230456822,0.0981510688080146,0.144176191853697
"2187","PROM1",-1.5693376742956,0.0109621575482045,0.0094616665416656,0.998419475690512,-0.132877145095089,-0.0228637368903415,-0.167036656986669,-0.144172920096327
"2188","PC",-0.604073853782085,0.240274417276223,0.00677112303611271,0.998419475690512,-0.0763160842192178,-0.173644530516066,-0.0295195329601874,0.144124997555879
"2189","FCGR1A",0.9915235040898,0.0362758316080931,0.430945050149689,0.51047338451968,0.196233410944094,0.226525257042422,0.0824309265803208,-0.144094330462101
"2190","IFIH1",2.25352760764254,4.47836684063734e-06,0.36387571044645,0.251317346206996,0.720083698833576,0.56034818788571,0.70440684053283,0.14405865264712
"2191","PTPN2",0.0790705575608067,0.838416714890238,0.250161350925276,0.0785244746482019,0.125078770241638,0.191202048158923,0.0471713537886707,-0.144030694370252
"2192","TGFBR1",0.167514236907986,0.730849407537881,-0.0251907287813869,0.998419475690512,0.23506990496817,0.334037932676936,0.190022137010751,-0.144015795666185
"2193","MAPKAPK2",0.221800001303807,0.356969641208599,-0.0186131708830243,0.998419475690512,0.0656060855975584,-0.0203748759466185,0.123626589353568,0.144001465300186
"2194","TRIM62",0.074119818697045,0.916628632920434,-0.00470691477758496,0.998419475690512,-0.0703804994174276,0.0174401581870986,-0.126359916496138,-0.143800074683236
"2195","CD44",0.0049799000610047,0.995058392652656,-0.0337059099963357,0.998419475690512,-0.0314726758110436,0.0630262278270394,-0.0807102512378043,-0.143736479064844
"2196","ASF1A",-0.537045507831713,0.214556993486547,0.0362148705399771,0.998419475690512,-0.248626689728825,-0.331676539641708,-0.188071694995918,0.14360484464579
"2197","CHP1",-0.297180812125302,0.18394762681105,0.192183645045828,0.998419475690512,0.0275344103780165,-0.0338790301451084,0.109721266247063,0.143600296392171
"2198","KRT5",-0.294042939420567,0.768699577414694,-0.127569798812784,0.998419475690512,0.154635684641487,0.0703897897760099,0.213886165879977,0.143496376103967
"2199","CAMK2D",-0.460013844704601,0.199844605936044,0.399418635798726,0.550228813303962,-0.226359769437329,-0.0908639778517001,-0.234335345508783,-0.143471367657083
"2200","SPIN1",-0.410770528461956,0.209938125059353,-0.0439658732644102,0.998419475690512,-0.0268362809857835,-0.136058181739016,0.00739019884438121,0.143448380583397
"2201","ZBTB16",0.107282525617435,0.921479021574735,0.0211585693980164,0.998419475690512,0.12521424286774,0.0176032111322763,0.160994145672236,0.143390934539959
"2202","CNDP1",-0.368606607761644,0.723296176619281,0.00482106403879185,0.998419475690512,0.00535552223167234,0.0687954064729368,-0.0745740154887681,-0.143369421961705
"2203","AKT1",-0.274349096048618,0.372264478266813,-0.0122682440323979,0.998419475690512,0.0420964645949776,-0.0378222975716625,0.105505209539109,0.143327507110771
"2204","SPTLC1",0.10463639878843,0.770076590969038,0.0928245185235147,0.998419475690512,-0.000283121012270536,0.0866376909078406,-0.0565630146623836,-0.143200705570224
"2205","NDEL1",-0.362931132182703,0.428945620014768,-0.0797528386429117,0.998419475690512,0.076346606661856,-0.0363645127593431,0.106456283320823,0.142820796080166
"2206","PEA15",0.269964303491193,0.493517336379051,-0.0489749347412185,0.998419475690512,0.173568541175898,0.280402083179665,0.13772035830458,-0.142681724875085
"2207","AMIGO2",-1.24071461818136,0.00332864863531878,-0.112111575985181,0.659277869699275,0.273439371967652,0.272532782351003,0.129859415203331,-0.142673367147672
"2208","NARF",0.363934743853309,0.14914363850016,0.0225426869845205,0.998419475690512,0.0348115677675019,0.121053570400203,-0.0216117258730568,-0.14266529627326
"2209","H6PD",0.0803827646818209,0.818349606984455,0.557885173254685,0.706375430478359,-0.0392540419702015,0.0638204477449868,-0.0787462706110285,-0.142566718356015
"2210","NDRG2",-0.842464810563804,0.0453796485396537,-0.0464715262566284,0.998419475690512,0.137128126056685,0.00301460640066434,0.145428469338479,0.142413862937815
"2211","NUDT16",0.0991431689428825,0.849428841962763,0.197806088516196,0.998419475690512,-0.0269206234756839,0.0733942775856674,-0.0688056776037921,-0.142199955189459
"2212","SAR1B",-0.0197079107181188,0.961729538988344,0.0508817024234079,0.998419475690512,-0.0456017768512034,-0.146198270707541,-0.00400353469311951,0.142194736014421
"2213","TSNARE1",0.062741793424465,0.93310590747319,0.0172595036012211,0.998419475690512,0.068781025263872,0.167565612846328,0.0256586049128277,-0.141907007933501
"2214","HSD17B7",0.107624154356659,0.850126950232687,0.0133478760148769,0.998419475690512,-0.251697864480403,-0.160643351928613,-0.302418399845904,-0.141775047917291
"2215","PELO",0.060620906841139,0.911776684034494,-0.0137065066295585,0.998419475690512,-0.150937925255291,-0.240459237064768,-0.0987989618937217,0.141660275171046
"2216","PKP2",-1.14674352643487,0.0313303251419065,-0.121887638488365,0.998419475690512,0.0929125987921409,0.00452590295340439,0.146029471337845,0.14150356838444
"2217","TPP1",-0.0814454885862099,0.866398163335226,-0.149151554801411,0.998419475690512,-0.0534918994723631,0.0389353402599151,-0.102384683619294,-0.141320023879209
"2218","UNC5A",0.520334605177386,0.224010579609336,-0.0847497931720669,0.998419475690512,-0.109445291459378,-0.180232209782052,-0.0389238801953075,0.141308329586745
"2219","UBE2N",0.0600829262405919,0.890582211675261,-0.0091719009756042,0.998419475690512,0.0616370399205798,0.156361411035236,0.0151225402297685,-0.141238870805467
"2220","NDUFB11",0.350153968150247,0.479470414844874,0.101951761795349,0.998419475690512,0.139293136325128,0.0602218780576127,0.201282962923455,0.141061084865842
"2221","DSC2",0.348311998097481,0.415299432655602,-0.0370075421554051,0.998419475690512,0.17924293018828,0.0841881482693162,0.225244563801296,0.14105641553198
"2222","INPP5D",0.600907868450449,0.0237011552840779,-0.0581307341052259,0.998419475690512,-0.127357119207267,-0.0124345665330194,-0.153478467009327,-0.141043900476308
"2223","CYBRD1",-0.357656557512144,0.539433567721707,0.00938556166076421,0.998419475690512,-0.272363211062479,-0.193519374681011,-0.334556033622533,-0.141036658941521
"2224","SLC26A11",-0.201576707387045,0.671644568692402,0.0175888134943127,0.998419475690512,0.202408722292782,0.103243524391621,0.244227202309788,0.140983677918167
"2225","CTNNA1",-0.247427631681296,0.287232357510207,-0.105567956747873,0.998419475690512,0.0475788314218266,-0.0229925614869319,0.117860962245613,0.140853523732545
"2226","SIRT6",0.347332454682892,0.385633464239127,0.104130296306488,0.715823515377884,0.0176399869948725,0.0914572179352989,-0.0493662939008442,-0.140823511836143
"2227","CLSTN3",0.313477256342103,0.404446968426982,0.348691711741658,0.791573009435334,0.0771111719565914,0.130684608023575,-0.0101100867723008,-0.140794694795876
"2228","NUDT1",-0.232527938767079,0.814402556712384,0.0558510868881438,0.998419475690512,0.0800095542276831,0.176326678922589,0.0356256736591426,-0.140701005263446
"2229","MLEC",-0.674235990612329,0.0712749345409782,0.267018936457162,0.998419475690512,-0.0620457657026766,0.0861424356363093,-0.0544204639493932,-0.140562899585703
"2230","TADA2A",-0.216408280914846,0.755916076413573,0.0128650146276659,0.998419475690512,-0.000822545360913574,-0.0965097331967928,0.043898432164906,0.140408165361699
"2231","NDRG1",0.0296564449368599,0.956506932519683,0.0294816907472696,0.998419475690512,-0.181368989670267,-0.278806694402352,-0.138546088692956,0.140260605709396
"2232","RPS3",-0.131720881656068,0.761651257014385,0.251052163857985,0.998419475690512,-0.171376433511954,-0.270787614611222,-0.130633647368218,0.140153967243004
"2233","EIF4EBP1",-0.377061901524284,0.587893058319172,0.0915224623873866,0.998419475690512,-0.273021057400319,-0.359288975980581,-0.21944088011265,0.139848095867931
"2234","NEO1",-1.00196271512357,0.0774127212302872,0.012338134355199,0.998419475690512,0.0358062307186766,-0.0718565095173053,0.0678645412862711,0.139721050803576
"2235","DR1",0.388479672994893,0.0844701297186037,0.0878543058530804,0.998419475690512,0.0829292135027627,-0.0268126253957478,0.112652177595994,0.139464802991741
"2236","BMERB1",-1.50711238796559,0.00496231183280117,0.0273931564260976,0.998419475690512,-0.100510756970851,-0.160423416687474,-0.0210461663045605,0.139377250382913
"2237","EGLN1",0.11421703339433,0.784056127786874,0.0965747798679089,0.998419475690512,0.126625477285958,0.0154920820733628,0.154772355944185,0.139280273870822
"2238","SAR1A",-0.0920438102125861,0.762868775835592,-0.106853733820644,0.998419475690512,0.0357895049663891,0.12316343009723,-0.0161033530957114,-0.139266783192942
"2239","GABARAPL1",-0.130991832154805,0.707072548039102,0.298548974474031,0.998419475690512,0.0169572477849946,0.137141741147295,-0.00211909300407041,-0.139260834151365
"2240","PRSS8",-0.215337541557682,0.74937451863322,-0.0556473797200908,0.998419475690512,0.14209630679603,0.230408677074853,0.0912217091432174,-0.139186967931635
"2241","PAWR",-0.301653131223431,0.656110467848682,-0.0323503597154408,0.998419475690512,0.286324412993974,0.344139639344961,0.204975808926269,-0.139163830418691
"2242","CAMKK1",-0.111595576628903,0.825020969489209,-0.0516106061905916,0.998419475690512,0.299195570637048,0.192313390114126,0.331358932543293,0.139045542429168
"2243","RAB21",0.147316442393949,0.728197734250814,0.455183696445468,0.874049872264311,0.0833461451685177,-0.0118412112217557,0.127191682706316,0.139032893928072
"2244","C4B",-0.240038293792581,0.745464710272653,0.521970416007939,0.84343372662366,-0.20477480356004,-0.259775987871261,-0.120757018555539,0.139018969315722
"2245","DAPP1",1.38303829309157,0.000125558058430597,0.260869567964435,0.998419475690512,0.242377806195153,0.0915523238232852,0.230471214274504,0.138918890451219
"2246","IL6",0.724493545283642,0.532068816199045,0.56856229065703,0.707433531662766,0.367880866391226,0.242424417549906,0.381322066227105,0.138897648677198
"2247","TXNDC15",0.0176405941324428,0.977652325142357,-0.00419542400363584,0.998419475690512,0.0855075940028667,0.171265124863415,0.0324129654913908,-0.138852159372024
"2248","RAB43",0.607737506977213,0.00952135711567383,0.140157190655062,0.998419475690512,0.0142132528862461,-0.139861884839198,-0.00106487798457131,0.138797006854627
"2249","CDYL2",0.550855032999178,0.209938125059353,0.00297702007366602,0.998419475690512,-0.0867729717249448,0.0255511217513824,-0.113178256558481,-0.138729378309863
"2250","SENP1",-0.0157970793153351,0.976235197391995,0.257373265058822,0.960940008943582,0.143243789973952,0.248450699290595,0.109730429718554,-0.13872026957204
"2251","ARHGEF7",-0.165966669144277,0.540988933873221,0.0717586208005477,0.998419475690512,0.0393911353951089,-0.0594285570942028,0.0792430049437072,0.13867156203791
"2252","DNAJC19",-0.496875888813435,0.338020326853893,0.196690920618228,0.77932860200008,-0.167557964325469,-0.0333393646755907,-0.171974057654725,-0.138634692979135
"2253","PSMB1",0.159638976612094,0.724115777860023,0.297554851673101,0.994739550495444,0.104827841735507,0.179672124552443,0.0410560719156351,-0.138616052636808
"2254","FOXJ2",-0.0235048717623023,0.950143820927288,-0.0439166137829796,0.998419475690512,-0.0691183359206996,0.0211398880827594,-0.117389513298954,-0.138529401381714
"2255","GMFB",0.231109184097126,0.518802165653983,0.322070732103529,0.844219646885179,-0.122242881976182,-0.0676926837385502,-0.206122751934836,-0.138430068196286
"2256","SPARC",-1.75234056646904,0.00748516383689959,0.128285479401306,0.849533369989811,-0.217024079428554,-0.197608568423556,-0.0592353838046086,0.138373184618947
"2257","MTX2",-0.191868798326986,0.761651257014385,-0.0151755081279544,0.998419475690512,-0.10143203473471,-0.0151423390330076,-0.153496864466525,-0.138354525433518
"2258","SNX1",0.213315709365831,0.550449119460996,-0.0404917410761363,0.998419475690512,0.0832750913566613,0.01454604868037,0.152896681582441,0.138350632902071
"2259","PPP3R1",0.32516158344288,0.229306274774046,0.179146491694829,0.998419475690512,0.102515814020526,-0.0138734907663246,0.124297190033834,0.138170680800159
"2260","USP25",0.757638206664147,0.00835603039634661,0.181920371453424,0.917185685045979,0.204449501557291,0.047765993747672,0.1859007468716,0.138134753123928
"2261","CTSA",0.230004438796095,0.50400418750053,-0.00303673764268901,0.998419475690512,0.0263725124478648,0.12686880551526,-0.0112332563317369,-0.138102061846996
"2262","CELF2",0.228780651176786,0.523300277738329,0.159032096925281,0.998419475690512,-0.0329457770329226,0.0475369117815977,-0.0904606695804229,-0.137997581362021
"2263","HNRNPA2B1",0.247729155333321,0.398413152461288,0.374067584655877,0.998419475690512,0.058341515505047,-0.0780552278540511,0.0597905665753624,0.137845794429414
"2264","MOB1A",0.458034353784724,0.0290727646030427,0.00335876474979948,0.998419475690512,0.101181730443188,0.0509327224743269,0.188747300943439,0.137814578469112
"2265","BSG",-0.191506969059093,0.522079164228479,0.104913455670519,0.998419475690512,0.12793341796539,0.0902375571446325,0.227981990075005,0.137744432930372
"2266","PFN1",0.191125260578611,0.609002447001136,0.209115570764866,0.998419475690512,0.140167866347169,0.0298903801826795,0.16750742513081,0.137617044948131
"2267","ARL6IP5",0.257490642204405,0.284308414772787,0.0093988381726466,0.998419475690512,-0.00797491825676423,0.0927063063965541,-0.0448970120951917,-0.137603318491746
"2268","CUL9",0.0612096690952021,0.912029094873388,-0.060963006798795,0.998419475690512,0.2141904008527,0.13343612527485,0.271011809465709,0.137575684190859
"2269","ADRM1",0.198249021697829,0.492145895343578,-0.0971186107696788,0.731090897332187,-0.049322322389448,-0.116273764626219,0.0212197963327852,0.137493560959004
"2270","HERC4",0.200961393757018,0.55780939811833,0.00888627886832149,0.998419475690512,0.127325176349261,0.233237656123143,0.0957635790501632,-0.13747407707298
"2271","BATF",0.921092570793616,0.0123539997535055,-0.0574133021089471,0.998419475690512,-0.00820415146321413,0.117051936054443,-0.0203180874058138,-0.137370023460256
"2272","CBLIF",0.437656166355669,0.618098590488199,-0.25096260590607,0.565340011812361,-0.0347772516246572,-0.0810756955226521,0.0562350344412514,0.137310729963904
"2273","PCK2",0.182564561388634,0.724659069213919,0.0685027845045179,0.998419475690512,0.237557999355848,0.318611070975558,0.181437015795711,-0.137174055179848
"2274","SULT1B1",0.450641192806086,0.391419118757372,-0.147811682324787,0.998419475690512,0.27231269420965,0.372599627811369,0.235463061854525,-0.137136565956845
"2275","CMIP",0.0973832054052895,0.691555329002916,0.093176937972797,0.998419475690512,-0.0117252059838744,-0.133290504117569,0.00384256239365658,0.137133066511225
"2276","RPS19",0.0138861253002742,0.981549629508397,0.276449629869898,0.998419475690512,-0.0318087697292547,0.0487388063113348,-0.088392838333434,-0.137131644644769
"2277","PTPRH",0.259175329999056,0.725800771992487,-0.028653662685011,0.998419475690512,-0.124533988768953,-0.213158129434885,-0.0761283871794402,0.137029742255445
"2278","HDGF",-0.135257049038041,0.68096773419648,0.0649787394868986,0.998419475690512,0.0337777065313828,-0.0523830928283069,0.0845868699696367,0.136969962797944
"2279","UBA5",-0.537873743522423,0.221358209734288,-0.0032863500662697,0.998419475690512,-0.144214967172065,-0.23921781834397,-0.102314034502252,0.136903783841719
"2280","WWOX",-0.503085027019095,0.389411557835695,-0.0819410371547163,0.980682888930444,0.0977842804432802,-0.0462870517198785,0.0904833688660463,0.136770420585925
"2281","PIM1",0.879458047059518,0.00194418596704229,0.0129141466311914,0.998419475690512,0.198955016156773,0.320053434402601,0.183363244885097,-0.136690189517504
"2282","CLEC1A",-0.168427820111724,0.815201928908877,0.0524922994690138,0.998419475690512,-0.0022498024827202,0.113423031160967,-0.023236209968264,-0.136659241129232
"2283","PIP4K2A",0.261491885170261,0.286536108078172,-0.180933875330414,0.998419475690512,-0.0783797789724488,-0.146291804830495,-0.00969666302169445,0.136595141808801
"2284","SNRPA",0.11764535113846,0.840796473273367,0.433653404835264,0.791573009435334,-0.0781914185241496,0.0134537538252579,-0.123126055255215,-0.136579809080473
"2285","ARHGAP24",0.0398347001040876,0.95086507697425,-0.0263450594565993,0.998419475690512,0.385979533383535,0.481202347925196,0.344622641937782,-0.136579705987414
"2286","TAF12",0.10699081745098,0.81932230857114,0.0107849200710226,0.998419475690512,0.132415254329595,0.226214281853271,0.0896854665823829,-0.136528815270888
"2287","ESS2",0.262062600227833,0.511414401569523,-0.0699446377657233,0.998419475690512,-0.1464184882563,-0.216286210808236,-0.0799261162772722,0.136360094530964
"2288","PSMD11",0.0486287181964515,0.910308501132521,0.286365831610842,0.964835353022169,-0.17213151936108,-0.297355970918718,-0.16102822439438,0.136327746524338
"2289","BMX",0.622761497306414,0.253741921733006,-0.0145564898635582,0.998419475690512,-0.220197782262296,-0.324486562118273,-0.188183509552184,0.13630305256609
"2290","RAB31",0.0833219534197677,0.854954243750609,0.408639728161996,0.844219646885179,0.282798893025372,0.164097254950237,0.300297273348147,0.13620001839791
"2291","ABHD4",-0.0379115463114404,0.958551654917781,-0.127845955323032,0.89986538244331,0.116964291451077,0.0102388842908174,0.146280579904685,0.136041695613868
"2292","PGLS",0.124326349461274,0.794726904681466,0.24558049950742,0.998419475690512,-0.00429441233557485,0.0811679182963597,-0.0548339399315741,-0.136001858227934
"2293","RHOC",0.567809191028425,0.107748660273847,-0.0429660431660154,0.998419475690512,-0.0049578398725805,0.0722163980283732,-0.0637576230779447,-0.135974021106318
"2294","LYPLAL1",-0.754219236582815,0.105453717048422,-0.0146873231737415,0.998419475690512,-0.231236344887016,-0.348368360717112,-0.212463924818971,0.135904435898141
"2295","IL2RG",0.285496542832839,0.643409664348631,-0.159582317449655,0.915163423081306,-0.0984312402024731,-0.158537448337145,-0.0227177995291656,0.13581964880798
"2296","MRI1",-0.270888292051743,0.628873311442005,-0.340644881928842,0.324104568868761,0.121936581459481,-0.0111498313362471,0.124493148201267,0.135642979537514
"2297","DDIT3",0.330697505072305,0.343492307790766,-0.0662576978125326,0.998419475690512,0.248339340170476,0.189578808140793,0.325161012157267,0.135582204016475
"2298","S100A12",0.773475019389576,0.386571380734505,0.527220434690107,0.652101980055702,0.254004971128037,0.118974985326883,0.254556166859474,0.135581181532591
"2299","RACGAP1",-0.342521696812111,0.492758634453204,0.0334314394765518,0.998419475690512,-0.0290612711549853,-0.0888447283112026,0.0466841621704806,0.135528890481683
"2300","PDCD6",0.0979757367152316,0.735454620940974,0.0842426735473309,0.998419475690512,-0.22211086764261,-0.145054977284722,-0.280504017150401,-0.135449039865679
"2301","TMEM167A",0.149551428242632,0.704400617112373,0.0388173654890469,0.998419475690512,-0.012197746735925,0.0864839429770782,-0.0489069821252048,-0.135390925102283
"2302","PAM",-0.19144474410114,0.574083689950691,-0.182359837284098,0.998419475690512,0.156074350562103,0.241126721170691,0.105809524377319,-0.135317196793372
"2303","EZR",-0.0527093027410116,0.907336765121023,0.230442017132857,0.998419475690512,0.219387292805475,0.308297970670893,0.173019034194724,-0.135278936476169
"2304","AREG",-0.261849614330331,0.730820762377011,-0.102172191098613,0.998419475690512,-0.218017679480495,-0.112576505147501,-0.247807903316665,-0.135231398169164
"2305","TMEM167B",-0.0246955529569796,0.938637179710269,-0.00403693915847709,0.998419475690512,0.296994049653609,0.380052044889773,0.244823067725308,-0.135228977164465
"2306","UBB",-0.207951319622557,0.591813455797594,0.22798715894711,0.998419475690512,-0.00335307570736566,0.10235748205549,-0.0327139832887288,-0.135071465344219
"2307","DCTN2",-0.267496685288798,0.350434634367511,0.131403656689903,0.998419475690512,0.0960062360090947,0.204801588013823,0.0698903932743902,-0.134911194739432
"2308","NUP98",-0.19204927135616,0.566640377812889,-0.0891475516362403,0.998419475690512,0.261384134527935,0.331626510106391,0.19696955071588,-0.134656959390512
"2309","UBTD2",0.103495990997529,0.82703585227619,0.0459713131855439,0.998419475690512,0.0272601776647247,-0.0719807663400027,0.0626438756511278,0.13462464199113
"2310","HEY1",-0.689227133107076,0.254100836254447,-0.0294899240604644,0.998419475690512,0.0239630336097835,0.0693495445772204,-0.0652528060327611,-0.134602350609981
"2311","DAZAP1",-0.110859433366256,0.804871661061754,-0.0706451329025565,0.998419475690512,0.122764760740861,0.0320699311029796,0.166610911112174,0.134540980009194
"2312","CCDC149",0.000791775641378239,0.999379515836943,0.000414092856506067,0.998433450236531,0.0877663492339022,-0.00302656382613228,0.131470290700273,0.134496854526406
"2313","FAM3C",-0.0593543976132994,0.907382448464739,-0.0572636289459764,0.998419475690512,-0.037816685783753,-0.147489524975782,-0.0133150927379582,0.134174432237824
"2314","HAUS1",0.00205815721495683,0.998651027451072,0.0110974502382946,0.998419475690512,0.143869333417449,0.232155627467155,0.0982295100413157,-0.13392611742584
"2315","BET1L",-0.130724556897108,0.739312993134833,-0.0719027930274887,0.998419475690512,-0.01422328564584,0.0653856896012702,-0.068419724563829,-0.133805414165099
"2316","SFTPB",-0.316217210526402,0.701512060192712,-0.809788060369099,0.489329172537047,0.29038371902361,0.176419171405769,0.310197899183219,0.133778727777449
"2317","CLEC7A",0.492519736573324,0.230393898798705,0.0537686036610569,0.998419475690512,-0.0815530908944439,0.0066602517885549,-0.127012252826072,-0.133672504614627
"2318","TTC33",0.0759217986332242,0.885917174098569,0.31920719171694,0.706375430478359,0.213838509249252,0.298385889410622,0.16476768172008,-0.133618207690541
"2319","SPINT2",0.0276953572749885,0.959784463013115,0.00763824911485533,0.998419475690512,0.266776224251881,0.365318329761246,0.23183614113698,-0.133482188624266
"2320","TNFRSF14",0.24719904899175,0.543997471601539,-0.00117750035607441,0.998419475690512,0.128196226714854,0.23634073325827,0.103068775044978,-0.133271958213292
"2321","BNIP3L",0.160034451494507,0.694966334712374,-0.00378152665898036,0.998419475690512,-0.0676919177427222,0.0157371605925765,-0.117509452570554,-0.13324661316313
"2322","KIF22",0.291053083311123,0.571980355833318,0.0281373037628317,0.998419475690512,-0.131112540699606,-0.22756202605705,-0.0943251108326495,0.1332369152244
"2323","ENO3",-0.535091590674774,0.456945026199833,-0.315193494016543,0.142818578284896,0.0261430593281672,-0.110716297265143,0.0225172746879104,0.133233571953054
"2324","PLXNB2",-0.53643665769151,0.0597316049813165,0.079602063118291,0.998419475690512,-0.111909667987749,0.000359997201130618,-0.132862827391449,-0.13322282459258
"2325","CANX",-0.301970419081693,0.139824049523317,-0.0403577781264685,0.998419475690512,0.0166588040168315,0.0719831238562618,-0.0611637874697186,-0.13314691132598
"2326","RPRD1B",-0.0267859681392772,0.962472754256285,0.0198430231457913,0.998419475690512,0.0501469350053751,0.125085161414902,-0.00793967450485461,-0.133024835919756
"2327","SMAD1",-0.335882307346064,0.648838967860446,0.0104724000350282,0.998419475690512,0.0524405533124042,-0.0409796806122685,0.092021187435738,0.133000868048007
"2328","CYB5R2",-0.0445595648395855,0.957809802622088,-0.0115934246536995,0.998419475690512,0.0131626308121211,0.114609829371685,-0.0183144435891107,-0.132924272960796
"2329","FCGR3A",0.26877970299016,0.598080560712398,-0.318783285720136,0.998419475690512,0.107251889210213,0.214065729735554,0.0812675732018033,-0.13279815653375
"2330","COMMD1",0.0946192817211524,0.885917174098569,0.0890416691087219,0.998419475690512,-0.252516523773437,-0.349474982406051,-0.216959016065831,0.13251596634022
"2331","HK2",0.325459630851967,0.273188441651796,0.26543867916889,0.998419475690512,0.0662517878189424,-0.039963728786996,0.0925107411823691,0.132474469969365
"2332","TIMM21",-0.533125102513535,0.37509456104511,-0.0276221604510265,0.998419475690512,-0.0689365899840948,-0.161624867882585,-0.0292234410244091,0.132401426858176
"2333","FAHD1",-0.0722535655090603,0.915985650215364,0.288812007374319,0.998419475690512,-0.0258243632177041,0.0671876965929534,-0.0651918679961215,-0.132379564589075
"2334","BZW2",-0.221839806708342,0.627624855673597,0.0744210624043984,0.998419475690512,0.018376638239686,-0.0692460932454897,0.0629790750121548,0.132225168257644
"2335","SCARF1",0.268346909044917,0.694836634835257,0.32876810972095,0.464129787532698,0.127365305873814,0.0278632915988092,0.160016988635009,0.132153697036199
"2336","TNFSF12",-0.320689649859203,0.606987061377891,-0.12887262010664,0.853216168095328,0.181955703323399,0.068410563261388,0.200486855503854,0.132076292242466
"2337","PGRMC1",-0.118703557351529,0.8275902342567,-0.170276673642703,0.868717864261385,0.344513959738121,0.401163851366117,0.269140358567779,-0.132023492798338
"2338","CASP8",0.314628946453816,0.34003625547955,0.000685605304960551,0.998419475690512,0.00660952915167632,0.103117886013335,-0.0288919606619204,-0.132009846675255
"2339","EMC4",-0.0710873934963209,0.882952836035085,0.219062906328915,0.667314755509568,-0.017416474008443,0.103865056023963,-0.027941824120711,-0.131806880144674
"2340","PSMB9",1.75113877792081,1.25914448190335e-05,0.145383532042158,0.998419475690512,0.025771087184378,-0.186553625794204,-0.0547685673721145,0.131785058422089
"2341","IFIT2",4.0791927956358,1.68383887145097e-06,0.478794236448584,0.216876538083193,0.659520916106804,0.513813198708825,0.645579676704869,0.131766477996044
"2342","CEBPG",-0.162043903928502,0.695795168369526,-0.00449576788880569,0.998419475690512,0.0936910635780424,0.00102870599850647,0.132769316409823,0.131740610411317
"2343","HRAS",-0.195606846810609,0.802295813107339,0.0354527892505587,0.998419475690512,0.00983906653652483,0.115741676668018,-0.0159628519237367,-0.131704528591754
"2344","TCEAL3",-0.737764056282701,0.0549491621896388,-0.111548814433919,0.998419475690512,0.232215431393397,0.286444729502546,0.154816045538868,-0.131628683963678
"2345","RNASE1",0.71820662358933,0.373485482293905,-1.50961526169736,0.0104147171666229,0.215309593904186,0.398993666448232,0.267397679186842,-0.13159598726139
"2346","SRSF7",0.221463250390259,0.450101589406826,0.204882670916806,0.998419475690512,-0.0300999028425838,-0.143283883868681,-0.011944010485884,0.131339873382797
"2347","ATAD1",0.364761209646575,0.328782243848662,0.481826234007777,0.210904001530224,-0.113216572564603,-0.0932326607221316,-0.224567299417449,-0.131334638695317
"2348","PDGFC",-0.334764044754879,0.588272514221546,-0.105129630790564,0.843121181677977,0.135687252105455,0.193205764390965,0.0619518229968364,-0.131253941394129
"2349","PPM1M",0.305880820580901,0.399576616951996,0.00878647225836681,0.998419475690512,-0.052979720638114,-0.145164178126011,-0.0140264689032573,0.131137709222754
"2350","SCGB3A1",-2.98202418014462,0.000499455262306468,-0.43798735313247,0.998419475690512,0.33381874129107,0.429483830325132,0.29839397976736,-0.131089850557773
"2351","GFAP",-0.0936566246673467,0.93159978511032,-0.0252806981533654,0.998419475690512,-0.0164273157026138,-0.117027098852198,0.014048181635507,0.131075280487705
"2352","RIOX2",-0.215916512481843,0.74931138903033,0.322859184120503,0.993246420374571,0.0883357902783842,0.196047798468964,0.0649844941888306,-0.131063304280134
"2353","EIF2S1",-0.172694069131876,0.725201818794902,0.432075210284499,0.998419475690512,0.0177028550344618,0.123187153716245,-0.00783974333687269,-0.131026897053117
"2354","DEFB1",0.286524690430524,0.848830000908909,0.283294024024346,0.998419475690512,0.0994349819480607,-0.0209066029235752,0.110064630806647,0.130971233730222
"2355","HNMT",-0.673559360951739,0.062792784750178,-0.356713223499907,0.724015366092508,0.0895293395920242,-0.0292003233482056,0.101620721542648,0.130821044890853
"2356","BIK",0.529914812875795,0.44852697267545,-0.043191000509313,0.998419475690512,0.00770883862681114,-0.0821449764107808,0.0486564024728883,0.130801378883669
"2357","FH",-0.68671571980308,0.0645629165142567,-0.272364515186317,0.998419475690512,0.149958110348327,0.044538867097489,0.175177912102812,0.130639045005323
"2358","KAT2A",0.247718954808721,0.620360970716254,0.125955318801908,0.954918486558191,0.0290186556353136,0.097659260800204,-0.0328440894856451,-0.130503350285849
"2359","LILRA6",0.410875017400155,0.256914537845439,0.345628591835164,0.564881389423587,-0.0115616335978338,0.0268669265158027,-0.103476132641947,-0.13034305915775
"2360","CLEC10A",0.358989797420732,0.601023879120381,-0.0189711389726927,0.998419475690512,-0.0101341239798804,-0.0821574566541496,0.0479984060887452,0.130155862742895
"2361","BRPF1",-0.2911732728307,0.323759973272291,0.0742863042912043,0.998419475690512,-0.0940803287978144,-0.137547083683778,-0.0075539574880074,0.129993126195771
"2362","NEU1",0.366871369865717,0.16133569108779,-0.184355487121759,0.388198145244598,0.142688058529857,0.286430816359508,0.156451306020286,-0.129979510339222
"2363","TATDN3",0.17869304333018,0.776365214740563,-0.107484807270504,0.998419475690512,0.108618698945535,0.0298699244907734,0.159672738575319,0.129802814084546
"2364","CLIC4",0.290730109905621,0.468439152334997,0.224441963723732,0.998419475690512,0.000248265722139395,-0.102442861849243,0.0273580729381728,0.129800934787416
"2365","DCK",0.234386243334397,0.577289599252973,0.221166965179056,0.715823515377884,-0.0144677985797621,-0.137325561575342,-0.0075738987515168,0.129751662823825
"2366","P4HA2",-0.90767100464709,0.0237011552840779,0.0107094288301636,0.998419475690512,0.000309630170615577,0.093664609770973,-0.0360753266988503,-0.129739936469823
"2367","GRHPR",-0.193012446505702,0.712894847495719,0.0881868578637783,0.998419475690512,-0.00518221463971812,0.100762590631837,-0.028863282965424,-0.129625873597261
"2368","MED20",0.376400805192698,0.400357207875266,0.0494668602891654,0.998419475690512,-0.0759028423204619,0.000510531230401076,-0.128903737545903,-0.129414268776304
"2369","HS3ST3A1",0.414560110849149,0.711794086743301,-0.020482826765216,0.998419475690512,0.00227632119759189,0.107068498379636,-0.0223339838789136,-0.129402482258549
"2370","RELB",0.502077612738618,0.147997503237843,-0.029151606497916,0.998419475690512,-0.0648232380259384,0.0473892564514398,-0.0819915288857126,-0.129380785337152
"2371","RRAGC",0.248502180351882,0.55826560940314,-0.0187379030119825,0.998419475690512,-0.0922173470392262,-0.182726967940158,-0.0533696202263038,0.129357347713855
"2372","RRM1",0.133650682120181,0.851794886815126,0.531095778778462,0.867954501602719,-0.116110802870223,-0.0379839988953474,-0.167304612256507,-0.129320613361159
"2373","KDM4C",0.347967794268108,0.276477249837563,0.138692012949034,0.998419475690512,-0.0243646047801409,0.0552056016420934,-0.0740826168735732,-0.129288218515667
"2374","SMYD2",-0.886333900977872,0.0755412792020202,-0.0718129129823864,0.998419475690512,-0.126495253499905,-0.243333374587375,-0.114461653053136,0.128871721534239
"2375","TGFBR2",0.158383889189475,0.605202419308557,0.0279432493180042,0.998419475690512,-0.113886942950194,-0.0239200213828214,-0.152659232986057,-0.128739211603236
"2376","SYK",0.0753700013305787,0.858775054123573,0.140559153789515,0.998419475690512,0.0726475709880932,-0.0332247718176299,0.095480590485557,0.128705362303187
"2377","PGRMC2",-0.0672911481097234,0.910034163788595,0.0198493504727272,0.998419475690512,-0.135430548105134,-0.239815180904721,-0.111123390431043,0.128691790473678
"2378","CNN1",-0.125782756639634,0.919333355796337,-0.00421259046391451,0.998419475690512,-0.0209951927520046,-0.115515355290118,0.0131180788806262,0.128633434170744
"2379","ENSA",-0.018561828896549,0.952432063357582,-0.292895807722104,0.953563623838337,0.177355088912731,0.253209588233908,0.124731638944695,-0.128477949289213
"2380","DPY30",-0.408595245817339,0.322092328866931,-0.16834775792186,0.998419475690512,0.0276116986990274,-0.0688186913094454,0.0596140282670275,0.128432719576473
"2381","HSDL2",-0.00945829594658724,0.987270304696774,-0.332567670574166,0.797945864179562,0.139547403098403,0.0657973050575641,0.194219391902271,0.128422086844707
"2382","SRP14",0.181871364725182,0.613061355738642,-0.0502062637322001,0.998419475690512,-0.155687102156373,-0.229815757795088,-0.101544422803061,0.128271334992027
"2383","DCAF12",0.396512955680859,0.138422303150485,-0.0698113273127356,0.998419475690512,-0.0763537736207103,-0.135757750319984,-0.00749407242473603,0.128263677895248
"2384","SRP19",0.122781820884238,0.757642342829409,0.145037567971807,0.998419475690512,0.0185011197307111,0.100311625143442,-0.0278317969891953,-0.128143422132637
"2385","TNFRSF8",0.336297247343305,0.593925356760499,-0.114127552072087,0.998419475690512,-0.0644704609157341,0.0143459041573,-0.113739880978364,-0.128085785135665
"2386","B4GALT3",0.0471261849328769,0.924414378955857,0.0208100095969132,0.998419475690512,0.0574156417433298,0.154047138628884,0.0261985948108381,-0.127848543818046
"2387","H2BC21",0.436495958057993,0.301074723803943,0.388389279925628,0.998419475690512,0.0241507030549503,-0.0745859271196584,0.0531020748119956,0.127688001931654
"2388","POFUT1",-0.45413895021585,0.126464893528089,0.213766099241345,0.998419475690512,-0.0668381083174555,-0.144809492076425,-0.0171306408943434,0.127678851182082
"2389","MAP1LC3B2",0.615799719855554,0.439845208728258,0.130047969216345,0.998419475690512,-0.146372523913609,-0.0635737707133585,-0.191236318895049,-0.12766254818169
"2390","SF3B4",0.283117357205978,0.341279766085176,0.0638534832460337,0.994306542239506,0.00461799780092735,-0.106986311372092,0.0206114556587972,0.12759776703089
"2391","ARSB",0.10044445361516,0.78959089958377,0.10914001054712,0.907520138716496,-0.00851000617238387,-0.109567839389801,0.0178642734372739,0.127432112827075
"2392","PNPT1",1.03412580988191,0.0992715189411695,0.229170101672102,0.998419475690512,0.359998169726865,0.456739379516953,0.329583332520055,-0.127156046996898
"2393","PTS",-0.341330320529812,0.468098663530687,0.182455680991747,0.998419475690512,0.149384978375258,0.0813741142451456,0.208392498895252,0.127018384650106
"2394","TRIM5",1.37496485873971,0.000499455262306468,-0.0323842792864346,0.998419475690512,0.0149758488879766,0.0953590283859111,-0.0312622521676881,-0.126621280553599
"2395","SSU72",-0.023455789788687,0.937475663761513,0.210431611706935,0.96329381930457,-0.205099401031539,-0.105954730472259,-0.232311615979258,-0.126356885506999
"2396","ADAM17",0.0983048253098765,0.784056127786874,-0.0119829118663831,0.998419475690512,0.0273624583354007,0.114412026388073,-0.0117568797114399,-0.126168906099513
"2397","SNIP1",-0.0339367477448875,0.948130054189958,-0.099208689862092,0.998419475690512,0.148829845927948,0.0663236786274179,0.19241577238446,0.126092093757042
"2398","UBA2",-0.211121034232428,0.605587029903486,0.0653333114490692,0.998419475690512,0.111027816963802,0.203066029387419,0.0770325554809142,-0.126033473906505
"2399","ARFGAP2",0.107659301670429,0.795370963599792,0.0394450872196702,0.998419475690512,0.0830148879109832,0.16478928712929,0.0387873993048767,-0.126001887824414
"2400","HINT2",-0.635816238911579,0.358651647589299,-0.0575519842397311,0.998419475690512,-0.154674751754126,-0.251438470343381,-0.125741960003624,0.125696510339756
"2401","CHMP4A",0.274637509754842,0.597840921575439,0.0162211394247455,0.998419475690512,0.0511283688943978,-0.0362471113610678,0.0893795226987222,0.12562663405979
"2402","PFDN4",-0.163747316375875,0.847805856680946,0.00709003775503702,0.998419475690512,0.138345936563192,0.0611735966063853,0.186757394475118,0.125583797868733
"2403","DUSP28",0.0561703537414681,0.9228044236674,0.0477504093346392,0.998419475690512,0.215882867881197,0.134123201393411,0.259647438739323,0.125524237345912
"2404","CXCL3",-1.41768375057875,0.0167186592276395,-0.134385636759036,0.998419475690512,0.352972433859834,0.28088899008234,0.406360257644988,0.125471267562648
"2405","SHISAL2A",-0.115525400176542,0.915746032063861,-0.0538327804272748,0.998419475690512,-0.0710865460195237,-0.158425576485804,-0.0333104551843931,0.125115121301411
"2406","USP8",0.235491901868809,0.287038469532367,0.0363642322698379,0.998419475690512,-0.0268873328198392,-0.134917953162916,-0.00981020089245965,0.125107752270457
"2407","PMS2",0.0968900207031579,0.880775534358045,0.0464631035643923,0.998419475690512,0.0426293428325745,0.123760595771054,-0.00130171647133577,-0.125062312242389
"2408","JAK2",0.836855515330076,0.00386104666925918,0.0532203335707699,0.998419475690512,-0.016834993294668,-0.159767815792671,-0.0348087608908077,0.124959054901863
"2409","ACOT8",-0.0818783668445915,0.881228701093889,0.0745424134705082,0.998419475690512,-0.183812317882079,-0.105746239583391,-0.230652588330027,-0.124906348746637
"2410","TSEN34",0.0518480878421396,0.917975967138135,0.334689591600476,0.633860890161959,0.136384496096314,0.0337819193967045,0.158650559138982,0.124868639742277
"2411","SELPLG",0.288132165962468,0.541104580223856,0.0525654570845794,0.998419475690512,0.113333317908921,0.0214445839189595,0.146100538353254,0.124655954434294
"2412","PFKFB4",0.0494985397130243,0.922274997867325,0.166136193618015,0.9852686306419,0.12463868729643,0.191727867252058,0.0671445439574983,-0.12458332329456
"2413","HSPE1",-0.290690193640513,0.646123881131347,-0.0489971468261202,0.998419475690512,-0.0610247139480571,-0.144304382083554,-0.0197214801383634,0.12458290194519
"2414","ROCK2",0.235367815997845,0.552494887056497,0.0689852973069705,0.998419475690512,0.0667545216455044,-0.0349542802815656,0.0894499284360145,0.12440420871758
"2415","SNX11",-0.153522092144407,0.686728425439013,0.0200275090778129,0.998419475690512,-0.0212488745570105,0.0676922821449409,-0.0565965459089744,-0.124288828053915
"2416","VAMP2",-0.0935842375016477,0.830264805625133,0.0467495834366604,0.998419475690512,0.0743001562287223,0.00536186246519104,0.129641530502318,0.124279668037127
"2417","NUTF2",-0.471610783552012,0.150834178970884,-0.026172336388312,0.998419475690512,-0.284712425931618,-0.21688109469518,-0.341051914438564,-0.124170819743384
"2418","ETS2",0.178566523865418,0.719802782393799,0.073207349974924,0.998419475690512,0.290599672923334,0.19539395772669,0.319451206976638,0.124057249249948
"2419","TNFAIP1",-0.0900225260478809,0.873160478284559,-0.0650774782536631,0.998419475690512,0.00192241639625349,0.0887457107350848,-0.0352494126598183,-0.123995123394903
"2420","CHFR",0.0249954077064742,0.952432063357582,0.0391310666932876,0.998419475690512,-0.0557891170871257,0.027028060409754,-0.0969027180197191,-0.123930778429473
"2421","BST1",0.325171451994157,0.386571380734505,0.264681040114958,0.998419475690512,0.30745003668485,0.200476010567046,0.324394531023949,0.123918520456903
"2422","SLPI",0.0300260369834658,0.972866300573421,0.0804567356263595,0.998419475690512,-0.0101412491563247,-0.0798172796946963,0.043866330368026,0.123683610062722
"2423","CHMP2A",0.122420728545997,0.672824132834994,0.0783608996423487,0.998419475690512,-0.0955093216473004,-0.17957238519946,-0.0559199201455043,0.123652465053956
"2424","CTSS",0.487686624558759,0.130141586792921,0.119323695312673,0.998419475690512,0.0877771667489537,-0.00444395882657703,0.119174712969954,0.123618671796531
"2425","TCF12",-0.319663678004827,0.183862977051796,-0.022955479605315,0.998419475690512,8.56684017907653e-05,-0.0855125121193612,0.038102498338609,0.12361501045797
"2426","MACROH2A1",0.0142143546692586,0.973527504716538,0.0102267520466863,0.998419475690512,0.0697868401539928,0.00106935176507387,0.124650087107318,0.123580735342244
"2427","LDHA",0.16119144858855,0.679020049341523,0.421977464257542,0.998419475690512,-0.0312899454892049,-0.136287266120894,-0.0129915323540531,0.123295733766841
"2428","TNF",0.639921712707487,0.370277157876089,0.112133927413026,0.966961547562754,0.520113278616319,0.597951527539891,0.474706179972503,-0.123245347567388
"2429","DNAI1",-2.01967228467286,0.003026922463157,-0.00728100843485996,0.998419475690512,-0.0472467052257841,-0.155206106033946,-0.0319755076392359,0.12323059839471
"2430","CEBPB",0.0149320669092355,0.978621482943083,0.0435354742189358,0.998419475690512,-0.0623771300417543,0.016038605326618,-0.107068183152091,-0.123106788478709
"2431","MAP4K5",-0.41751561021368,0.306060628390387,0.129131325123331,0.998419475690512,-0.182817988398045,-0.0548736361177592,-0.177704482503789,-0.12283084638603
"2432","PDZD11",0.0925381602036379,0.877929059568967,-0.116166530052637,0.707787623395344,0.032659275668777,-0.0437361856858652,0.079057924504797,0.122794110190662
"2433","DIDO1",-0.00831680367354533,0.98065433020737,0.0502763524860326,0.998419475690512,-0.00285814083500128,-0.0862999448837779,0.0364500333281707,0.122749978211949
"2434","MEIS2",-0.930245796011467,0.147997503237843,-0.312572913448139,0.791573009435334,0.173518400883205,0.206894046211458,0.0842093631330574,-0.1226846830784
"2435","HMGA1",-0.0430502007282054,0.929345521778851,-0.334067337847582,0.673966325767665,0.269226547140316,0.343393963095126,0.220819004754692,-0.122574958340435
"2436","CA4",0.361405988882908,0.665896767991398,0.123781003206005,0.706512937326028,0.0732390643926267,0.134778077493967,0.0122181408454465,-0.122559936648521
"2437","CCL3L3",1.31316060889993,0.0217019801147571,-0.00167911394521556,0.998419475690512,0.273068691983238,0.376863938558216,0.25433655474957,-0.122527383808646
"2438","CYB561D1",-0.0651442843675034,0.894771595913487,0.144569354806879,0.954918486558191,-0.086088023246509,0.0219976381797216,-0.100515841653662,-0.122513479833384
"2439","RNF122",0.36609882719416,0.393886489371292,0.109804868778182,0.998419475690512,0.122356334248322,0.0320179168264716,0.154305518649961,0.12228760182349
"2440","OAZ1",0.185333780613486,0.466512504452973,-0.0832296986426598,0.998419475690512,-0.0380045204611586,0.0466793938026701,-0.075288566223127,-0.121967960025797
"2441","PAXIP1",-0.337511945946027,0.418276471951553,0.109523066865479,0.963204148073108,0.0247574148411995,0.140951023868692,0.019063251298862,-0.12188777256983
"2442","RPN2",-0.358694784277727,0.183862977051796,0.0913500374784157,0.998419475690512,0.0490213930511633,0.0117034320478944,0.133491004038704,0.121787571990809
"2443","CISD1",0.0260591887205279,0.973908597563949,0.0158882304407212,0.998419475690512,0.0830431467726602,-0.00715697414816898,0.114485266284873,0.121642240433042
"2444","AGO1",-0.350388940183485,0.0910232468433545,0.154589994130696,0.998419475690512,-0.0879987971987666,0.028577464626584,-0.0929619559818274,-0.121539420608411
"2445","SEPTIN5",-0.880659279253102,0.119555122588863,-0.0227961726480295,0.998419475690512,0.0682122989852466,-0.00276436905503071,0.118762186735807,0.121526555790838
"2446","LRSAM1",0.0833568033596486,0.882021804374402,0.153835047128044,0.998419475690512,0.102507569500673,0.178813839169238,0.0572894302508667,-0.121524408918372
"2447","CALD1",0.529686431620556,0.407470501523872,0.00640797019375385,0.998419475690512,-0.142512618239013,-0.215556667003498,-0.0941221565860532,0.121434510417445
"2448","RPS6KB1",-0.022038051363329,0.970825036190259,-0.0299388472589062,0.998419475690512,0.0668247729646402,0.134387284259694,0.0129559826146842,-0.12143130164501
"2449","SNX17",-0.0999301399343674,0.781989035655353,0.141329930735143,0.844219646885179,-0.117843843289876,-0.171398711619798,-0.049979188149487,0.12141952347031
"2450","FAF2",-0.18561314269178,0.487229114287099,0.174496856569744,0.998419475690512,-0.0341239004140572,-0.118191058940892,0.00307730177299042,0.121268360713883
"2451","SNRNP25",-0.138129208605472,0.881377970459063,-0.0906513097066723,0.998419475690512,0.0808313188526254,0.156599781190757,0.0354698585188416,-0.121129922671915
"2452","YTHDC1",-0.0209618574116067,0.958341468292799,0.117274065476984,0.998419475690512,0.049487850022834,0.122232812379737,0.00135757076690763,-0.12087524161283
"2453","TPP2",-0.387945519068626,0.21546528454737,0.069250509931714,0.998419475690512,0.0197072174256644,0.118267065072107,-0.0024726119991762,-0.120739677071283
"2454","COG8",-0.208325789535751,0.638116996205977,-0.0316963175778436,0.998419475690512,-0.12833450233271,-0.226249790776834,-0.105664357471179,0.120585433305655
"2455","CFP",0.163961375907903,0.776403980186177,0.379210871887996,0.994739550495444,0.0583957831669508,-0.0379700548935866,0.0825631568507826,0.120533211744369
"2456","LILRB4",0.761978219980337,0.100730699428133,-0.162714113490508,0.998419475690512,-0.107796678737871,-0.0322664981833563,-0.15273640570013,-0.120469907516773
"2457","FAP",1.824223857685,0.0332520395616848,0.0848559296368129,0.854189735810682,-0.01446837163063,-0.178839773663286,-0.0584735402215152,0.120366233441771
"2458","EIF1B",0.339649697182795,0.332883026486963,0.224897349064266,0.998419475690512,-0.0190444789205387,-0.131985852688961,-0.011756659827555,0.120229192861406
"2459","LIPN",-0.351773498111996,0.689000313109845,0.139001438172032,0.83029414715592,0.405081022175839,0.333924636547383,0.45405920576043,0.120134569213048
"2460","CHST12",0.275361269375577,0.568851463057171,0.0795124436758467,0.998419475690512,0.134188707965555,0.0493733725283326,0.169502285823913,0.12012891329558
"2461","LSM1",0.460830031490004,0.353209447968914,0.0265441022570836,0.998419475690512,-0.0959465757181345,-0.0309822171992701,-0.151078406956802,-0.120096189757532
"2462","MGAT3",-1.13786137926237,0.0593971627815769,-0.0586261204503437,0.998419475690512,0.075142734824986,-0.0294181741379588,0.090629947308661,0.12004812144662
"2463","PYCARD",0.152482620307112,0.768644069917276,0.324717203325088,0.998419475690512,0.121504738490734,0.178731804600125,0.0587913765187264,-0.119940428081398
"2464","COMTD1",-0.166025705008334,0.838099159171274,0.0497796724179408,0.998419475690512,0.0948330457383223,0.198893988102918,0.0791159613617591,-0.119778026741159
"2465","BAG1",0.43228692822628,0.168768222034883,-0.0327375875341768,0.998419475690512,0.280829511243694,0.382977534599234,0.263210991378305,-0.119766543220928
"2466","TNRC6B",0.0588631554733932,0.887574129155875,-0.0761970679211379,0.998419475690512,0.0584784175881281,0.123746524938239,0.0041142654974662,-0.119632259440773
"2467","PRNP",0.0897652460323136,0.835546145717336,0.0169358888119091,0.998419475690512,0.0329321114228084,0.112683974276438,-0.00686200171100859,-0.119545975987446
"2468","CPNE1",0.321307924883272,0.199023988885623,0.14024133265554,0.998419475690512,0.0710746294672665,0.13283830225319,0.0133002447262256,-0.119538057526965
"2469","FAM110A",0.109844347245547,0.826849864114213,0.352278050748232,0.060058188027274,-0.119699389840274,-0.211673733497632,-0.0921692282900186,0.119504505207614
"2470","KAT5",-0.136414268719684,0.605292803452931,-0.0271889866689144,0.998419475690512,0.0287481424714327,-0.0565665194541845,0.0628030305409146,0.119369549995099
"2471","TPM2",-0.189706346182483,0.821023307200546,0.155902683526139,0.888296904828152,0.0373920717171833,0.139340795224305,0.0200137444575837,-0.119327050766721
"2472","ACYP1",-0.865317453682364,0.219083193171298,-0.00170779091965664,0.998419475690512,0.0240417249339842,0.112973783051108,-0.0061726608674828,-0.119146443918591
"2473","EYA2",-1.35108480213802,0.0131658374014073,0.170130404308185,0.960940008943582,0.0336987126480756,0.0316530813507467,0.150704217156562,0.119051135805816
"2474","SPART",0.241204054150335,0.577752536843563,0.111421555707513,0.998419475690512,-0.0848260395157933,-0.187209425130968,-0.0682012471286471,0.11900817800232
"2475","AK4",0.938018169652815,0.0222248207272067,0.0033004508346735,0.998419475690512,0.041570902103278,-0.042667538474074,0.0762730708450823,0.118940609319156
"2476","SGSH",-0.111920863053693,0.844962489301374,-0.0245226165003345,0.998419475690512,-0.00516742439558655,-0.0922875828519624,0.0266456637384662,0.118933246590429
"2477","TSN",0.00322162981375448,0.997002951977474,0.0449154851498611,0.998419475690512,-0.12352277409248,-0.201515739085906,-0.0827657681495407,0.118749970936366
"2478","NRBF2",0.249093919647052,0.470888397253622,0.239908092696787,0.994739550495444,0.151570304345646,0.222870714139505,0.104141412259341,-0.118729301880164
"2479","PRKCA",0.0380819318752645,0.952128179094214,0.0386051127984428,0.998419475690512,-0.00640379757163804,-0.0862194421778391,0.0324643583150414,0.118683800492881
"2480","CREB3L4",-0.351706127186437,0.592712908241639,-0.10216287214744,0.994739550495444,-0.048721457422563,-0.159324727928476,-0.0406595117638935,0.118665216164583
"2481","BPTF",-0.0173362573905827,0.956506932519683,0.0110751577821847,0.998419475690512,-0.0406238573396284,-0.127264926717162,-0.00865284031733986,0.118612086399822
"2482","PHPT1",-0.447452078531978,0.430046506138861,0.0886620222246599,0.998419475690512,-0.162725514625419,-0.0749530896449714,-0.19355892675004,-0.118605837105069
"2483","SSB",0.568427033707663,0.213643161670559,0.23601592768148,0.994074753009409,0.35673981780384,0.241847115458032,0.360347055529646,0.118499940071614
"2484","SORBS3",-0.813372814218354,0.0459994270204722,-0.0797104259616755,0.998419475690512,0.153054022398362,0.037916966031589,0.156409668552733,0.118492702521144
"2485","TJP1",-0.621129347827545,0.151290932909701,-0.0262232983300086,0.998419475690512,0.0805779905373094,0.173926780869632,0.0554662573004008,-0.118460523569231
"2486","MED10",-0.151937943780617,0.803414769339434,-0.00708500401101621,0.998419475690512,0.0746697379911374,0.153042523083047,0.0346308708174623,-0.118411652265585
"2487","STK4",0.0527339562979365,0.922274997867325,-0.0370960023129071,0.998419475690512,0.11306439436547,0.185757338828331,0.0673833402250379,-0.118373998603293
"2488","NDRG3",0.121594936703119,0.766696918803273,-0.0838377719679188,0.998419475690512,0.0759889129608724,0.156376848867392,0.0381916562692643,-0.118185192598128
"2489","BARD1",-0.0434113103435687,0.955248685932278,0.020150643110259,0.998419475690512,0.121247731342082,0.197583833975154,0.0794258455784836,-0.11815798839667
"2490","CSRP1",-0.346297655714939,0.349868079685699,0.0574933937752544,0.998419475690512,-0.0267676319486412,0.0642336105098483,-0.0536860838843374,-0.117919694394186
"2491","TYK2",0.0748285820878053,0.838143869875429,0.0305796354585561,0.998419475690512,-0.0553019907540688,0.00983828440818804,-0.107984942961896,-0.117823227370084
"2492","SAA1",-0.166254275028808,0.902674591993049,0.886855407096851,0.210904001530224,-0.0196790107249659,0.0972254598909891,-0.0205860382890237,-0.117811498180013
"2493","FXYD6",-0.241108444099918,0.723296176619281,-0.415683263647898,0.210904001530224,0.0954225231785481,0.0176822911602228,0.135357416302823,0.1176751251426
"2494","HDGFL3",-0.250052921532163,0.60273447151547,-0.770914267900688,0.153243843681614,0.150789777108945,0.036777850871052,0.154387363404784,0.117609512533732
"2495","CAPSL",-1.72530473119645,0.00852495752162331,-1.28884649999147,0.0787726078702067,0.435171909427063,0.446474921495254,0.328887545234573,-0.11758737626068
"2496","QPCT",-0.037130791411754,0.956506932519683,-0.256068285906085,0.998419475690512,0.535588669591158,0.610326508014814,0.492788849462174,-0.11753765855264
"2497","TIMP1",-0.314942629130548,0.56160249801787,0.216960261100389,0.998419475690512,-0.290248554496405,-0.359875542860931,-0.242355556349544,0.117519986511387
"2498","GSK3B",0.223503483262656,0.3423762038082,0.0478112831234961,0.998419475690512,0.0612424791807367,0.146964529038557,0.0295819446406603,-0.117382584397896
"2499","SIAE",0.315063424893884,0.720335684198166,-0.204502721902642,0.998419475690512,-0.0815811999551447,0.00846202122562066,-0.108918808014252,-0.117380829239873
"2500","BIN3",0.117516631934413,0.758720511916454,-0.219482672454225,0.255879197216916,0.0849306967179571,0.0298770700667366,0.147233877721454,0.117356807654718
"2501","PSMC3",0.203983204910784,0.591876553257586,0.236362409082093,0.963204148073108,-0.103458384592415,-0.209269735836816,-0.0919576165656597,0.117312119271157
"2502","NUDCD2",-0.232422724234146,0.646623745382735,0.0630636692666174,0.998419475690512,0.0833831822031446,0.0217088734341242,0.138990486257072,0.117281612822948
"2503","TMEM119",0.045234813687457,0.964837364324607,0.0349488259566369,0.998419475690512,-0.115963690635785,-0.177130520701066,-0.0601357540719742,0.116994766629092
"2504","CRIP1",-0.706018816141276,0.159734727548965,0.251780294832545,0.524964515400664,0.268265345903555,0.419566281201194,0.302608478548288,-0.116957802652906
"2505","MVB12B",0.322970264202451,0.579626012728685,-0.0689881578766278,0.998419475690512,-0.0396046626233016,-0.12393862217918,-0.00703364457079135,0.116904977608388
"2506","OSBPL9",0.102023214378107,0.8370901604176,0.0597625429075582,0.998419475690512,0.0677317881194364,-0.0213547752899163,0.0955159673886593,0.116870742678576
"2507","DVL2",-0.140188228207913,0.712880134729214,0.0471181066606545,0.998419475690512,-0.118119994120686,-0.206056094340098,-0.089227629264898,0.1168284650752
"2508","USP1",0.154337766808853,0.74132594153698,-0.100551473303072,0.844219646885179,-0.0184466931644994,-0.0713201934338108,0.0454991888126163,0.116819382246427
"2509","PRKCSH",-0.175070507703985,0.566472750243003,0.0722089867861617,0.998419475690512,-0.036790403665763,0.0592200565732392,-0.0575677459351977,-0.116787802508437
"2510","MACROD1",-0.73021440476732,0.330938018895598,-0.0384092940720183,0.998419475690512,0.0523234720336608,0.105889386996815,-0.0108559391905821,-0.116745326187397
"2511","TNFRSF9",0.0554000394190466,0.918472880751097,0.0198784424520537,0.998419475690512,0.0432476969062213,0.12829294180338,0.0116368399954981,-0.116656101807882
"2512","BST2",1.30005458260015,0.00319986770570673,-0.0442087065415525,0.998419475690512,-0.174153782026914,-0.223464621785184,-0.106913010288607,0.116551611496577
"2513","DPH2",-0.282968750889387,0.601023879120381,0.0229769631917425,0.998419475690512,0.00514303700622643,0.105978377459018,-0.0104702712086277,-0.116448648667646
"2514","RABL6",-0.0478625563295034,0.920107214317693,-0.105779450647101,0.998419475690512,0.14983498777654,0.221773065677442,0.10551312626571,-0.116259939411733
"2515","HPCAL1",-0.706634374397572,0.024314851364451,-0.0275980991408262,0.998419475690512,-0.0125154262249669,-0.115587880966046,0.000670025902879105,0.116257906868925
"2516","RBM23",0.0994604782529179,0.79704905960713,0.1406096401366,0.998419475690512,0.0779497318062407,0.154743124802949,0.0385120759168842,-0.116231048886065
"2517","SPHK2",-0.223974550693868,0.673008636286662,0.0713569800639542,0.832343405187712,0.0047436850071098,-0.0586312551653764,0.0575398367972516,0.116171091962628
"2518","SPSB1",-0.0250336603896517,0.971141733009347,-0.0153896518857379,0.998419475690512,-0.0379576597463473,0.0317503124398972,-0.0840159378486506,-0.115766250288548
"2519","CRIP2",-0.621911585925492,0.254100836254447,-0.279684141823645,0.527415806578198,0.345513303472603,0.377445272923014,0.261706260471374,-0.11573901245164
"2520","CCDC59",-0.245445191786968,0.587013938059462,-0.00966433429529692,0.998419475690512,0.091168872740952,0.165452565467704,0.0499593362733836,-0.11549322919432
"2521","KPNA2",-0.381558182638244,0.287232357510207,0.368416110636195,0.420669930504322,0.0402584017963329,0.181343012690869,0.0658519532061255,-0.115491059484744
"2522","PSMB2",-0.0309299890407794,0.950655345522484,0.589279356376041,0.342408595900573,-0.0475747451415411,-0.110806502769833,0.00461650726596185,0.115423010035795
"2523","AHSA1",-0.224613316155372,0.65000566919025,0.138111249545935,0.998419475690512,0.127388748630291,0.226706599723389,0.111350543625793,-0.115356056097596
"2524","SMPD1",0.281213605369876,0.515229435082452,-0.346037355408884,0.517046758505958,0.00792440576958252,0.090227171507417,-0.0251211251246655,-0.115348296632082
"2525","RMDN1",-0.161772359033615,0.718482942818857,-0.244722277497032,0.998419475690512,-0.0527318212421916,0.0185998277942084,-0.0966978331473042,-0.115297660941513
"2526","TTLL12",-0.0265262530613278,0.959398476777841,-0.160478180656314,0.998419475690512,0.0133340972513727,0.0898979688239807,-0.0251137792788103,-0.115011748102791
"2527","SERPINA1",0.237708843300406,0.541012224197089,0.219804812002466,0.987022850306148,-0.14468564830023,-0.225957768874566,-0.110982849776737,0.114974919097829
"2528","OXCT1",0.127570360702433,0.887828098141631,0.348375961162003,0.907605781940994,0.0115188737395074,0.0948897615932566,-0.0200562701974537,-0.11494603179071
"2529","CYCS",-0.376984798980027,0.264639217937402,0.0940431940038212,0.998419475690512,0.000132446143130702,0.0976992729179354,-0.0172317372477002,-0.114931010165636
"2530","MVD",-0.124235698246523,0.820408360664606,0.221061811873823,0.998419475690512,-0.00843528294802929,-0.0927711689256982,0.021986326194584,0.114757495120282
"2531","PROK2",0.101054651103139,0.920517122786704,-0.13257270816608,0.998419475690512,0.605650606830798,0.673037607451267,0.558366056650481,-0.114671550800787
"2532","CRKL",-0.0534903303325298,0.882135726023768,0.111306454622517,0.998419475690512,-0.0986638728916501,-0.177786941951351,-0.0631306979295524,0.114656244021798
"2533","CDC37",-0.149283429222941,0.660416044932803,-0.09446698621217,0.998419475690512,-0.0226526334126092,0.051742020037372,-0.0629031150197744,-0.114645135057146
"2534","SUMF1",-0.584443284818406,0.0158750263043206,-0.0759453076707397,0.998419475690512,0.0902845460093308,0.139170046434758,0.024544823721902,-0.114625222712856
"2535","PSENEN",0.0367185598213168,0.945464488328056,0.0575062255301291,0.998419475690512,-0.133046382248874,-0.20528825794449,-0.0908224559177273,0.114465802026763
"2536","CAMLG",-0.158769771403968,0.64716961249832,-0.0421045224046919,0.998419475690512,0.0663906686329161,-0.0234882485307281,0.0909625163910701,0.114450764921798
"2537","POP7",-0.519070844389712,0.324103147704033,0.237984699827793,0.727916443716349,0.0513390437359947,0.138342533513852,0.0240758604851202,-0.114266673028732
"2538","TLR5",0.592638966368564,0.229204203919008,0.101994180616192,0.998419475690512,0.0899982823776406,0.128759699501449,0.0147386394087746,-0.114021060092675
"2539","COPS7B",-0.266072558290828,0.56562314793046,0.0844908332844059,0.998419475690512,0.10410350092072,0.198815090526522,0.0848217841455901,-0.113993306380932
"2540","POLR1C",-0.414895833927694,0.33601653705861,0.0378443957903497,0.998419475690512,0.103384043588459,0.203435988916552,0.0896018166595303,-0.113834172257022
"2541","COQ10A",-0.130067161767094,0.88342343572392,0.0016042972731908,0.998419475690512,0.246715449804503,0.334795236477716,0.220965385339554,-0.113829851138162
"2542","SLC3A2",0.234193879152653,0.387384967286766,-0.0226436969406439,0.998419475690512,0.236724317160883,0.183338487807203,0.297124744523217,0.113786256716014
"2543","ST3GAL6",0.076030718734512,0.896177501902346,-0.454423464094454,0.101014253771789,-0.0623002689157708,-0.12298648370132,-0.00920388375677486,0.113782599944545
"2544","ELK3",0.17355058395981,0.559758757202643,0.213493601731771,0.998419475690512,0.276245559749942,0.346584047916691,0.232937537438212,-0.113646510478479
"2545","TAX1BP3",-0.118526345329708,0.855673960128953,-0.0719376090244817,0.998419475690512,0.384173442416905,0.459776995505585,0.346442167752973,-0.113334827752612
"2546","FAM3D",-0.298076049623997,0.765562725403082,-0.285913651396174,0.790827704016838,0.109189914911269,0.169251501255322,0.055923745250801,-0.113327756004521
"2547","PPA1",0.489512249015727,0.196331044300073,0.493371238823161,0.819873908941231,-0.0510121148952898,-0.178971854627326,-0.0660143303796046,0.112957524247721
"2548","TCP1",-0.0715588637731313,0.848856611540986,0.110476874651816,0.998419475690512,-0.0366814007494434,-0.100376245376135,0.0125672239801358,0.11294346935627
"2549","BAIAP2",-0.380742742553784,0.28321703671656,-0.43066268079612,0.653378640851363,0.323477268255338,0.365228795788782,0.252308402651459,-0.112920393137323
"2550","GHRL",-0.347398087541713,0.645911040383848,-0.144970955431046,0.307129922791769,0.0593244223696575,-0.0291385895602356,0.0837777718499414,0.112916361410177
"2551","MTAP",-0.498955456877957,0.218209326014266,0.288843881939293,0.914364390399303,-0.101561923520411,-0.119058867598333,-0.0062511953538014,0.112807672244532
"2552","MUL1",0.0840004668439991,0.836837106805975,0.102537514608083,0.998419475690512,-0.212139960423112,-0.284265448555187,-0.171506398633361,0.112759049921826
"2553","TIFA",1.5590608191612,0.0015417094259572,1.12044740174752,0.000644424868199301,0.47765567439273,0.236185906782584,0.348887120332942,0.112701213550358
"2554","NRGN",0.81107031398379,0.14918340117556,0.0652685342380891,0.998419475690512,0.0255525985231119,0.104379423462595,-0.00831080883378932,-0.112690232296384
"2555","COA4",-0.401889742508515,0.446572023177207,-0.0124894520650576,0.998419475690512,0.076901286447912,0.166863879336758,0.0541831674618795,-0.112680711874879
"2556","ENGASE",-0.459643720621377,0.361439497154884,-0.125131663348145,0.998419475690512,-0.085778432103241,-0.170342532184027,-0.0578692625849521,0.112473269599074
"2557","DAP",-0.191701417265474,0.447801547044511,0.0671654846342917,0.998419475690512,-0.0255636484514791,0.0766708925548919,-0.0357858781222609,-0.112456770677153
"2558","LECT2",0.494568309519585,0.644406109643899,-0.0648609546495155,0.998419475690512,0.0748279707755874,-0.00740016385957461,0.104912943735251,0.112313107594826
"2559","KLK11",-0.590253375360653,0.389419568431262,-0.931390102802181,0.0797023965749784,0.243687897153619,0.266298104904219,0.154051046248105,-0.112247058656114
"2560","TARDBP",-0.19081402477519,0.347924257480127,-0.0925946757116473,0.954918486558191,0.058660328216398,0.106342963376353,-0.00588597618011584,-0.112228939556469
"2561","HOMER1",-0.0742054207121721,0.90436091708937,-0.154085133664523,0.843121181677977,0.158554241869385,0.0650726984460596,0.177244402718363,0.112171704272303
"2562","HS6ST1",0.212295429756809,0.641749711999751,-0.172612659274708,0.994739550495444,0.0847839085134795,0.179516442548144,0.0674086459092822,-0.112107796638862
"2563","TTC27",-0.732531281674499,0.167449965339185,0.0060715444392991,0.998419475690512,-0.0514541233451614,-0.122086375466914,-0.00998642710645975,0.112099948360454
"2564","DNM1L",-0.106066937104235,0.798433367052849,0.0381119266875698,0.998419475690512,0.0542978181026902,-0.024422799890824,0.0876456443534139,0.112068444244238
"2565","CSTF1",0.098384391161827,0.852029234866894,0.182585623332002,0.843121181677977,0.0582826471724352,0.130992054504076,0.0192459006163923,-0.111746153887684
"2566","CYB5A",-1.28079902636098,0.000232507679916069,-0.0577024831495861,0.998419475690512,0.243508551016994,0.210917943495979,0.322585268615909,0.11166732511993
"2567","HNRNPR",-0.385352699568796,0.138733222609847,0.10339905329457,0.998419475690512,0.250480668656643,0.213908302869023,0.325573080485325,0.111664777616302
"2568","CIB1",-0.448749555728534,0.138646367802404,0.024763172634707,0.998419475690512,0.179590516659596,0.276881869916371,0.16534534543146,-0.111536524484911
"2569","CARHSP1",-0.141411363632667,0.766696918803273,0.223235318158335,0.960940008943582,0.044181371370825,0.132005746483145,0.0205454420442356,-0.111460304438909
"2570","CBS",0.258338648151558,0.713620654226179,-0.0229469592041062,0.998419475690512,-0.113496121860491,-0.186618796352462,-0.0752527210328229,0.111366075319639
"2571","ESRP1",-0.829299257905695,0.129931694146346,0.00941786587772114,0.998419475690512,0.147005800444977,0.24846839215323,0.137129593841057,-0.111338798312174
"2572","PCOLCE2",-1.58873733757218,0.00228331687615944,-0.916452812454824,0.00192534547728093,0.507604425945119,0.3743061360263,0.263045173777457,-0.111260962248844
"2573","TCEAL8",-0.442059462290983,0.334190269387619,-0.0397537150462501,0.998419475690512,0.0179654985441286,-0.0681422071882113,0.0430184090111587,0.11116061619937
"2574","AHCYL1",-0.289484429546648,0.267470457062127,0.08847334614918,0.998419475690512,-0.165966839389917,-0.22988469867215,-0.118735610958223,0.111149087713927
"2575","AGAP3",0.0693408106253326,0.859936384671173,0.00228259761996602,0.998419475690512,0.0283453397971795,-0.0444030870687885,0.0667320203611709,0.111135107429959
"2576","ATIC",-0.254792101014626,0.636624319174775,0.293089731079189,0.998419475690512,-0.149574958979916,-0.061068838476454,-0.172040271258196,-0.110971432781742
"2577","BROX",-0.0937715580301507,0.805298470835221,0.0181786296097002,0.998419475690512,0.0150257401937414,-0.0446562216632891,0.0662472351961499,0.110903456859439
"2578","TLE5",-0.312828339032121,0.40924637408789,-0.101938186544234,0.998419475690512,0.203933476880399,0.122283699407315,0.233161661252226,0.110877961844911
"2579","LRRC25",0.25756238201202,0.563355517195548,-0.0155230672754005,0.998419475690512,0.141291743145489,0.238524153847306,0.127696706490887,-0.110827447356419
"2580","DAG1",-0.175577045381633,0.781390036268081,-0.374026918201678,0.314423770126553,0.212191416648238,0.24974905396432,0.138974450420857,-0.110774603543463
"2581","RPS7",0.079734441698402,0.854729841725322,-0.00489980779480271,0.998419475690512,0.0149307580553621,0.0920348777259289,-0.018695269514284,-0.110730147240213
"2582","XPO5",-0.341866975051789,0.349148185482494,0.151891185855323,0.966961547562754,-0.10899875973131,-0.0162049415580648,-0.126615533262507,-0.110410591704442
"2583","NOTCH3",-0.709254918424584,0.162352746474596,0.100459193389912,0.998419475690512,-0.0849603794202408,-0.135209371043238,-0.024954475101699,0.110254895941539
"2584","GGCT",-0.195358211481896,0.799154754552837,-0.139242359006768,0.547622993761793,0.0296726109821752,0.0585567719860851,-0.0514829964631796,-0.110039768449265
"2585","EHBP1",-0.596239946350366,0.21264124908919,0.0750786684150196,0.998419475690512,0.0456345323723215,-0.00412108940614397,0.105901034035218,0.110022123441362
"2586","STAU1",0.259077608147725,0.257033832563374,0.096333449138254,0.998419475690512,0.131696372828392,0.0329663861535703,0.142870461192562,0.109904075038992
"2587","TLR10",0.49670538751826,0.41492781178939,-0.0397313293749026,0.998419475690512,0.0757434917120044,0.0109191168010759,0.120803581015972,0.109884464214896
"2588","TPI1",-0.0742672670585431,0.873588312089337,0.46509989852897,0.998419475690512,-0.208988432705485,-0.12230816087456,-0.232029597422156,-0.109721436547596
"2589","DNM1",-0.245122583196495,0.830708629655993,0.00681017176131391,0.998419475690512,0.025167952035567,0.079680409972712,-0.0300261681742573,-0.109706578146969
"2590","FAM241A",0.0857739133952712,0.919022574812426,-0.0512234315480461,0.998419475690512,0.0723871067572443,0.141972961364554,0.0323175255467075,-0.109655435817846
"2591","SLC6A14",0.595155194253442,0.351155007072019,0.0149304152979845,0.998419475690512,0.0465843481174009,0.13033637598185,0.0207113474650191,-0.109625028516831
"2592","SEMA4A",0.756194514962756,0.00123861862333134,0.538151168321941,0.84894229097759,0.133758194467495,0.135134451526674,0.0255313377315077,-0.109603113795166
"2593","SEPTIN10",-0.526041344789879,0.126395464469433,0.0034659627938859,0.998419475690512,-0.0675999630076542,0.0314415840430179,-0.0781057743993537,-0.109547358442372
"2594","FUBP1",0.457138756376947,0.154852304960836,0.332320925496799,0.867815375589897,0.0460517787306062,-0.0825108045362284,0.0269830122425796,0.109493816778808
"2595","TRAPPC5",-0.0994208093622828,0.911776684034494,0.0608792304623668,0.998419475690512,0.100323492239058,0.0237342633841262,0.133204775315533,0.109470511931407
"2596","STOML1",0.653942660924836,0.15490865199079,0.139441150266716,0.998419475690512,-0.0618169145283577,-0.0118459184376516,-0.121302387382102,-0.10945646894445
"2597","ZNF580",0.285157920446474,0.641808065550096,0.0418541738425016,0.998419475690512,-0.0803085796927191,-0.011643466424073,-0.121044641780634,-0.109401175356561
"2598","NCF4",0.46433037423511,0.102315979303012,0.102439710397036,0.998419475690512,0.189666047427008,0.252800176244943,0.143467470461096,-0.109332705783848
"2599","NOTCH2",0.411221809389014,0.132063166983968,0.0223531027534695,0.998419475690512,0.283847434507193,0.217606527459293,0.32687184929827,0.109265321838977
"2600","DDX46",-0.31995216121804,0.272338667905311,-0.0786717362404071,0.998419475690512,0.147877289099051,0.0584405623070295,0.167536006365997,0.109095444058968
"2601","TRIO",-0.336668711197459,0.171730878853692,0.084312502352385,0.998419475690512,0.0534710453492028,0.149115182545956,0.0400331798095179,-0.109082002736438
"2602","MANF",-0.106195192787437,0.875716183604436,0.444520911623972,0.747534626083946,-0.0342545635176175,0.0533970483048104,-0.0556243067344803,-0.109021355039291
"2603","TAGLN",-0.47845010008128,0.368330360401419,-0.330944750323531,0.966961547562754,0.197803166841004,0.112752676261054,0.22166750408595,0.108914827824897
"2604","SERPINB3",-0.199034001597083,0.854729841725322,-0.108548298112087,0.998419475690512,0.224254653813162,0.282970131410369,0.174062770941437,-0.108907360468932
"2605","DAPK1",-0.268724195430138,0.442561738600377,-0.0107294683049323,0.998419475690512,-0.196792551580573,-0.275233543841697,-0.166357981540623,0.108875562301074
"2606","H2AC11",1.02820985567018,0.0332132259484369,0.407558281096213,0.998419475690512,0.0247674948258362,-0.114751437560092,-0.00625908482851209,0.10849235273158
"2607","NDUFS4",0.0613965572885081,0.938297884545682,-0.0842811375137239,0.998419475690512,-0.0994966729530134,-0.1803881538934,-0.0719414943462277,0.108446659547172
"2608","IL1RL2",-0.697305154032131,0.166274994833565,-0.0241392081246439,0.998419475690512,0.110794169262088,0.169963221550003,0.0617185605906665,-0.108244660959336
"2609","DNM2",-0.152529372680422,0.579485001140438,-0.0101418770463393,0.998419475690512,0.192989109967866,0.115428222526621,0.223640900821312,0.108212678294691
"2610","RAD23B",0.105331227186832,0.723296176619281,0.0795758933943536,0.998419475690512,-0.0585401897964467,0.00831378645775057,-0.0998637164960516,-0.108177502953802
"2611","HAGHL",-1.34026724754542,0.0150191213863979,-0.246591910195819,0.210904001530224,0.336165347051175,0.30231815639046,0.194383377241893,-0.107934779148566
"2612","RBM19",-0.472040914724148,0.227406174641817,0.256776693739265,0.906608492274627,-0.108607382771404,0.00405510692173193,-0.103844921308389,-0.107900028230121
"2613","RDH13",-0.221062601770011,0.732929154906165,-0.0105204299814115,0.998419475690512,0.149643905699509,0.229810758994265,0.122122259112185,-0.10768849988208
"2614","BAG6",0.145063721095195,0.53366579231566,0.327603859523251,0.83454905766719,-0.0744021522784347,-0.0246868479579191,-0.132163113627321,-0.107476265669402
"2615","ST8SIA4",0.484485385703522,0.183697944925044,0.00763741694936196,0.998419475690512,0.0395261231636937,-0.0358357591546183,0.0716006747861743,0.107436433940793
"2616","DESI1",0.108892614249183,0.808905508549433,-0.0304839485692097,0.998419475690512,-0.0320540129184753,0.0389366507337156,-0.0684679394697527,-0.107404590203468
"2617","GLT8D1",-0.367410158803227,0.422971365367713,-0.0853800236476533,0.871426532702483,-0.100497783797507,-0.213180938876259,-0.105819964777963,0.107360974098296
"2618","CBR1",-0.0786646859566451,0.930495689662211,-0.19270785475881,0.998419475690512,0.263337325329298,0.330626550538133,0.223302926140378,-0.107323624397755
"2619","PRDX4",-0.452107567226672,0.382663675881058,-0.0198481031553494,0.998419475690512,-0.142713456348697,-0.230289185930056,-0.123098026621309,0.107191159308748
"2620","ARL8B",0.478326634561169,0.0544722414466837,0.0667486702232531,0.998419475690512,0.298620033998933,0.203396697932396,0.310544528731886,0.10714783079949
"2621","PGAM1",-0.0100678650334162,0.983345869563057,0.323801567608387,0.998419475690512,-0.159497687569495,-0.0819616641766819,-0.188976812211175,-0.107015148034493
"2622","EWSR1",0.312984178408547,0.0835186970235609,0.365062691115521,0.908547541052843,0.0410077886942661,-0.103589749502765,0.00342337379004593,0.107013123292811
"2623","NAPG",-0.223853077324392,0.422925936180028,-0.0753138741035186,0.998419475690512,0.125260017804225,0.188652055953026,0.0816435861637119,-0.107008469789315
"2624","TNFRSF21",-0.489775710229741,0.214242701330527,-0.0885768564630249,0.998419475690512,0.358682058492023,0.278336638913626,0.385170905863157,0.106834266949531
"2625","ANXA1",-0.0141871906970466,0.980416466037606,0.196394948218704,0.998419475690512,0.116294070743187,0.18249453745739,0.0757568875692591,-0.106737649888131
"2626","ADGRE5",0.481097390788871,0.116993311060771,-0.0259520185712293,0.998419475690512,-0.00590432685649356,-0.0763386641193478,0.0303820315964135,0.106720695715761
"2627","ACSS2",0.0529692002529734,0.903081238060611,0.0745013572361106,0.998419475690512,-0.180470465571242,-0.246409004456929,-0.139698145505206,0.106710858951723
"2628","DPYSL3",0.108475845054934,0.913967256480479,0.31131387620376,0.960462348430834,0.0774813435898206,0.0252897909573449,0.131999005038233,0.106709214080888
"2629","GLYAT",-0.185496869466938,0.80101469765479,-0.0515304516437933,0.998419475690512,0.0519794913112529,0.0937880879779501,-0.0128577190398538,-0.106645807017804
"2630","SEMA3B",0.35065045648401,0.537640090485165,0.0170151110487533,0.998419475690512,-0.00820313275650245,-0.0794768826701676,0.027167527640083,0.106644410310251
"2631","PCBP2",0.0210023073676056,0.941922994678548,0.0511063633694024,0.998419475690512,-0.11568154538955,-0.186143382395514,-0.0796830418666458,0.106460340528868
"2632","RBP7",-0.121286926713172,0.87821603937349,-0.0131459944312082,0.998419475690512,0.342791260390517,0.420314846669405,0.313933621767218,-0.106381224902187
"2633","CPVL",-0.340680701037811,0.326206481170184,0.0767113689643117,0.998419475690512,-0.171444726044683,-0.23001865829597,-0.123656465599954,0.106362192696017
"2634","PABPC4",-0.246502943720556,0.455355542343927,0.360463211088077,0.791573009435334,-0.116216977677461,-0.143174134447245,-0.0368181620498439,0.106355972397401
"2635","PSMB3",0.333892346426433,0.333050254695904,0.0369381360687694,0.998419475690512,0.0896244740295974,0.151976588456704,0.0456748432045113,-0.106301745252193
"2636","CARNMT1",-0.0637604119081599,0.9228044236674,0.261425531225619,0.767384076116731,-0.0599616011575563,0.0441513656843746,-0.0621030903830101,-0.106254456067385
"2637","IGBP1",0.335197007840739,0.25193862797633,0.0385827611471178,0.998419475690512,0.00577167889472439,0.0694703164233098,-0.0367485328559071,-0.106218849279217
"2638","CAPNS2",1.23607858217423,0.0123100477580134,-0.294397538976763,0.906608492274627,0.0943134452649922,0.219334518540978,0.113360742370477,-0.1059737761705
"2639","MED1",0.327503022940184,0.24903807481115,-0.0873222492096335,0.998419475690512,-0.0587841486112042,-0.120058681545205,-0.0144595594125628,0.105599122132642
"2640","CFAP45",-0.897017425942239,0.0938176511926851,-0.0642713888079946,0.966961547562754,-0.0884267516468904,-0.211205490028826,-0.105680636673284,0.105524853355542
"2641","CD37",0.519420555562048,0.0366680797684346,-0.039459620405903,0.998419475690512,-0.0107928239417402,0.119639439117137,0.0142460014847712,-0.105393437632366
"2642","NECTIN1",-0.547059653056428,0.216683648593368,0.00157778486651525,0.998419475690512,-0.0209267042850613,-0.0805868792834835,0.0247920266748267,0.10537890595831
"2643","IL27RA",0.208104233132119,0.551742858714466,0.0561756749508589,0.998419475690512,0.150395972240897,0.0831268186205146,0.188418788996727,0.105291970376212
"2644","MYL12A",0.75927007448411,0.00203186299454571,0.0839289344320919,0.998419475690512,-0.149286235931197,-0.137034241138947,-0.241992364480133,-0.104958123341186
"2645","ETFA",-0.397578272360212,0.128004735842293,0.0721356048399757,0.998419475690512,-0.0851294384547204,0.00258423057636368,-0.102355657201733,-0.104939887778096
"2646","XYLT2",0.0758525962444013,0.911119733892309,-0.106361211879667,0.958741895914764,0.0710515714925328,-0.00195607101423067,0.102798541908558,0.104754612922789
"2647","EIF5A",0.024082818166619,0.953306147936703,0.0162739464669522,0.998419475690512,0.150862597312247,0.0774767370897298,0.182092424372624,0.104615687282894
"2648","TOLLIP",0.0027559956627244,0.996415032819787,-0.145630269502432,0.998419475690512,-0.177364434010921,-0.0957972277679355,-0.200332006903748,-0.104534779135812
"2649","IL31RA",0.100902984848883,0.923059696896109,0.0263161269443423,0.998419475690512,0.0152921194637653,0.0858168820193349,-0.0187015490919769,-0.104518431111312
"2650","CLUH",-0.462443688868978,0.366519079910826,0.0433176804428629,0.998419475690512,-0.0444346788111936,-0.0898590227767957,0.0145825232564741,0.10444154603327
"2651","FAM20A",0.79584962116157,0.0157186053500526,-0.0315564148231692,0.998419475690512,0.0847378685306226,0.198450983374173,0.0941485083224737,-0.104302475051699
"2652","UBQLN4",-0.336034955778256,0.33480103368044,0.0338143149268339,0.998419475690512,-0.0854439003951707,0.000803699805021843,-0.103450491224145,-0.104254191029167
"2653","SFXN5",-0.43753839335166,0.219083193171298,-0.0297788517590975,0.998419475690512,0.0858479804469608,0.00234425655414216,0.106596539855352,0.10425228330121
"2654","CD274",1.66031644146414,0.000102883513677626,0.0457289998494165,0.998419475690512,0.117917995959034,0.210087722447567,0.105891487059535,-0.104196235388033
"2655","PEX14",-0.657646190330142,0.159587410358658,0.143881842008016,0.723431915013577,0.0895381884275655,0.1187616681061,0.222824753276917,0.104063085170817
"2656","IL4R",-0.253504215857699,0.665896767991398,-0.110482536809347,0.998231594656268,-0.205188025862916,-0.277346066156981,-0.173331515566354,0.104014550590626
"2657","MALT1",0.263498794617769,0.479539776967485,0.0645737351602843,0.998419475690512,0.126197796963064,0.188100456001414,0.0841021024559326,-0.103998353545481
"2658","RNPC3",0.140332020194971,0.770007604747557,-0.0402041744194692,0.998419475690512,0.139353233601863,0.205696567148466,0.101775963601005,-0.103920603547461
"2659","APPL1",0.0850432590652736,0.869683581518363,-0.0426315971499584,0.998419475690512,-0.208881335122257,-0.135863900736425,-0.239761920997847,-0.103898020261422
"2660","DCUN1D1",0.0291481801915353,0.955572508020888,0.226892510482194,0.998419475690512,-0.0911236473603853,-0.0203840708513421,-0.124185006815305,-0.103800935963962
"2661","LILRA2",0.494783460698822,0.230219336678581,0.222337947927416,0.906608492274627,0.336216243232654,0.376464796689784,0.272689912400822,-0.103774884288961
"2662","OAF",-0.141937935082934,0.83174135516089,-0.194568412431597,0.998419475690512,-0.027143097499279,-0.101721348652792,0.00183904709260962,0.103560395745401
"2663","NCBP2",-0.263567675609708,0.518802165653983,-0.0282289947229937,0.998419475690512,-0.0142161100251843,-0.0923055484546007,0.0112020003901129,0.103507548844714
"2664","EPB41",0.171752615622846,0.550449119460996,0.0146574089438456,0.998419475690512,-0.108024278087071,-0.175446167151261,-0.072031898563829,0.103414268587432
"2665","FKBP4",-0.551638772741083,0.199023988885623,0.445247735867553,0.726670319561975,-0.313536249439129,-0.201073377275109,-0.3043367482962,-0.103263371021091
"2666","CHMP1B",0.073338867315686,0.812877623549242,-0.248142594125316,0.998419475690512,-0.11736773038579,-0.185214224362254,-0.0819959782566888,0.103218246105565
"2667","EPHA2",-0.534591144762294,0.389350938450145,-0.216375919714625,0.856705671473268,0.248362815936844,0.306078786832171,0.202921900528414,-0.103156886303757
"2668","SEMA7A",0.621412083856367,0.122339092401517,0.178795278088837,0.180010488190773,0.0755164531198325,-0.0812846917332186,0.0218230730413344,0.103107764774553
"2669","UQCRB",-0.238063791157256,0.564502736015484,-0.107965146198832,0.998419475690512,0.00202091613241548,-0.0923485368827975,0.0106942135634125,0.10304275044621
"2670","ACBD4",-0.402507055331983,0.509597942315609,0.0953603615972057,0.998419475690512,-0.0591666339237874,0.0328596889056553,-0.0701192468166245,-0.10297893572228
"2671","PON2",-0.38619392984903,0.568851463057171,-0.202827889578864,0.998419475690512,0.0305891560046593,0.0681650525526447,-0.0346064244767415,-0.102771477029386
"2672","LIN7A",0.376234578202604,0.467995150040294,0.128964828217591,0.998419475690512,0.306559223715585,0.220929469407314,0.323651291614525,0.102721822207211
"2673","ERH",-0.127262317527407,0.837086408029058,0.343373322658138,0.994656144598261,0.0549918842592428,0.126056571602539,0.0233666043603579,-0.102689967242181
"2674","FAM89B",0.613634052394779,0.0932798805775509,0.0372230091509112,0.998419475690512,0.000460886736134233,-0.0634407980061458,0.0392426801541984,0.102683478160344
"2675","P4HA1",-0.30817294174104,0.366018844634482,-0.0119610885638365,0.998419475690512,0.26909554597809,0.207734853086936,0.310410801434093,0.102675948347156
"2676","PPP1R3B",0.518656304341193,0.137969013693743,-0.0411981392113265,0.998419475690512,-0.0902179909353212,-0.00200646200187134,-0.104526983071751,-0.102520521069879
"2677","RELL1",0.00902946121961047,0.986330662602146,-0.106033867201978,0.977028140171628,-0.0733385624024036,-0.0113766809274774,-0.113837614091613,-0.102460933164136
"2678","HNRNPAB",-0.23451957058235,0.409720039832833,0.236575741331558,0.998419475690512,0.0149990100960458,-0.0199732014044826,0.0824279524504488,0.102401153854931
"2679","WWP1",0.129509471032247,0.754499106000875,0.0336533021194697,0.998419475690512,-0.0312014881065117,0.033951934432162,-0.0683532856852527,-0.102305220117415
"2680","TK2",-0.158725056218269,0.762566176240124,0.279148260341357,0.791573009435334,-0.12326891149376,-0.196432015185587,-0.0941836669939393,0.102248348191648
"2681","HSPA8",0.0603997095194535,0.90297711699319,0.306638188000923,0.966961547562754,-0.0618054285367321,-0.115609571416818,-0.0134499712561067,0.102159600160712
"2682","RETN",0.233126327619625,0.809654336114302,0.619609401436402,0.779510248250363,0.0837015187807216,-0.0147636987674286,0.0872994527508701,0.102063151518299
"2683","VOPP1",0.0767480187004729,0.842172085925172,-0.0184032142718177,0.998419475690512,0.0843269180614315,0.154748517531086,0.0528610608699185,-0.101887456661167
"2684","TNFAIP3",0.564561333907947,0.20892339988964,0.106786628978203,0.998419475690512,0.276759492082498,0.201316373434947,0.303161802004435,0.101845428569489
"2685","HNRNPM",0.208812429056572,0.264885870046246,0.162854231767819,0.998419475690512,-0.101406053661589,-0.0547851666141619,-0.156576050836598,-0.101790884222436
"2686","EIF4EBP2",-0.0888981347056505,0.766936265309998,-0.0297331663554039,0.998419475690512,0.299035769383901,0.363782878155771,0.262064413379108,-0.101718464776663
"2687","EIF2S2",-0.0026839274062232,0.996248953157761,-0.279585602564251,0.998419475690512,0.123993051757831,0.192587030298921,0.0909189102722932,-0.101668120026628
"2688","HK3",0.560820684536034,0.138269377726933,0.112987332764291,0.890061599399742,0.0119374320654649,-0.0984561181532654,0.00320345060139288,0.101659568754658
"2689","PDE1B",-0.220293156334335,0.589687674556304,-0.252429102210412,0.538850142635265,0.088177960006429,-0.017381980234362,0.0842775018101565,0.101659482044518
"2690","HS3ST3B1",0.683948771249168,0.121130527959106,0.0140663298373051,0.998419475690512,-0.0110033079359274,0.0518128211662363,-0.0498435271181803,-0.101656348284417
"2691","HDAC8",-0.0742724217031558,0.907963897026384,0.12328403783604,0.998419475690512,-0.0960319753507876,-0.0214923397236,-0.123143543603081,-0.101651203879481
"2692","LY86",-0.206747590986029,0.766936265309998,0.149988867913176,0.998419475690512,0.142914580230442,0.0941812351945347,0.195787046347204,0.101605811152669
"2693","EMC2",0.354267934109401,0.439981483958454,0.031348204975202,0.998419475690512,0.0441065773365277,0.112992592267368,0.0114517065307886,-0.101540885736579
"2694","TCEA2",-0.357471416115401,0.501703790709281,-0.0827564575641352,0.998419475690512,0.0168017812340355,0.0868287777871049,-0.0145224507036108,-0.101351228490716
"2695","ADPRH",0.465200584366833,0.23492582882918,0.0836962991572346,0.998419475690512,0.190130123496294,0.226674066020735,0.125396933417434,-0.101277132603301
"2696","AGRN",0.37729942780192,0.474842564456684,0.338828765111767,0.990357852811288,0.22413231075794,0.287505636087946,0.186318602072369,-0.101187034015576
"2697","SEPSECS",-0.358641431139935,0.361706460820928,0.0102622903441259,0.998419475690512,-0.00226884130598343,-0.0772855262420734,0.0237873317192814,0.101072857961355
"2698","ISG15",4.01704848786668,7.36305262156761e-08,1.85560377685089,4.6662574026212e-05,0.785762977071283,0.582107325677742,0.683071795495481,0.100964469817739
"2699","TMED2",0.00865489785353495,0.988052033380281,-0.0271713748848894,0.998419475690512,-0.0495649417669991,0.0110059895058791,-0.0899272940575999,-0.100933283563479
"2700","CSF2RA",-0.105274311683014,0.816201719310708,0.0615736506500066,0.998419475690512,0.0226384623625263,0.099014226446131,-0.00185793937617426,-0.100872165822305
"2701","GSS",-0.333580019999637,0.361673129750862,0.06250896916495,0.998419475690512,-0.0509619568353121,-0.116891230793958,-0.0160496885686182,0.10084154222534
"2702","TAX1BP1",0.0304989507252063,0.92857331401855,0.0525506483451466,0.998419475690512,-0.0783392277444493,-0.0156754282039881,-0.116387713903206,-0.100712285699217
"2703","EDEM2",0.491498538970036,0.14323098059885,-0.00284694716975649,0.998419475690512,-0.160299958920003,-0.230274435535021,-0.129717489949464,0.100556945585557
"2704","MME",-1.5108121255833,0.000938574787104932,-0.21859242402341,0.998419475690512,0.194102613120033,0.10556251494369,0.206088934113657,0.100526419169966
"2705","AIMP1",-0.466923457069684,0.103501932095232,0.141793447805273,0.958007806671595,-0.0191300798727259,0.114795020714591,0.0142794513524794,-0.100515569362112
"2706","PPP2R5A",-0.0160427660481281,0.973005932330938,-0.0554354467976042,0.998419475690512,0.03018270819325,0.0938288819405462,-0.00668304820108416,-0.10051193014163
"2707","PXDN",-0.187107844614342,0.857582458496998,0.055588855420093,0.998419475690512,0.105536074139459,0.043280063161691,0.143619120529244,0.100339057367553
"2708","CFD",-0.0717253622809407,0.930097829802769,0.092095097904568,0.998419475690512,0.335780682511523,0.400408313609562,0.300071300308514,-0.100337013301048
"2709","RER1",-0.143024908861533,0.661304750359468,0.159777150625331,0.967173265821445,0.0499330122962366,-0.0185264010798076,0.0816900231635097,0.100216424243317
"2710","RPS4X",-0.333434640603619,0.399401348126119,0.179749584065152,0.998419475690512,0.00520994084625846,-0.041701001484905,0.058236106749759,0.099937108234664
"2711","ELMO1",0.072835135137737,0.867356814933446,0.00142872776084441,0.998419475690512,0.0102979698822685,-0.0662808138141513,0.033587203494318,0.0998680173084693
"2712","DDOST",0.00497430444012653,0.991829702190906,0.0172493803530862,0.998419475690512,-0.323859494234988,-0.265717265173748,-0.365447782216701,-0.0997305170429532
"2713","PLA2G12A",-0.449108341207248,0.277366102246297,-0.0379120159672948,0.998419475690512,-0.00461587019577309,0.0491319163863478,-0.0505289518840631,-0.0996608682704109
"2714","RBM18",0.136259802185808,0.76972838323803,0.220305293662304,0.880179970803445,0.121351324331577,0.173695243793345,0.0740496653954876,-0.0996455783978571
"2715","SERPINB8",0.0116634670965582,0.982781998374077,0.801037255446992,0.285429716558227,0.0417845598629707,0.119435492411933,0.0200575164382517,-0.0993779759736815
"2716","F11R",-0.55799462389347,0.0291908645631509,-0.251719541876058,0.414689038361253,0.145329432551337,-0.00626574676823285,0.0930934558798743,0.0993592026481071
"2717","DCP1A",0.434829579517492,0.0956059267080686,0.0118340516257252,0.998419475690512,0.0198316757396449,-0.0652278763644473,0.0339657027851628,0.0991935791496101
"2718","SLBP",-0.204076888529071,0.619896595686907,0.342482115726168,0.538850142635265,0.0975018157365391,0.0514036873133812,0.150516513945933,0.0991128266325521
"2719","RAPGEF1",-0.111787186407848,0.74597048052475,0.0156951917665896,0.998419475690512,-0.0618781430291005,-0.137160044724312,-0.0380812367787531,0.0990788079455585
"2720","ERP44",0.132472437638253,0.725171089945284,-0.176123828600334,0.998419475690512,0.0358156316995025,0.109720053468954,0.0107880252778448,-0.098932028191109
"2721","FAM177A1",-0.0991622476321283,0.74132594153698,-0.228285576009524,0.998419475690512,-0.179887585272559,-0.255499551281942,-0.156622433403119,0.0988771178788229
"2722","SNRPA1",-0.151335382647796,0.80101469765479,0.19389279128925,0.998419475690512,-0.0271446605195898,-0.0799318468802992,0.0189277905646701,0.0988596374449693
"2723","LAMC2",-1.05027484128541,0.0428604461109914,0.0139611156486791,0.998419475690512,0.0291744629687215,0.104617838109268,0.00582122737684595,-0.098796610732422
"2724","CTH",-0.436487458075075,0.613061355738642,-0.0625509205783526,0.998419475690512,-0.116640657643687,-0.188000654383082,-0.0892043957446611,0.098796258638421
"2725","EPHA4",-0.14054295373618,0.867152669356021,0.0597651173421037,0.998419475690512,-0.188526240018231,-0.236200566836272,-0.137488025175008,0.0987125416612635
"2726","ANKRA2",-0.342670767821839,0.50151190453571,0.0419518901255422,0.998419475690512,-0.102586028367068,-0.0190907595446887,-0.117750067105846,-0.0986593075611571
"2727","TIPRL",0.24677344127049,0.577289599252973,0.263149537280696,0.998419475690512,-0.0548298714696379,-0.13901554130289,-0.0404105931937921,0.0986049481090975
"2728","MICA",0.245801075916893,0.6145237688591,-0.217994024378368,0.993246420374571,-0.0796960539589924,-0.144370675070657,-0.0457732735950032,0.0985974014756537
"2729","MYC",-0.0974407767650741,0.863681063935051,0.0030936539456088,0.998419475690512,-0.106123009238573,-0.171118154085364,-0.0726490175500394,0.098469136535325
"2730","BRF1",-0.280822045134698,0.563473144639334,6.35727772225068e-05,0.999630123061287,0.0880240481541762,0.0151424430277728,0.113468833300625,0.0983263902728522
"2731","DECR1",0.0622826052683884,0.875325013498972,0.0425466887522538,0.998419475690512,0.140417082040372,0.198481442273244,0.100532487093186,-0.0979489551800579
"2732","EIF4B",-0.289346318940975,0.18138637437665,0.118243123402079,0.998419475690512,-0.0781932305242838,0.0119362008681862,-0.0859244963130665,-0.0978606971812528
"2733","TRAPPC3",0.209445127684398,0.641029724716751,-0.0126193467474814,0.998419475690512,-0.171424329272889,-0.109942636596363,-0.207780461711092,-0.0978378251147284
"2734","MYDGF",-0.178079576329581,0.73875362025925,-0.0199486125836737,0.998419475690512,-0.207457055815539,-0.166290855531748,-0.264097209837232,-0.0978063543054838
"2735","EHMT2",-0.326082602238874,0.47827911206632,0.17246638119407,0.854189735810682,-0.176682469383703,-0.216766189535651,-0.119207968466809,0.0975582210688423
"2736","CAB39",0.129991948888535,0.683922075904423,0.304871166704404,0.998419475690512,0.0588597280953545,-0.0348080135768317,0.0626620877623499,0.0974701013391816
"2737","BCL11A",-0.214085245121034,0.645715854044188,0.0627549431232026,0.998419475690512,-0.166825964495643,-0.204905659822374,-0.107502342898627,0.0974033169237469
"2738","TCTN2",-1.00836638867616,0.0119025848763734,-0.104368218126728,0.934081246389468,0.192401699308286,0.195165066519047,0.0978638649724613,-0.0973012015465854
"2739","SERF2",0.0774315473216294,0.84711875169362,-0.00102962396656715,0.998419475690512,-0.0978208453604712,-0.0364466075205374,-0.133734463191624,-0.0972878556710866
"2740","TRIP10",-0.122380693865052,0.850920655873288,0.204031029518643,0.998419475690512,-0.0752528162304457,-0.121034191863491,-0.0237620914163175,0.0972721004471733
"2741","MVK",-0.460416312039821,0.536138442367173,0.168701529021362,0.785871831294745,0.0987385560812178,0.201496285949496,0.104367078232744,-0.0971292077167516
"2742","DEFA1",-1.07682748249067,0.311175249844187,0.487680653964536,0.228867640060625,-0.175107763820551,-0.0481794954119713,-0.145226741429648,-0.0970472460176772
"2743","RBBP5",0.0355976211740523,0.930854886445118,0.521114319665008,0.472153317410157,-0.166445926007397,-0.0910180773040912,-0.187791137138713,-0.0967730598346215
"2744","RB1",0.302827142445086,0.203029583478514,0.0774667045788496,0.998419475690512,-0.0084787962405267,0.0446844166524851,-0.0519979347997307,-0.0966823514522158
"2745","PTPN9",-0.105294966272361,0.830896251008308,-0.0377200233801601,0.998419475690512,-0.0162582737147817,-0.0824782716310802,0.0141923315323368,0.096670603163417
"2746","MRAS",-0.529831086482292,0.22772920957843,0.0219222972865859,0.998419475690512,0.125918866406108,0.0498251276802544,0.146490083623652,0.0966649559433972
"2747","PAPSS1",-0.0817350530615009,0.84425093274393,0.627049606786787,0.499942345878088,-0.0222539002113478,0.0592038861833555,-0.0374606819364452,-0.0966645681198007
"2748","HSPA13",-0.283771531520235,0.454079707179474,-0.0253138134562931,0.998419475690512,0.0623473428210615,0.0115832949672011,0.108227585416659,0.0966442904494579
"2749","MDH2",-0.0491331108001556,0.926798238357972,0.392734597990685,0.998419475690512,0.05267801908397,0.133704889237306,0.0370705526748902,-0.0966343365624162
"2750","BLOC1S1",0.472749436092628,0.199824270595294,0.101345980521386,0.998419475690512,-0.0991170085626009,-0.211343781024189,-0.114776803958038,0.0965669770661506
"2751","CDK2AP1",-0.538632059693312,0.0801236196361428,0.000448357606490941,0.998805706404385,-0.039539400515818,-0.13233860409096,-0.0358204663104147,0.0965181377805455
"2752","PURB",0.150027310140048,0.613061355738642,-0.201304897743744,0.998419475690512,-0.110603090038876,-0.17004193059123,-0.0735541144001802,0.09648781619105
"2753","HNRNPD",0.318830909362123,0.200185816406095,0.233700905374849,0.998419475690512,0.197690817036376,0.0960668432001158,0.192514895687369,0.0964480524872529
"2754","CCNYL1",-0.0649641837662392,0.866321091213675,-0.0380201673545655,0.998419475690512,-0.0245929751711027,0.0358992559308177,-0.060518407830907,-0.0964176637617247
"2755","NHEJ1",-0.266142818957308,0.697067778251725,-0.0283641598870801,0.998419475690512,-0.0312598636651585,0.0293045118145848,-0.0671012285508858,-0.0964057403654705
"2756","BRAF",-0.0615981298099373,0.901279065697407,-0.0725785653730723,0.998419475690512,0.129535190715501,0.19276290686333,0.0963653413523411,-0.0963975655109887
"2757","ID1",-0.0269430205827361,0.979029151691519,0.060117657922081,0.998419475690512,-0.0487568270998483,0.0101713368670385,-0.0861340110864495,-0.096305347953488
"2758","NUDT14",0.260938696594532,0.692029059095452,-0.155245138476551,0.29574286735093,0.0117504745972205,0.0645413777455911,-0.0317257709183328,-0.0962671486639239
"2759","ASB8",0.428931624457514,0.208302094400711,0.00938345741559882,0.998419475690512,0.00282830361384918,-0.0576309074222131,0.0385824225172729,0.096213329939486
"2760","PRDX3",-0.103346592579074,0.762156830166461,0.0950453335333454,0.998419475690512,0.0660793035666347,0.00890012242419886,0.104998817014617,0.0960986945904179
"2761","DECR2",-0.593610248663612,0.448282620846685,-0.0108272089930553,0.998419475690512,0.0129381892688776,-0.0642565410400196,0.0317523002815638,0.0960088413215834
"2762","ANXA11",0.117955378623155,0.645857330714085,0.0903952317965621,0.998419475690512,0.149503618017151,0.216149026301829,0.120268333663859,-0.0958806926379697
"2763","POGLUT3",-0.255047172178106,0.638892567034623,0.358140326732784,0.871133880789158,0.027015807890759,0.111441693053799,0.0156095066866634,-0.095832186367136
"2764","NAAA",0.304625461051079,0.557326664160811,-0.491341432739103,0.702886689041492,0.110865736174166,0.211279624799678,0.115808299916789,-0.0954713248828895
"2765","VAPB",-0.0402679223834778,0.920107214317693,-0.0297003811584434,0.998419475690512,0.00846381046050519,-0.0602972857016977,0.0350759539832619,0.0953732396849596
"2766","PNLIPRP1",-0.096946621638738,0.942817268015138,-0.0530287876120551,0.998419475690512,-0.0599772137562341,-0.128853857346712,-0.0335022650175904,0.0953515923291211
"2767","CMPK1",-0.403990805599942,0.204993252926954,-0.364127228795018,0.37027926152384,0.495035547949785,0.523244837867243,0.427977861526958,-0.0952669763402841
"2768","PLAT",-0.4464028626124,0.498672197676846,0.143469158946357,0.857501682187315,0.117959042807105,0.218769722145322,0.123791343251136,-0.0949783788941858
"2769","LEAP2",0.299522658089905,0.710615835497853,0.0930064016469224,0.998419475690512,-0.125914357518758,-0.190408301931131,-0.0955717775718173,0.0948365243593134
"2770","COL1A1",-0.629050903334379,0.435935145177515,0.264090051604042,0.395112389634454,-0.065122746156474,-0.0666775414224968,0.0280994222754089,0.0947769636979057
"2771","KEAP1",-0.00405135493273621,0.995507773147594,0.0388893677017499,0.998419475690512,-0.283941202058302,-0.346247813610664,-0.251472036009258,0.0947757776014057
"2772","HTRA2",0.127016106769035,0.806122743655948,0.0336330844674482,0.998419475690512,-0.084741704316028,-0.0242066051726336,-0.118971140451563,-0.0947645352789296
"2773","LONP1",-0.56596555905448,0.0715490431986038,0.358013938969036,0.856705671473268,-0.376232715888776,-0.396855299383221,-0.302140202784835,0.0947150965983866
"2774","TIA1",0.743699462435665,0.0470468949395868,0.086859963597536,0.998419475690512,-0.00327296250544401,0.0280213827727133,-0.0665224098787834,-0.0945437926514967
"2775","RAB11B",0.0966486261636651,0.832425523109248,0.26152877046995,0.998419475690512,0.081654195175661,0.143348390564231,0.0488484700700896,-0.0944999204941416
"2776","PLS1",-0.616508379511842,0.350918183377944,-0.245345424001628,0.552683656177141,0.225483863631465,0.247491614166504,0.153083786941548,-0.0944078272249567
"2777","QTRT2",-0.00466960892216918,0.993527460295739,0.117226060251952,0.998419475690512,0.0701404124838734,0.136901616005751,0.0425314846917965,-0.0943701313139542
"2778","FCRL1",0.372630774884546,0.572288318869935,0.0759661160361573,0.998419475690512,0.254603622677139,0.322728284378252,0.228415437528727,-0.0943128468495247
"2779","IL13RA1",0.246196107669128,0.389328657072901,-0.0663903098170161,0.998419475690512,-0.139366634102114,-0.0491238113454633,-0.143347986211643,-0.0942241748661799
"2780","TPD52L2",-0.00569010215217517,0.990575536249251,0.20167464286243,0.998419475690512,-0.226931393960987,-0.290344750805145,-0.196280134347299,0.0940646164578458
"2781","UBE2K",-0.10283512165125,0.81234637516706,0.00505273762536944,0.998419475690512,0.0282796460348862,-0.0421044988484007,0.0517965654077441,0.0939010642561448
"2782","SNX5",-0.372114778618616,0.124337865383209,-0.14296007878084,0.998419475690512,-0.0933566297428068,-0.183984436309626,-0.0901499724621719,0.0938344638474538
"2783","ADA2",-0.0148676253187972,0.980733411584864,0.152567731241621,0.998419475690512,0.211874933329794,0.266535127875867,0.172809660918289,-0.0937254669575782
"2784","ATRN",-0.531503536184054,0.0277700356797424,0.140250076300915,0.998419475690512,-0.00807039482235562,0.0780528593041847,-0.0156569180549405,-0.0937097773591252
"2785","STARD10",0.0429711573864905,0.941049667423265,-0.0396556645752823,0.998419475690512,-0.148700364425992,-0.205069253624292,-0.111431126912797,0.093638126711495
"2786","GCA",0.587226268620227,0.14797575555299,0.325440140093872,0.998419475690512,0.359923385154135,0.275173020799609,0.368748505492824,0.0935754846932145
"2787","SRGAP2",0.534347996616655,0.184259938493204,0.0637839227268209,0.998419475690512,0.137861150890063,0.203171138101553,0.109631706249433,-0.0935394318521199
"2788","PAPLN",0.256372654087573,0.620788737438962,-0.0161576693998001,0.998419475690512,0.0930153124657676,0.0294590149998418,0.122638187179679,0.0931791721798374
"2789","ACVR1",-0.306484531201201,0.4358602400978,0.0600122281332497,0.998419475690512,0.158619487084246,0.226167276165488,0.133003025774387,-0.0931642503911017
"2790","IFIT3",3.26164616593161,1.25914448190335e-05,1.60060656713926,0.00298241245702854,0.807697923889817,0.6614790773567,0.754573134343912,0.0930940569872124
"2791","CREBZF",0.0704644081027946,0.860538895274552,-0.00837138222308582,0.998419475690512,-0.251387476657182,-0.319114853104411,-0.226039606498739,0.093075246605672
"2792","OSTM1",-0.131344926689419,0.765827727656863,-0.0242493959838434,0.998419475690512,0.202526467992713,0.258336064790161,0.165286778430208,-0.0930492863599528
"2793","PTPRJ",0.0318856018655767,0.946829690867818,0.165115728983533,0.998419475690512,0.163746536990518,0.0983953340376719,0.191416556511231,0.0930212224735592
"2794","DLD",-0.349358242451965,0.205781973418111,0.454675246800649,0.954918486558191,0.0843604802403339,0.184615702527266,0.0916868059863274,-0.092928896540939
"2795","SPP1",0.0593607520173659,0.946544209981764,0.156698749410089,0.998419475690512,-0.0300445470983518,0.0346039655121374,-0.0581198095023586,-0.092723775014496
"2796","NAP1L1",-0.518938459992132,0.0332132259484369,-0.163705445579486,0.998419475690512,0.209329188602191,0.271536491486995,0.178828616537944,-0.0927078749490508
"2797","ELL",-0.0480117837149204,0.925573423024769,-0.00557935194810758,0.998419475690512,-0.0333434393557308,0.034727075828697,-0.0579729896082226,-0.0927000654369196
"2798","SHMT1",-0.470207632860029,0.409273808754553,0.473252726978378,0.884404761183143,-0.0563702504473305,0.0208945174673093,-0.0717748598860396,-0.0926693773533489
"2799","MAP4K3",-0.501334370348771,0.205302232766631,-0.0440636928753958,0.998419475690512,0.077660218987227,0.00223955660880643,0.0948180943223178,0.0925785377135114
"2800","TNNI2",-0.84893929657299,0.180080854604851,-0.0269066625498653,0.998419475690512,-0.0196188573643891,0.0448325859157954,-0.0477233890082311,-0.0925559749240265
"2801","KMO",0.118591914315006,0.866855094735548,-0.0262865911570306,0.998419475690512,-0.0124831665938367,0.0444003624941738,-0.048021045694676,-0.0924214081888498
"2802","CUTA",0.0182521555350596,0.983793774094201,-0.0682329995056405,0.998419475690512,0.077382757888775,0.128703611104098,0.0362926969271937,-0.0924109141769041
"2803","METTL1",-0.575841411959318,0.300186418125508,0.0393023706221598,0.998419475690512,0.0410096386806566,-0.000931465597704733,0.0913133790386577,0.0922448446363624
"2804","ALOX5",0.0770118344517149,0.914802642583279,0.0486280080662429,0.998419475690512,-0.100713399131781,-0.0316323292627418,-0.123819708822124,-0.0921873795593822
"2805","RPS12",-0.0637426688065461,0.912083251822611,0.147258606064222,0.998419475690512,0.184319677961534,0.263663352882897,0.171478517915018,-0.0921848349678787
"2806","SPHK1",0.792398784881395,0.00191643664637591,0.233025608266959,0.142818578284896,0.0224222858072314,-0.0536383554547272,-0.145728499553974,-0.092090144099247
"2807","PES1",-0.117034788604658,0.821415043645724,-0.00248308677458665,0.998419475690512,0.0313574275004965,0.0936013074096848,0.00152415277773359,-0.0920771546319512
"2808","DENR",0.197363714572899,0.55834577251522,-0.273346108249194,0.447873601337046,-0.084603847667627,-0.144670171280919,-0.0526277633555292,0.0920424079253894
"2809","NME4",-0.395125141496067,0.483029650211878,0.0877984562088263,0.998419475690512,0.0513950004311871,0.00691682323067254,0.0989114069332223,0.0919945837025497
"2810","AGO2",-0.130890988347519,0.748494401356339,0.128742816510718,0.998419475690512,0.119265453782541,0.186533659060249,0.0946079385569862,-0.0919257205032631
"2811","KRT14",-1.14969161573034,0.120585453379371,0.133863016818984,0.998419475690512,0.120410482187671,0.217057615034865,0.125180201716751,-0.0918774133181144
"2812","APTX",-0.197414834574706,0.605954473398972,-0.0206798886074459,0.998419475690512,0.13560870976445,0.069660598043835,0.16149134616304,0.0918307481192051
"2813","ARL2BP",-0.0465948192459062,0.950143820927288,0.167442274493384,0.998419475690512,-0.140162877395144,-0.0715629278487857,-0.163356869039554,-0.0917939411907683
"2814","HAMP",1.77375968339184,0.025216121303548,0.47264914190495,0.489329172537047,0.0220804458763142,-0.131949758535379,-0.0401950409890942,0.0917547175462846
"2815","ASPSCR1",-0.329196770736322,0.376122847622001,-0.250677075546934,0.936867356766746,-0.00106401344125811,0.0218421616264521,-0.0698203899492013,-0.0916625515756534
"2816","IRF6",-0.745370853245309,0.17260114073087,0.183120774390676,0.998419475690512,-0.0295735866104624,0.0816047460438318,-0.0100257266077102,-0.0916304726515421
"2817","EXOSC5",-0.979773809628719,0.101121498436693,0.215925319897925,0.861619201789483,-0.241599240592958,-0.148652431470757,-0.240229372737235,-0.0915769412664779
"2818","ASAP2",-0.145729940698728,0.830916686920973,0.0025027916365885,0.998419475690512,-0.0880517910027764,-0.0281674814462037,-0.119700024646362,-0.0915325432001579
"2819","CD109",-0.576066846067363,0.0858223071812578,0.147589729899351,0.71955774706989,0.0991464927327685,0.206484759643056,0.115054699026785,-0.0914300606162713
"2820","F3",-0.067861858479057,0.931562134361692,-0.0722227333897816,0.998419475690512,0.145155948513823,0.208049672727907,0.116620319261144,-0.0914293534667625
"2821","PTTG1",0.841653169686721,0.256830135018575,-0.0321985082670336,0.998419475690512,-0.00506443108557468,-0.043462663625012,0.0479084555975465,0.0913711192225584
"2822","MEF2D",-0.213995732960068,0.523288247232459,0.0267712038656324,0.998419475690512,-0.152414694476079,-0.0895554348642495,-0.18075083789465,-0.0911954030304009
"2823","ERO1B",0.344680125670438,0.429099072728793,0.0720063281519201,0.998419475690512,0.0241762116945258,-0.0497495594483267,0.0414158284275794,0.0911653878759061
"2824","PRKAR2A",-0.186674378387026,0.605292803452931,-0.0478624255412186,0.998419475690512,0.0121884877628621,-0.0546388444116749,0.0363554395172332,0.0909942839289081
"2825","SRFBP1",-0.370399454572966,0.339233683432236,-0.00726454311724817,0.998419475690512,-0.0254256122950323,-0.0941765074385954,-0.00318598444314359,0.0909905229954518
"2826","CHL1",-0.684398197622617,0.332883026486963,-0.0251988804476465,0.998419475690512,0.137942549903461,0.0825652828759536,0.173485423041674,0.0909201401657209
"2827","SRXN1",0.386697181534822,0.496868460231866,0.0521397774240168,0.998419475690512,-0.221954324058708,-0.172119646907124,-0.262974608448567,-0.0908549615414428
"2828","BTD",-0.562696571894638,0.0660373693097839,-0.00686577123198987,0.998419475690512,-0.0687985681737035,-0.00933411356688722,-0.1001347843336,-0.0908006707667131
"2829","KIF1C",-0.197748762922266,0.562373572722399,0.000520693787520628,0.998433450236531,-0.0257764716661321,0.0393975197090418,-0.0513973408095281,-0.0907948605185699
"2830","LILRB1",0.808074598610807,0.0814885227390741,0.520643993906174,0.38066451247105,0.184342941853165,0.0654386598704453,0.156054233146717,0.0906155732762717
"2831","EBI3",1.7803490931333,0.0217630627251308,0.20189015670599,0.157540953330499,0.265240801288086,0.136019001782879,0.226525993582309,0.09050699179943
"2832","GNAS",0.0379081680304088,0.915746032063861,0.0603652218777406,0.941597789347099,0.0513166449897852,0.124237903214215,0.0337517551382363,-0.090486148075979
"2833","AKT1S1",0.475790521117032,0.181091026149862,0.0653076697110996,0.998419475690512,0.115685941779291,0.0393331763384775,0.129736627715638,0.0904034513771601
"2834","SDCBP2",-0.349560387217988,0.572661376863657,-0.0650762582513045,0.998419475690512,-0.0794812534210777,-0.0110942935552063,-0.101457072189046,-0.0903627786338401
"2835","DTNA",-1.39322996038453,0.0104528509858977,-0.0302348229429409,0.998419475690512,0.0919828841469276,0.0648377625300903,-0.0254922389395462,-0.0903300014696366
"2836","PSMD6",0.194407930844565,0.616650057349702,0.0967646953906997,0.998419475690512,-0.0614890754207034,-0.142331005464563,-0.0522754263414454,0.0900555791231171
"2837","LRFN4",-1.08981256154167,0.0390131111633077,-0.249427315209858,0.0482677290771754,0.281483183229122,0.140171934423975,0.229941844468479,0.0897699100445043
"2838","UBASH3B",-0.208625498100017,0.675000034313735,0.143226136554775,0.998419475690512,-0.257861637611674,-0.310362393973957,-0.220751534687275,0.0896108592866819
"2839","PLCD3",-0.272078852230818,0.754391224017664,0.248352382598423,0.998419475690512,-0.0838080132839748,-0.0154228382771623,-0.104997523238512,-0.0895746849613496
"2840","AP1S2",0.0942893718606084,0.828790016983399,0.0999524931467426,0.998419475690512,-0.0649845419001217,-0.142426160383457,-0.0530149986405049,0.0894111617429522
"2841","AP1B1",-0.0361937112647506,0.92864261502486,-0.135126101748272,0.998419475690512,0.0279478009591768,-0.0330087292837551,0.0563690110999866,0.0893777403837417
"2842","LRCH4",0.251263839730473,0.403198133940792,0.0144779332999473,0.998419475690512,0.0854734656296361,0.0248232706394145,0.114074082991526,0.0892508123521115
"2843","PDE7A",0.0218619724825272,0.966687268859258,0.0494556383294287,0.998419475690512,0.236059418585123,0.302820785280214,0.213580178443668,-0.0892406068365459
"2844","CASP4",0.40219833510926,0.257033832563374,0.0109420389162226,0.998419475690512,-0.055466772021083,0.00528611495095551,-0.0838295696444188,-0.0891156845953743
"2845","VPS29",0.238769000625219,0.492334252948354,0.223910719772273,0.998419475690512,0.0672688219217252,0.106787087234642,0.0176928263882771,-0.0890942608463646
"2846","TOR4A",0.28890820159874,0.379256325704343,-0.0110478144494371,0.998419475690512,0.134883101631834,0.208239258722895,0.119147700715409,-0.0890915580074857
"2847","RFFL",0.0788898599677458,0.859684416480304,0.062277124101195,0.998419475690512,-0.172039163567216,-0.11941359082588,-0.208389000317007,-0.0889754094911272
"2848","NFE2L2",0.431745740407807,0.103377516952045,0.0291009146793992,0.998419475690512,0.017034718399697,0.0564689532280273,-0.0323519850091826,-0.0888209382372099
"2849","ETV5",0.471766296271432,0.493517336379051,-0.0385371385339609,0.998419475690512,0.0210174152583039,-0.0385876502306809,0.0500945313485833,0.0886821815792642
"2850","SOD2",0.376527267064635,0.447322633854208,0.308638974179188,0.724205777023498,-0.00864866035047109,-0.0740836391593087,0.0145967940992414,0.0886804332585501
"2851","RAD51C",0.0490352971605044,0.945464488328056,0.192213751436145,0.998419475690512,-0.180708491196735,-0.235374200647362,-0.146714140790847,0.0886600598565149
"2852","BCAP29",-0.181594419356541,0.685429306661433,-0.0686442722014181,0.998419475690512,-0.136557360787302,-0.206009150663015,-0.117513964931597,0.0884951857314175
"2853","CYTH1",0.174571991976855,0.540544892909036,-0.0415353296944721,0.998419475690512,-0.177165120290569,-0.240349547432553,-0.15190526611166,0.0884442813208937
"2854","IGSF8",-0.0395625237207959,0.948513120010382,-0.110255418365424,0.767384076116731,0.157670365077483,0.07712281571942,0.165516529439168,0.0883937137197483
"2855","TBC1D20",0.123746622742055,0.662412023255573,0.00592759219831917,0.998419475690512,-0.104668998904285,-0.053323577953602,-0.141715161167794,-0.0883915832141916
"2856","CWF19L1",-0.100879923612537,0.823387405044218,0.309134882013554,0.998419475690512,-0.107192211736625,-0.15268470102468,-0.0643266377484685,0.0883580632762113
"2857","ATL3",-0.22496675295029,0.399993853015652,0.114304575977368,0.998419475690512,-0.0237592354061882,-0.067666429578419,0.0206747846116287,0.0883412141900477
"2858","LAMTOR3",0.376437388102773,0.282023148195414,-0.044377009411273,0.998419475690512,-0.126569154502608,-0.186599942002435,-0.0983104482785507,0.0882894937238842
"2859","ZAP70",1.53249620439576,0.00258893154878138,0.174492375945717,0.856705671473268,0.244702799349365,0.15027802856429,0.238467899911862,0.0881898713475725
"2860","CFAP300",-1.45028894119331,0.0104528509858977,-0.0542011363441192,0.998419475690512,0.217273852383397,0.23847260678764,0.150347208505938,-0.0881253982817019
"2861","TRA2B",0.0785087466459931,0.83188009344693,0.463508027952884,0.753714628524726,0.0510091372916458,0.0714256625254555,-0.0166657992919711,-0.0880914618174266
"2862","WBP2",0.0144714985086622,0.974107139518297,-0.0542856993410528,0.998419475690512,0.0921218924876703,0.0348715273997734,0.122780795042966,0.0879092676431925
"2863","DUSP4",0.274212393009863,0.450327831625008,-0.0555661207087918,0.998419475690512,0.0605212255811022,0.147641605127794,0.0599954387105716,-0.087646166417222
"2864","FABP3",-1.85559071662079,0.00192854917519488,-1.09731697715753,9.46890457740327e-05,0.531852742959167,0.46373066435308,0.376132202189399,-0.0875984621636814
"2865","ALCAM",-0.42706354027967,0.139297263476614,-0.265847786554026,0.998419475690512,0.292323395638718,0.342532906621383,0.255045874424002,-0.0874870321973809
"2866","SETMAR",-0.420949676102451,0.365635429222873,0.0341345598841583,0.998419475690512,-0.0032765357324599,0.0721071969959298,-0.0153569661290048,-0.0874641631249346
"2867","RPL30",0.115911441953297,0.792058750024278,0.492238550244077,0.721802398933348,0.151020087670803,0.208366088923495,0.121082220120942,-0.0872838688025532
"2868","ARFGAP1",-0.0605547940604712,0.888995235651009,-0.0189171543894796,0.998419475690512,0.0623299862113467,0.118299706958408,0.0310734393692363,-0.0872262675891718
"2869","CD247",1.00850095690178,0.0355866982251603,0.0759837292286136,0.998419475690512,0.19962311548877,0.128191959407323,0.215382677780609,0.0871907183732864
"2870","DCUN1D5",-0.0998958337112325,0.869882900308717,0.0770426027412718,0.998419475690512,-0.0968622658439672,-0.0251562975074749,-0.112252054242305,-0.0870957567348297
"2871","PPP4C",0.105938022966659,0.748210764786666,0.0363728463718962,0.998419475690512,-0.124548792931776,-0.200204937418566,-0.11318700622723,0.0870179311913363
"2872","MYL5",0.0194016516293603,0.978169010296224,-0.0289378998770028,0.998419475690512,0.0525906208761993,-0.00365256832381678,0.0832939121136355,0.0869464804374523
"2873","UBXN4",0.0709069465385546,0.807032115999004,0.0351261985795357,0.998419475690512,-0.0783152849465075,-0.135619934011185,-0.048699037924592,0.0869208960865935
"2874","IL18BP",0.454290478716096,0.328850694790784,0.234742991498077,0.307129922791769,0.549908647742522,0.46592060917362,0.552762872418325,0.0868422632447052
"2875","GBP5",2.6384935964287,1.99107265583012e-07,0.21352491955665,0.857501682187315,0.346968347019242,0.266969002977255,0.353792313421917,0.0868233104446618
"2876","BAP1",-0.124932577984979,0.688157133781374,-0.0302181533652217,0.998419475690512,0.0947489673271706,0.0381259945702986,0.124864150997118,0.0867381564268195
"2877","EIF4A2",0.343108459931328,0.470140736713382,0.17869385442178,0.998419475690512,0.0923159648749436,0.145708235517922,0.0591633001300705,-0.0865449353878512
"2878","EIF3M",-0.0313166354800687,0.950736917790396,-0.0582913342055726,0.998419475690512,0.0770684498797907,0.017502599145821,0.104045982336287,0.0865433831904658
"2879","MAP3K10",-0.148933526872276,0.832883462170121,0.151142600387656,0.966961547562754,-0.0200015431140262,0.0683336495972126,-0.0182093929914152,-0.0865430425886278
"2880","MBD4",0.0277321608907801,0.956506932519683,0.0643338382888704,0.998419475690512,0.11112499461773,0.177336734730097,0.0909705055386277,-0.0863662291914688
"2881","STAB1",0.259473710746995,0.537987142362706,-0.0787574774138842,0.998419475690512,0.0876658871243715,0.183320192035375,0.0969911555011279,-0.0863290365342474
"2882","TSSC4",0.352133053736016,0.365635429222873,-0.110712137031972,0.998419475690512,0.158778453001877,0.113357276516391,0.199485008358976,0.0861277318425848
"2883","ALDH3A1",-0.766866832455183,0.432075578572826,-0.090253495547919,0.998419475690512,0.10555135976826,0.0387097065969374,0.124818371292189,0.0861086646952519
"2884","NFKBIA",0.571437758948472,0.170220591329322,0.0161638621509694,0.998419475690512,0.193904265438577,0.131993566965376,0.217948021252344,0.085954454286968
"2885","TGIF2",0.38122510528354,0.264596429008823,-0.235240176179906,0.174695713956612,0.128263238269375,0.120946206887077,0.206838898338646,0.085892691451569
"2886","YBX2",0.126893172311594,0.898581641001201,0.21561528685283,0.942156010382713,-0.23555480146462,-0.177361776404037,-0.263252057993985,-0.0858902815899483
"2887","PPIG",-0.197762947627876,0.441709081665341,0.0937628500755471,0.998419475690512,-0.00179210653943516,-0.049148431268659,0.0366343442736785,0.0857827755423375
"2888","SCAND1",0.386880175354213,0.355506423724914,-0.0240805548657203,0.998419475690512,0.0134819245063414,-0.0391602652626586,0.0465825380293541,0.0857428032920127
"2889","UBE2D2",0.194427789692272,0.566640377812889,0.191489336867887,0.770214640379157,-0.0807834473620858,-0.18161365128416,-0.0959097142728015,0.0857039370113583
"2890","ARF5",0.285117824832183,0.260164852782286,0.055609361217583,0.998419475690512,0.0505369088565177,-0.0244625212954914,0.0612251806812026,0.085687701976694
"2891","ARHGAP1",-0.134634225575744,0.676801072511262,0.0556947959760658,0.998419475690512,-0.0352592082358798,-0.0867090481218404,-0.00106482488036532,0.0856442232414751
"2892","ADK",-0.432639571091644,0.325910874277968,0.306215305714026,0.953861878222889,-0.195027096616866,-0.223050185863881,-0.137635263872877,0.0854149219910041
"2893","ICOSLG",-0.305703861907251,0.496404320843943,0.202508721883287,0.791573009435334,-0.157577789293958,-0.0678994581976543,-0.153208582714597,-0.0853091245169425
"2894","IRF2",0.948477499147806,5.8338509649534e-05,-0.03084824466431,0.998419475690512,0.0541424073269943,0.105377938539098,0.0200773836623425,-0.085300554876755
"2895","NADK",0.960876377428916,0.000322909079038451,0.0913415007732443,0.998419475690512,0.189843055285163,0.258267746157678,0.173167528915808,-0.0851002172418704
"2896","EDF1",-0.24409307141428,0.577289599252973,0.0950882573453719,0.998419475690512,-0.114617217147575,-0.161465609434616,-0.0765763883974681,0.0848892210371476
"2897","TMEM190",-1.47791050162261,0.0625734056495755,-0.494333618313934,0.00822031308283503,0.444080241206335,0.323954802198201,0.408715858907399,0.0847610567091974
"2898","OTULIN",0.0997973311793636,0.806678224203261,0.111233531902332,0.994306542239506,-0.122339504070308,-0.193405721054119,-0.1086476263374,0.0847580947167186
"2899","TFAM",0.0587189168002418,0.902027432678375,-0.148784030753591,0.998419475690512,-0.015457990378049,0.0373666758819941,-0.0472598660554755,-0.0846265419374696
"2900","HNRNPA1",-0.060782687769097,0.875841652092206,0.358766010920457,0.998419475690512,0.171983854657373,0.244035539358989,0.159489925111522,-0.0845456142474668
"2901","PDE4A",0.21174880403592,0.544751043622049,-0.0813241696229224,0.998419475690512,-0.139779174599928,-0.179726198006698,-0.0952269422933347,0.0844992557133636
"2902","TRDMT1",-0.322739817700896,0.466923125459153,0.00161269018607442,0.998419475690512,0.0976744354311441,0.0379442388309889,0.122385592384274,0.0844413535532854
"2903","ZFP91",0.00598362844797781,0.991727020920172,0.017480118719788,0.998419475690512,-0.137454827740029,-0.0821091161135051,-0.166424362877977,-0.0843152467644717
"2904","ADGRG1",-0.359821899274214,0.538890234993769,0.0310171729248531,0.998419475690512,-0.00300540448465487,0.0566997701082767,-0.0275641504690707,-0.0842639205773474
"2905","TNFSF9",0.868154787318457,0.106573597691906,0.0994677129139645,0.955492555805618,-0.116300754730456,-0.20110536566178,-0.116866704111654,0.0842386615501261
"2906","MLF1",-0.954535918850482,0.0846399152445318,-0.144668039691809,0.853216168095328,0.127675852553103,0.142871692906548,0.0588163517677334,-0.0840553411388149
"2907","B3GNT8",0.457686083762125,0.400053472788815,-0.181292631623524,0.372985304558817,-0.200307994042871,-0.228562252241677,-0.144529439004299,0.0840328132373774
"2908","PPTC7",0.0468819664359498,0.905545365893265,0.00572732947846894,0.998419475690512,-0.0373739442050212,0.0176757900951526,-0.0661392369954803,-0.0838150270906328
"2909","GSTZ1",-0.176280155073923,0.786519397511942,0.132412579745874,0.998419475690512,-0.0265457818097215,0.034277237279091,-0.0494724038351507,-0.0837496411142416
"2910","PDLIM5",0.138772410924597,0.6301882479452,-0.0585814126964736,0.998419475690512,0.0287925716582916,0.0809852626432816,-0.00274593605922098,-0.0837311987025026
"2911","CHD7",-0.219561742955283,0.483101826117204,-0.0160270452746304,0.998419475690512,-0.0693066970679852,-0.141663476108733,-0.0579850085856935,0.083678467523039
"2912","RPS25",0.00220795586680962,0.998014832835957,0.31138147684623,0.998419475690512,0.0986579984157161,0.158422718891977,0.0747676157166221,-0.0836551031753545
"2913","ETHE1",-0.282173934903098,0.511056701842664,0.00912033223104891,0.998419475690512,0.148511863114393,0.205872313620195,0.122318478450135,-0.0835538351700607
"2914","ZBTB10",0.245100332694249,0.537340383703,-0.0369888116632913,0.998419475690512,-0.0728299014044723,-0.00850131510853284,-0.0920107324529392,-0.0835094173444064
"2915","PFKFB3",-0.190018626992915,0.756172270614818,0.305069609815895,0.998419475690512,0.37897268246055,0.325245079348108,0.408746557331435,0.0835014779833265
"2916","DNAJB12",0.140046177157588,0.633606907843396,0.00379745517425534,0.998419475690512,-0.0357045487884495,-0.106858259216104,-0.0233603086098109,0.0834979506062934
"2917","PPP1R42",-0.773904551652096,0.336625862806883,-0.0271575481834448,0.998419475690512,0.116207660433018,0.169989807630211,0.0867258295726117,-0.0832639780575995
"2918","ITCH",-0.181064605805673,0.5998085083964,0.0338794108052183,0.998419475690512,-0.0171788655676486,0.0354181588148122,-0.0473316565293078,-0.0827498153441199
"2919","NENF",-0.295817740137764,0.619896595686907,-0.110655348690723,0.844219646885179,-0.0674879936896153,-0.195125838730245,-0.112585488894592,0.0825403498356526
"2920","ARF4",-0.0691362403472921,0.845061668056446,-0.0944592828608206,0.998419475690512,-0.145309173350915,-0.206794412491798,-0.12429595544364,0.082498457048158
"2921","LGMN",0.486959513306957,0.246667112125593,-0.138292255180263,0.998419475690512,0.384684711125237,0.472066332980202,0.389779352931102,-0.0822869800490995
"2922","FGL2",0.861094825472274,0.0448116674092049,0.00658785778957207,0.998419475690512,0.139049624304304,0.0956059083791919,0.17770410898018,0.0820982006009876
"2923","UPP1",0.307183444057469,0.263320387882376,0.554619246413498,0.82154707401671,0.121465405381036,0.0301556214682901,0.112054527842708,0.0818989063744183
"2924","NME1",-0.14556792234622,0.728971307810297,-0.327304995635832,0.853246595165932,0.121154668723353,0.151473688503178,0.0695978609235845,-0.0818758275795935
"2925","STX10",0.309923390201328,0.301809334173281,-0.0268459176400914,0.998419475690512,-0.120117998660864,-0.171839150533486,-0.0899755573371917,0.0818635931962942
"2926","FSTL1",-0.79896418927074,0.260081474606543,0.14417767834884,0.998419475690512,0.0375053021045986,0.0105813446626953,0.0924199577304518,0.0818386130677566
"2927","FN3K",-0.775484877617701,0.253203532586502,-0.435401730086935,0.998419475690512,-0.0254928319143414,-0.00840569703682915,-0.0902169434217748,-0.0818112463849456
"2928","NPEPL1",0.165682561995434,0.644344242406418,-0.0510286605453362,0.998419475690512,-0.0429082506826862,-0.0841634031061398,-0.00240332122704369,0.0817600818790962
"2929","FAM20C",-0.1096160027773,0.839572754879747,0.311747613041276,0.827327785382536,0.0742278825868951,0.136273434356994,0.0547913017878916,-0.0814821325691021
"2930","GBP6",-0.055507613866581,0.933712303817798,-0.0242095040103524,0.998419475690512,0.0386315255251021,0.0948689802281779,0.0134189600698761,-0.0814500201583019
"2931","AUH",-0.300844360492758,0.571475104497277,0.0484427239269837,0.998419475690512,-0.0512382955870949,0.0453621700899063,-0.0359861667077573,-0.0813483367976636
"2932","EIF3B",-0.463521580012643,0.0675675693873137,0.0565559742263495,0.998419475690512,0.148543277189395,0.22637502216005,0.145055133713005,-0.0813198884470456
"2933","RIC8A",0.0531057860185888,0.887574129155875,-0.00546583797820258,0.998419475690512,-0.0878054763550843,-0.0320139945367904,-0.113319774501149,-0.0813057799643581
"2934","RPS10",0.0333014225983282,0.940403504242618,0.00774477159712613,0.998419475690512,0.0901327494644855,0.0335416883868211,0.114846336221358,0.0813046478345367
"2935","SHKBP1",0.301353349192056,0.369289329727509,0.136557130449815,0.883038900315944,0.0172105756333408,0.0426758344913142,-0.038609693704296,-0.0812855281956102
"2936","PPM1D",0.26415761135893,0.430868725394235,-0.0514573889061478,0.998419475690512,0.142745402885159,0.204199466542579,0.123034676172415,-0.0811647903701645
"2937","OVCA2",0.588201565758639,0.533337623959849,0.491411836750525,0.791573009435334,-0.0700134991768839,-0.173867973012694,-0.0928517471630353,0.0810162258496592
"2938","GARS1",0.0528534545175569,0.914465956700598,0.491167733927946,0.677377196107384,-0.0830833977738645,-0.0402630863309204,-0.121268441789867,-0.0810053554589471
"2939","STIP1",-0.100066714894722,0.808905508549433,0.337329611256611,0.998419475690512,-0.260273610315225,-0.184217863860691,-0.265201869112013,-0.0809840052513225
"2940","PIH1D1",0.0966371258561012,0.878497185032422,-0.0387336166576417,0.998419475690512,-0.209541464370747,-0.159295654507353,-0.240210927050481,-0.0809152725431287
"2941","ANKRD40",-0.130181691003646,0.79249538673386,0.0257921272925092,0.998419475690512,0.0132074420360686,0.0683971977859694,-0.012429470416992,-0.0808266682029615
"2942","KCTD5",-0.0647955121438041,0.879968877877839,0.00901945959175032,0.998419475690512,0.244750969858343,0.199967465595975,0.280761364979472,0.0807938993834967
"2943","QSOX1",-0.0883780538970732,0.854942375474747,0.308274942933498,0.998419475690512,0.119379178095094,0.184692467978455,0.103917688891254,-0.0807747790872009
"2944","BTN2A2",0.347525949405304,0.448282620846685,-0.171394477194042,0.493967257959456,-0.0367698151888581,0.0389220626586205,-0.0418462967192579,-0.0807683593778784
"2945","ANXA3",0.950600685328866,0.041076774227301,-0.105785956841065,0.998419475690512,0.0546332055219559,0.0180471050937928,0.0988107351159954,0.0807636300222025
"2946","DEF6",0.332243248384663,0.341279766085176,0.239267704170935,0.998419475690512,-0.0142662808049583,-0.0970671681145558,-0.0163225304782507,0.0807446376363051
"2947","HYPK",-0.160132844036718,0.794020967585157,0.0664135779158771,0.998419475690512,-0.0181728119058384,-0.0629785658667218,0.0177320926905346,0.0807106585572564
"2948","COPE",-0.0885972695813803,0.833208452428066,0.161460566766541,0.998419475690512,-0.0445020471138949,0.00602089268603196,-0.0746109340397337,-0.0806318267257657
"2949","UBE2Q2",-0.428539086391212,0.14914363850016,0.0415076373583007,0.998419475690512,0.0475321426812217,0.116492145128654,0.035975993633486,-0.0805161514951676
"2950","EIF2A",0.0337230673863738,0.942105476904813,0.169429397348348,0.821055926092617,-0.140516082781571,-0.202780620113673,-0.122267118923993,0.0805135011896806
"2951","TAC4",0.429636823633341,0.655127894160351,0.0268997870468397,0.998419475690512,-0.000903494439267196,-0.0529755114510501,0.0274909565206138,0.0804664679716638
"2952","NUDT5",-0.0301688132160316,0.961320660869642,0.0351836391503317,0.998419475690512,-0.125939056253231,-0.186288714323885,-0.105835141391635,0.0804535729322501
"2953","SAP18",0.308187543270384,0.2852907213264,0.0149321841725919,0.998419475690512,0.0314200590932678,0.0822706318532714,0.00186105579933768,-0.0804095760539337
"2954","SAP30",-0.209829005164864,0.713260413435397,0.352639636640162,0.726670319561975,-0.207643398140914,-0.132212225956601,-0.212482384987222,-0.0802701590306207
"2955","SYAP1",-0.360398522383336,0.258513140577194,-0.139115512847863,0.998419475690512,0.108792719054218,0.137872615272903,0.0577029024142739,-0.0801697128586287
"2956","DENND10",0.646692909276747,0.026392373075463,0.0982417681463342,0.998419475690512,0.298603175348357,0.255253319055733,0.335288534928179,0.0800352158724463
"2957","IFNGR1",0.149788681399657,0.690978880927807,-0.0630329227437877,0.998419475690512,0.0679863671594701,0.0275557680442694,0.107540284160274,0.0799845161160049
"2958","CAT",-0.498556345208615,0.160576146542566,0.139730781920707,0.998419475690512,0.0129600371551776,-0.0345478832059595,0.0453078365710351,0.0798557197769947
"2959","SDHB",0.417353136665451,0.212626943189949,0.116821813170158,0.998419475690512,-0.0675135553816482,-0.155184776075797,-0.0754282844031131,0.0797564916726837
"2960","MAX",0.733826911059738,0.016094583083877,0.103722155793457,0.998419475690512,-0.0536547028838303,-0.134966333914819,-0.0554258686079359,0.0795404653068829
"2961","LETMD1",-0.314852201054466,0.371123066917999,-0.0696701656091105,0.998419475690512,-0.0743719611696982,-0.14614241018948,-0.0667564721091854,0.0793859380802943
"2962","BNIP3",-0.410349186911162,0.229238994524445,-0.035639506564177,0.998419475690512,0.0428892418069838,-0.0238997800998623,0.0553991808980515,0.0792989609979139
"2963","MANBA",0.194650686736952,0.525864095304434,-0.0431749232818687,0.998419475690512,-0.133742911218132,-0.0727367119380967,-0.151849055196417,-0.0791123432583199
"2964","MZB1",-0.664043797049373,0.569199607756809,0.306898842194096,0.579402613802489,0.0460383442869601,0.0649697327859626,0.144046134252342,0.0790764014663792
"2965","INTS3",-0.123017130814137,0.696821948850995,-0.0555259840678135,0.998419475690512,0.256395465297193,0.200815321313958,0.279833723611306,0.0790184022973484
"2966","AGAP2",0.0539986758877145,0.916628632920434,0.301720905794336,0.998419475690512,0.331584566662596,0.394137430935802,0.31523539846599,-0.0789020324698118
"2967","RNASEH1",-0.437295077718806,0.2807560484625,0.20799289577845,0.936867356766746,-0.0259301375283897,0.0634309256693288,-0.0153183266297458,-0.0787492522990746
"2968","SCLY",-0.227543248251117,0.587893058319172,-0.156990929821803,0.998419475690512,-0.116440253683218,-0.158593989376709,-0.0798584684442621,0.078735520932447
"2969","B4GALT7",-0.820410733304085,0.106412867873472,-0.174217821844544,0.712002983900469,-0.0200702229346958,-0.0681342555215208,-0.146767682870436,-0.0786334273489148
"2970","CLSTN1",-0.102787848166898,0.808726842331967,0.050696875571699,0.998419475690512,0.288084099755733,0.346344209675245,0.26786550913058,-0.0784787005446653
"2971","H2BC12",0.874070493685601,0.00250201924327877,0.288544484019308,0.998419475690512,0.100704085889664,-0.0147475806976834,0.0637241296651162,0.0784717103627996
"2972","USF1",0.571899691722491,0.0191848270442702,0.20776448198627,0.998419475690512,-0.121351450129748,-0.133833933488076,-0.21220848530537,-0.0783745518172942
"2973","FAM20B",-0.546062266772706,0.06347573869294,-0.0608111108906136,0.998419475690512,0.0973162405291257,0.0394304718707385,0.117719814327536,0.0782893424567975
"2974","CDHR3",-1.45424341481424,0.00703983639712448,-0.479541580948421,0.0104147171666229,0.3290921798236,0.112561921186578,0.190828538244654,0.0782666170580757
"2975","MICALL2",-0.268990991261651,0.625811298904535,0.0292220120025284,0.998419475690512,-0.0478583526837714,0.0286719977803969,-0.0495845733813795,-0.0782565711617765
"2976","DPH5",-0.164607055327438,0.776425655643592,0.110159710393544,0.998419475690512,0.0941421092291392,0.169698135351405,0.0916599603861242,-0.0780381749652809
"2977","TP53",-0.00254106988474174,0.997702899553841,0.045685627768968,0.998419475690512,-0.0460279569326472,0.00988927298681895,-0.0680991949514286,-0.0779884679382475
"2978","CRABP2",-0.0275718587125658,0.980269471050446,-0.370494926647768,0.488005222104395,0.100712836877069,0.0599909189428994,0.137948259280388,0.0779573403374881
"2979","UBA3",0.0762646575265859,0.852308705806034,-0.0416380344393451,0.998419475690512,0.0688178662496617,0.116543499818747,0.0386023508587691,-0.077941148959978
"2980","UCHL5",0.0896434715826831,0.875005251853916,0.0921595797330532,0.998419475690512,0.018795906338381,0.0705865926447228,-0.00731335401780247,-0.0778999466625252
"2981","BIN2",0.333859989557968,0.409777362531308,0.268209726487143,0.998419475690512,0.281344854275903,0.199890188959326,0.277675169129401,0.0777849801700752
"2982","SUB1",0.386564231798181,0.126229868762016,0.25075642166456,0.998419475690512,0.191967660899523,0.101789115881338,0.179277182122958,0.0774880662416195
"2983","DIXDC1",-1.36577845052714,0.00391949343703599,-0.0719369880457409,0.998419475690512,-0.0292600202146444,-0.173483138983117,-0.0960352856803206,0.0774478533027963
"2984","KCTD6",0.0973422898437607,0.912801677737686,0.0254425297499173,0.998419475690512,0.0988216103938505,0.0506685973144672,0.128086068908756,0.0774174715942891
"2985","WARS1",1.2061670733107,0.00128765244217364,0.56507394697233,0.776604021167797,0.125141501747548,-0.0367318225281462,0.0405834289901609,0.0773152515183071
"2986","CD46",0.318925820989356,0.236331160188582,-0.113580339992586,0.998419475690512,0.041063577923701,-0.00371743571237298,0.0733959484561324,0.0771133841685053
"2987","POLR2K",-0.0229359605554464,0.977710078867932,0.0431403784538028,0.998419475690512,0.0706345019050859,0.0358882323186035,0.112850846589759,0.0769626142711559
"2988","B2M",0.532629554403452,0.0981918895247452,0.511905470396063,0.563302112064896,-0.0400014785587168,-0.0722955758460069,-0.149125547546396,-0.0768299717003888
"2989","UBE2R2",-0.0848915658334257,0.806169802189803,0.143918911207295,0.781368446819726,0.0736320163300339,0.0341291986795576,0.110921076166526,0.0767918774869684
"2990","CD177",0.743601819920496,0.358774751109717,0.423166968298723,0.998419475690512,0.450109655532412,0.49178244764084,0.415062870272688,-0.076719577368152
"2991","MPZL2",-0.591181726900912,0.219373971953576,0.00706961613240357,0.998419475690512,-0.1283876146241,-0.0778591812485013,-0.154452966556209,-0.0765937853077078
"2992","LILRB5",-0.128060084482512,0.80101469765479,0.0716649545116407,0.998419475690512,0.0434073132496487,0.0918473682321797,0.0152791048738589,-0.0765682633583208
"2993","NAA10",0.413527184799022,0.23713584692092,0.232141497295407,0.966961547562754,0.0126824696473756,0.0300910921476453,-0.0463017453246465,-0.0763928374722917
"2994","PSG2",-1.34650848390628,0.0484422789472221,0.0040830241791012,0.998419475690512,0.00125699751007667,-0.0523058721118122,0.0239470819103849,0.076252954022197
"2995","SOCS7",-0.584092973180812,0.182989799963238,-0.0223020124723623,0.998419475690512,0.0369600895232193,-0.0195706204510047,0.0566733176262461,0.0762439380772508
"2996","BMI1",-0.131881205076967,0.842549252247979,-0.0322092040411576,0.998419475690512,0.141859859078016,0.0867048411538304,0.162777038639751,0.0760721974859208
"2997","GTF2E1",0.256260303855425,0.546038339930046,0.0690250285736593,0.998419475690512,0.142844718211426,0.182983084905061,0.106937903026464,-0.0760451818785971
"2998","STK16",-0.124561368313349,0.825180337968732,0.124955131779594,0.960940008943582,0.00850289466665421,-0.0264314874042138,0.049510045577326,0.0759415329815398
"2999","PPARG",-0.891985542650307,0.0108620269349368,0.0934138713327964,0.893070525488337,-0.103472542377843,-0.129472912253525,-0.0536572507727828,0.0758156614807419
"3000","ERLIN1",0.174437404045634,0.756591754217743,0.0664805913827657,0.998419475690512,-0.0341678276923987,-0.105514721043066,-0.0297572397024928,0.0757574813405735
"3001","GCLM",0.349378695676764,0.424007784691556,0.252092599885874,0.998419475690512,-0.0892986293263034,-0.148771865724383,-0.0730708444314377,0.0757010212929457
"3002","MKNK1",-0.259840046083964,0.526743035324633,-0.0729847448226575,0.998419475690512,0.0128359002775519,-0.0387178384958762,0.0369777831157811,0.0756956216116573
"3003","HIPK3",0.178523266178057,0.537862428146043,0.0944043267650407,0.998419475690512,-0.0278418912072181,-0.106234310365629,-0.0306727436688281,0.0755615666968008
"3004","NTAN1",-0.00201193735632353,0.99793968798968,-0.155428485842325,0.884703430652089,-0.1637424040728,-0.119970698575816,-0.195520372693092,-0.075549674117276
"3005","HLA-C",0.487550545277268,0.202512089281503,0.298822731371596,0.393979946327894,0.0235035909891514,-0.0895875077532397,-0.0140478349861483,0.0755396727670914
"3006","TYMP",0.67044220749369,0.0149421745887119,0.401088773397024,0.791573009435334,0.173116588422938,0.125394775692865,0.0499026452976451,-0.0754921303952194
"3007","ATF1",0.0742207883691597,0.87641700629986,-0.0880333987657122,0.998419475690512,-0.00850829148927458,-0.056594077520396,0.0188808152909605,0.0754748928113565
"3008","ELAVL1",-0.249078530332787,0.496404320843943,0.0473460223267899,0.998419475690512,0.0941227871907919,0.173751441627468,0.0983159758812147,-0.0754354657462537
"3009","USP19",0.166903450331912,0.597077849215471,-0.0177066360932606,0.998419475690512,0.15571627562029,0.206396824512535,0.131052514976427,-0.0753443095361078
"3010","PID1",-0.583827165321223,0.391467364237191,0.140617087139872,0.998419475690512,0.06589766578814,0.14425457284536,0.0689719339395037,-0.075282638905856
"3011","PSMB4",0.193266416649659,0.562250126243497,0.223227240567129,0.998419475690512,0.200189291076616,0.228753185977862,0.15353037578523,-0.0752228101926324
"3012","ACVRL1",-0.323258801561426,0.620939077724921,0.0290357930623741,0.998419475690512,0.190387656448088,0.246971507367485,0.171797070134347,-0.0751744372331372
"3013","IGFLR1",0.954598278964099,0.0277700356797424,0.171615317707781,0.589149021023413,0.114001776311115,0.00223296379438078,0.0774067558755724,0.0751737920811916
"3014","RAD1",0.00123367059089198,0.999261200277903,0.320952073116666,0.799137629696098,-0.159568511288296,-0.0967118777295987,-0.17171735233469,-0.0750054746050914
"3015","MCAM",0.104425518273945,0.917340062333403,0.261377790494601,0.998419475690512,-0.210222111728945,-0.250135796067831,-0.17513587179408,0.0749999242737504
"3016","ELP1",-0.198719319603871,0.682335104407505,0.0669391629165277,0.998419475690512,0.162624416126566,0.134093985108905,0.208891924845068,0.0747979397361627
"3017","CBR4",-0.240725543118039,0.690485289062081,-0.071494253479639,0.998419475690512,0.0145746183813602,0.0571202981913628,-0.017671613651791,-0.0747919118431538
"3018","CCDC50",-0.103981932144671,0.861360157975775,0.0746841479293236,0.998419475690512,0.0920876441262371,0.145643053958044,0.0709363810008439,-0.0747066729572001
"3019","HPRT1",0.433725320181539,0.323164666075561,0.5912459850112,0.636187101028134,-0.0037633171969156,-0.10491433320686,-0.0302333563450206,0.0746809768618394
"3020","SOD1",-0.438876544798384,0.264596429008823,0.0339445584351775,0.998419475690512,0.262491785147095,0.336072021812743,0.261449094708489,-0.074622927104254
"3021","GALNT2",0.271213997423481,0.336029589393426,0.00634571775842036,0.998419475690512,0.143250399507239,0.101187974355604,0.175709359064468,0.0745213847088637
"3022","RPL5",-0.393804569544085,0.118525986897685,0.644789371561567,0.589149021023413,0.0870849030726581,0.112571997474622,0.187047617792386,0.0744756203177641
"3023","DBNL",0.080253773136873,0.81932230857114,0.141849568806766,0.998419475690512,0.0840916347713887,0.0273903864100811,0.10149352195536,0.0741031355452791
"3024","DNAJB4",0.303265213993923,0.591876553257586,-0.0758280236471403,0.998419475690512,0.0653309597413491,0.120145011171336,0.0461092816784056,-0.0740357294929301
"3025","MRPL21",-0.0343075354372761,0.962355265109228,0.127976793596218,0.998419475690512,0.121975345080774,0.185659922061257,0.111694271821776,-0.0739656502394812
"3026","AIP",0.227751658933398,0.537702175853498,0.0396528134869806,0.998419475690512,0.0555718177748344,0.106218455444596,0.032317759248321,-0.0739006961962751
"3027","ITGB2",0.382872529285493,0.252242320716482,0.0228722604369093,0.998419475690512,0.101731439755338,0.161005445238957,0.0871586468156128,-0.0738467984233443
"3028","GTPBP10",-0.398337792777491,0.399168104728066,-0.0264852947913287,0.998419475690512,0.0313753961537919,-0.0295981837994919,0.0441898634411972,0.0737880472406892
"3029","TMEM87B",-0.116273744822675,0.780665319591005,-0.57574731128571,0.305744440858904,0.0644987004336309,0.0154557800463334,0.0891653221672915,0.0737095421209581
"3030","LAP3",1.41010858442481,0.00208598923060904,0.879071490615107,0.315128655592298,0.257007228084552,0.200275965481496,0.126600491643572,-0.0736754738379237
"3031","NARS1",-0.216478467590072,0.572986957535563,0.230790308595304,0.998419475690512,0.0906817432793202,0.175990050756518,0.102371399200906,-0.073618651555612
"3032","SF3B6",0.138916685396823,0.785241913655436,0.217989727584713,0.596322654250059,0.0329401328087661,-0.0579995854479536,0.015590236482608,0.0735898219305616
"3033","MOB3B",-0.90735589247553,0.0055610646444295,0.106885501419179,0.906608492274627,-0.0897891105422934,0.0378199504230587,-0.0356531697242473,-0.073473120147306
"3034","SNRPG",-0.0918227605649456,0.856399837560357,0.058392516602127,0.998419475690512,-0.140771560506408,-0.17612831017334,-0.102818449779733,0.0733098603936077
"3035","EIF4H",0.0686074944763678,0.836523841357798,-0.0460016403057495,0.998419475690512,-0.0430719406048931,-0.0977933358225959,-0.0244929282657995,0.0733004075567964
"3036","TP53I3",-0.088276468316251,0.878709261320309,-0.0377011001957916,0.998419475690512,0.0616313591049907,0.116035864660982,0.0428589935058643,-0.073176871155118
"3037","SARS2",-0.149986141544815,0.873160478284559,0.0357802089285726,0.998419475690512,0.0346017863550936,0.08002631447947,0.00690567660621526,-0.0731206378732547
"3038","PCDH1",-0.299009383528179,0.706087976896908,-0.0430297474909477,0.998419475690512,-0.0142745712195251,0.0340056594557011,-0.0390311199449518,-0.0730367794006529
"3039","THRA",-0.606432029275767,0.116578292762051,0.00501752044491763,0.998419475690512,0.0969084845070906,0.143679857120041,0.0707088581662902,-0.0729709989537513
"3040","UCK1",-0.303523335357688,0.450206883152347,-0.00133130154604971,0.998419475690512,-0.104425363335493,-0.145914809152962,-0.0730932190634919,0.0728215900894696
"3041","VSTM2L",-0.9715766428353,0.10119279090063,-0.226397052584169,0.111031278965673,0.232388310820318,0.104853134552855,0.177665241185117,0.0728121066322621
"3042","ARHGDIA",-0.0682368976009795,0.868496615568127,0.162314583623,0.994739550495444,0.06102998722281,0.115527871025594,0.0427762300776735,-0.0727516409479203
"3043","RPS5",-0.26136775868618,0.583110070707575,0.106124806180524,0.998419475690512,0.133250124012825,0.189464449574066,0.116714905992546,-0.07274954358152
"3044","KYNU",0.131847096172574,0.796524287178561,0.153180542643633,0.538850142635265,-0.0825382422335413,-0.0690744297464683,-0.141546044146,-0.072471614399532
"3045","LRP1",-0.933080442845949,0.00487012851995882,-0.00215949284866062,0.998419475690512,0.0150741784854291,-0.0319013811624839,0.0404773222619512,0.0723787034244351
"3046","CAMK1",0.112176856977804,0.870124388707555,0.0628048831067082,0.998419475690512,-0.086003299916146,-0.128551892842643,-0.0562461655867035,0.0723057272559395
"3047","IL16",0.439996074061826,0.187905020645729,-0.0446493950996027,0.998419475690512,-0.0971696467153028,-0.0544944913655537,-0.126779928867921,-0.0722854375023677
"3048","LDLRAD4",-0.240743767582354,0.458880290629362,0.0949516065991613,0.998419475690512,0.16091569539522,0.228277428863649,0.1562912170777,-0.0719862117859493
"3049","PRPF18",-0.198732743970951,0.677781541144859,-0.270756210591705,0.942156010382713,0.287223152711367,0.339766213688199,0.268043138419625,-0.0717230752685744
"3050","CD14",0.218959523731111,0.573810565595335,0.222138624720411,0.899485849736556,0.0442700646032618,-0.0397319645235172,0.0319198986301596,0.0716518631536768
"3051","DCTD",-0.49552907151622,0.145279772376932,-0.123503371044892,0.998419475690512,0.0776755570587804,0.110124090723347,0.038499332992804,-0.0716247577305426
"3052","TPK1",-0.0141443287048742,0.98595515683546,-0.0144311853879752,0.998419475690512,0.0507983234759768,-0.00318679752748397,0.0683617917486307,0.0715485892761147
"3053","SSR1",0.122603604165303,0.698038223841415,0.0300369770925867,0.998419475690512,0.101377159543185,0.149869289957776,0.0783800508130677,-0.0714892391447086
"3054","TRIM27",-0.151053260553911,0.668753975344181,0.0193536107579764,0.998419475690512,-0.00878201885341025,0.0378733771395513,-0.0335317093796783,-0.0714050865192296
"3055","PRKACA",-0.147551679145133,0.589115117304176,-0.17738273674968,0.998419475690512,0.0515633874943051,-0.00467419599635754,0.0666464453931888,0.0713206413895464
"3056","BCL2L1",0.330387622834635,0.325356048861239,0.0463561934703876,0.998419475690512,-0.0716947990466225,-0.0342533085888499,-0.105492731811623,-0.0712394232227731
"3057","SVIP",-0.0449198962311828,0.960128789396928,0.0293035993338794,0.998419475690512,-0.0667476483698674,-0.0159565874696185,-0.0871818139622514,-0.0712252264926328
"3058","ILF3",0.0498375920290947,0.884336726457677,0.074029578881501,0.998419475690512,-0.0268481580374111,0.0103597938263057,-0.06076104175909,-0.0711208355853957
"3059","MAPK13",-0.394813984434655,0.344553606578141,-0.179007118782382,0.998419475690512,-0.0529197280809921,-0.0281470730369477,-0.0992325280264329,-0.0710854549894852
"3060","PRPS2",-0.244252203053293,0.61292513316876,0.0233915687677688,0.998419475690512,-0.320232582285224,-0.367006031056913,-0.296134076582989,0.070871954473924
"3061","CKAP2",-0.300135248485484,0.644344242406418,0.344372049961971,0.790827704016838,0.0205686861704241,0.098683843530239,0.027989707065207,-0.070694136465032
"3062","PTGR2",-0.0306100854188379,0.969576737496392,-0.189013540485154,0.998419475690512,0.118753531402531,0.155917745961933,0.0852740932126927,-0.0706436527492403
"3063","NXT1",-0.181921959599595,0.736829490344388,0.631741155111251,0.16599366427197,-0.241276224542724,-0.285541652762711,-0.214905487103841,0.0706361656588701
"3064","AMPD2",-0.182244962278711,0.72179761725441,-0.0614571413866892,0.998419475690512,0.132839317531636,0.177580408107839,0.107002783342471,-0.0705776247653673
"3065","COA3",-0.24874508268125,0.725398139905671,0.0312642707120554,0.998419475690512,0.0844189353210451,0.0319463637003109,0.102413579788955,0.0704672160886445
"3066","RAB5B",-0.0790338284762514,0.778309140003278,0.217228283688977,0.998419475690512,-0.090816882795997,-0.128108544143694,-0.0576750176062668,0.0704335265374277
"3067","CCDC25",-0.374735888239051,0.4292988808159,-0.060598856594349,0.998419475690512,0.108959779918695,0.148954755066001,0.0786070511407737,-0.0703477039252272
"3068","TES",0.0357544648402786,0.914174383475761,0.119327379029692,0.998419475690512,-0.0699865489262571,-0.122808097958249,-0.0526227770335319,0.070185320924717
"3069","HMGB3",0.296070364749848,0.790276085884801,0.226996386271403,0.994656144598261,0.039716233893752,-0.00967236517314016,0.0604411153562097,0.0701134805293498
"3070","CLK2",0.0779499962620524,0.865904030979028,0.0287067139832329,0.998419475690512,0.182682079012685,0.139842500695085,0.209804534341604,0.0699620336465183
"3071","KRT17",0.0883155663712621,0.928929675403319,0.191972079884477,0.998419475690512,-0.000621006330254438,0.0557233566334091,-0.0140957901576898,-0.0698191467910989
"3072","CPPED1",0.453283265675662,0.154814351596864,0.0489088446333726,0.998419475690512,0.140368463996143,0.0754200849178411,0.145129025149341,0.0697089402314994
"3073","S100A8",0.938928860046169,0.069875658450787,0.642746796889036,0.659277869699275,0.330191947015823,0.2095061826078,0.279195240409556,0.0696890578017563
"3074","PRCP",0.161798700478539,0.660263824491245,0.522381526286665,0.959896156653771,-0.0500298020863427,-0.11558967176309,-0.0459707967135419,0.0696188750495482
"3075","CD84",0.551531360684067,0.217008217353333,0.0252186257955524,0.998419475690512,0.0860047938461906,0.0418014317440616,0.111354604745423,0.0695531730013611
"3076","SERPINB5",-0.696272878177599,0.273716807219396,0.00749699543266665,0.998419475690512,0.166640869999,0.222953016975714,0.15344653953995,-0.0695064774357637
"3077","FBLN1",-0.765354945761381,0.23333841321362,0.0415225231264423,0.998419475690512,-0.172076306548385,-0.208163034033371,-0.13871778207516,0.0694452519582112
"3078","MTFR1",-0.0792647280309546,0.918903419253829,-0.105562513245483,0.998419475690512,-0.00896014141040793,0.0260878335756286,-0.0432918478319203,-0.0693796814075489
"3079","SERPINA3",-0.290009531824586,0.769603765729716,0.590613246642942,0.998419475690512,-0.00204115474694647,0.0481384397074722,-0.0212037481849179,-0.0693421878923901
"3080","MREG",-0.350540431434609,0.34703782803266,0.0107248336284088,0.998419475690512,0.0482562269270324,-0.00933525213623935,0.0599713803754853,0.0693066325117247
"3081","MAPRE2",-0.171573295313201,0.699670484786822,-0.0391180611251189,0.998419475690512,0.148465013499389,0.0994777069843269,0.168696988314489,0.069219281330162
"3082","NAA50",-0.291478504103134,0.379536198144593,0.343389188305693,0.998419475690512,-0.210663174935872,-0.154301511301897,-0.2235076565694,-0.0692061452675025
"3083","CTRL",1.73408437892756,0.0021975400651107,0.104014351777219,0.998419475690512,-0.0171531687281774,-0.0944717010217102,-0.0253376014911074,0.0691340995306028
"3084","C18orf32",0.485360695564465,0.0886669314918851,0.00944195214341471,0.998419475690512,0.0582410664769079,0.105215579194103,0.0361311825149965,-0.0690843966791063
"3085","DLAT",-0.502835409097101,0.168597314614517,0.18650255202364,0.844219646885179,-0.171087956410982,-0.190172179428243,-0.121107034459886,0.069065144968357
"3086","CSF3R",0.576012409842714,0.214827878506256,0.0179352416446464,0.998419475690512,0.026104469006652,0.0756592811904267,0.00678427103583264,-0.0688750101545941
"3087","CTNNB1",0.103176192799248,0.734455379384406,-0.0841193261162119,0.998419475690512,-0.0251039341955959,-0.0529769218758935,0.0157203039648956,0.068697225840789
"3088","COQ9",-0.389677306096975,0.393208211874168,0.140298352652302,0.998419475690512,0.0852049470051623,0.0541407406596674,0.122776855988075,0.0686361153284074
"3089","PDE4D",0.465862056809211,0.0857094388404734,0.082249437397772,0.998419475690512,0.0480004570535158,0.0541467588473286,-0.0144846591228566,-0.0686314179701852
"3090","RAB24",0.755708794000325,0.0060465687229819,0.217359016663227,0.998419475690512,0.198764357445317,0.117604458254597,0.186188871912546,0.0685844136579481
"3091","DNPEP",-0.334747043932827,0.539421203882117,-0.0039867036535101,0.998419475690512,0.0733021223292526,0.0293787803421988,0.0978012748439867,0.0684224945017879
"3092","DHRS4",-0.733434064110026,0.119042922031206,0.122252318570518,0.990090615049715,-0.154586136501304,-0.083051212832576,-0.1513685471075,-0.0683173342749237
"3093","MRPL12",-0.301988266729705,0.610704628975171,0.0315133247975889,0.998419475690512,0.306407425499941,0.357181527681597,0.289059961740969,-0.0681215659406283
"3094","DCAF11",0.310295831157688,0.142644267094498,0.0312843307809071,0.998419475690512,0.169952779708964,0.221872597094792,0.15375788417683,-0.0681147129179622
"3095","LTB4R",0.104615555440685,0.830619854411113,-0.110431802633245,0.998419475690512,-0.199470305850395,-0.142405331957186,-0.210518876923038,-0.0681135449658523
"3096","METRNL",-0.00447605930289113,0.994584380333592,0.0364078846376383,0.998419475690512,-0.0827418149134591,-0.0412721757204644,-0.109328557972275,-0.0680563822518107
"3097","DCAF5",-0.062238017390784,0.854106877911617,-0.0212230578548269,0.998419475690512,-0.0682110204637901,-0.116583218455842,-0.0487595584618503,0.0678236599939921
"3098","FNTA",-0.0279058858672952,0.943676286288279,-0.0447126621906943,0.998419475690512,-0.0908924894778482,-0.133193390698399,-0.0653791797120284,0.0678142109863704
"3099","TIMM10",1.50078140456212,0.0131197689411945,-0.0286536962682072,0.998419475690512,0.0908416860771573,0.155323576206373,0.0877632412525593,-0.0675603349538137
"3100","MTMR1",-0.0207228180925018,0.961929016094809,0.00342994347575688,0.998419475690512,0.112521207284813,0.158695811523773,0.091143522873504,-0.0675522886502689
"3101","DLGAP4",0.0633658097685884,0.872851298238772,-0.325811526082208,0.951348538431534,-0.00177074799534243,-0.0426046016392617,0.0249429557473961,0.0675475573866578
"3102","VSIR",0.642427655209132,0.0370365268842511,0.297084194221766,0.735918477900347,0.0627060009711328,-0.0544978673595995,0.0130488362148309,0.0675467035744304
"3103","IGFBP5",-1.97512635124597,0.000105866134016356,-0.691453060938537,0.49571448481297,0.345303063897951,0.332666813849861,0.265143343326584,-0.0675234705232763
"3104","CTDSPL",-0.250003602230773,0.748194913418524,0.0348009609135989,0.998419475690512,0.0770391552391193,0.0327008588545685,0.100095558154422,0.067394699299853
"3105","CEACAM4",0.443384018678302,0.450206883152347,-0.020450975278289,0.998419475690512,-0.043198668349365,-0.100992084469904,-0.0336159292121881,0.067376155257716
"3106","NRDC",0.17011366413535,0.647841651938642,-0.0213144755224557,0.998419475690512,-0.156969284178529,-0.114226191827338,-0.181578111010998,-0.0673519191836599
"3107","TMED10",-0.363702485421432,0.22311200122145,-0.931206172744347,0.0129582631272613,0.495348835300474,0.487469444724522,0.42030072050522,-0.0671687242193018
"3108","RYBP",0.378727978536265,0.26175046299602,-0.046533267320155,0.998419475690512,-0.0851953981128933,-0.0328268397613775,-0.0998223127567,-0.0669954729953225
"3109","FUT3",-0.275404118316324,0.729126841321603,0.36598496313697,0.998419475690512,-0.0890874261509891,-0.0349378449951215,-0.101808313925932,-0.0668704689308107
"3110","PPM1A",0.093333760032233,0.808534434141689,0.0580478207719183,0.998419475690512,-0.0538095206779477,-0.108553057948555,-0.0417141155626662,0.0668389423858885
"3111","CD80",0.379175521292486,0.43324750244693,0.0586172537454511,0.998419475690512,0.0500749305897355,0.00196286939670516,0.0687926155497437,0.0668297461530385
"3112","TPM1",0.0599429949977192,0.921321635000698,0.0430673645663989,0.998419475690512,0.10173299000561,0.053977178985485,0.120750212230214,0.0667730332447294
"3113","CIAO1",-0.448225266692327,0.0669607429781826,0.79883588227976,0.265864449909381,-0.180141920460024,-0.0587220018350263,-0.125316668062368,-0.0665946662273413
"3114","CD8A",1.24578339320935,0.0600773844670439,0.266049637646462,0.210904001530224,0.572037156051854,0.481398723623101,0.547989513152115,0.066590789529014
"3115","LRPAP1",-0.0974399809098818,0.830619854411113,0.374715807585676,0.776604021167797,0.326849275319855,0.411498270035701,0.344910506788808,-0.0665877632468935
"3116","SELENOH",-0.386975265001652,0.338084770898086,0.0853349465665103,0.998419475690512,0.0327618784762554,0.0815892104867562,0.0150140363026777,-0.0665751741840784
"3117","ABCD4",-0.20289657785269,0.629853372246997,0.0985520882016447,0.998419475690512,-0.0880447762760044,-0.12673201060743,-0.0601894312542048,0.0665425793532251
"3118","APOL1",1.15558595542701,0.0109174450857114,0.710380003072075,0.33638801102274,0.132422798259725,0.0846791509504091,0.0181431519555753,-0.0665359989948337
"3119","LARGE1",-1.13674710166242,0.0763060944751312,-0.168258762084673,0.998419475690512,-0.00235449152767187,-0.0168718715094229,-0.0829740940470516,-0.0661022225376287
"3120","HOPX",0.313192385970995,0.713260413435397,0.0187726706228863,0.998419475690512,0.302503149316857,0.359638006754409,0.293541683583342,-0.0660963231710675
"3121","ACY1",-0.484934659504225,0.329917477099894,-0.534028535742313,0.899904387831016,0.19607140133187,0.218850850174644,0.152911952576525,-0.0659388975981187
"3122","IL1R2",0.410642205901984,0.521536947861839,0.408856881383405,0.327559834846293,0.41634491094895,0.433183311551498,0.367443661738969,-0.065739649812529
"3123","PSMG2",-0.10480844133365,0.856554322921457,-0.0572091612406501,0.998419475690512,0.155412236754359,0.195608516178071,0.129894034573083,-0.0657144816049879
"3124","LTA4H",-0.684076636722867,0.0264412027035645,0.0282079481206718,0.998419475690512,-0.124904355119602,-0.0835064209467375,-0.149216588700998,-0.065710167754261
"3125","HLA-G",-0.24279858975641,0.771206027036774,0.462438088571433,0.879850494349592,-0.225491056142584,-0.1714398214786,-0.236989101817704,-0.065549280339104
"3126","TCP11L1",-0.207949724571131,0.693685953717675,0.0197965045725244,0.998419475690512,0.0741877938123441,0.0458774013050577,0.111405614007884,0.0655282127028268
"3127","BUB1",0.161269081387308,0.848856611540986,0.105851490367941,0.998419475690512,0.116463698770231,0.0682857695875586,0.133713646662465,0.0654278770749068
"3128","MFAP1",0.0974077097849551,0.81932230857114,-0.0633144015695608,0.998419475690512,-0.0800825504611802,-0.118415456055207,-0.053421649111182,0.0649938069440255
"3129","TBCE",0.164306493473166,0.795958317201552,-0.000891937733484622,0.998805706404385,-0.0250981853876544,0.0197685501482787,-0.0451569176235386,-0.0649254677718173
"3130","ANTXR2",0.0176571658988552,0.979550443166252,0.139560025395532,0.994306542239506,0.234963109079001,0.282961982279186,0.218091466079503,-0.064870516199683
"3131","PIK3C2A",-0.162871011484367,0.731898053007653,0.0235048583373081,0.998419475690512,-0.004790429598341,0.0492943960166111,-0.015501648920799,-0.0647960449374101
"3132","GPX2",-0.592038230731504,0.235149016866895,-0.061749785141608,0.998419475690512,0.0384842493005227,-0.0277354439224554,0.0369917674178752,0.0647272113403305
"3133","RFK",0.100037457679947,0.855929983025271,0.110535814535363,0.998419475690512,0.024520851255625,0.0678519072745554,0.00314485429226275,-0.0647070529822926
"3134","CYBC1",0.366856699117138,0.182926957176832,0.0239851161653386,0.998419475690512,-0.0924356181818082,-0.148310393393739,-0.0836325566539017,0.0646778367398371
"3135","FLT3LG",0.590392949963737,0.286536108078172,0.0265568663580288,0.998419475690512,0.0766819196573421,0.0346670058313509,0.0991678159450547,0.0645008101137037
"3136","VPS9D1",0.013560822056107,0.986179803393276,-0.00917650527716743,0.998419475690512,-0.00370917685401874,-0.0448527757640819,0.0195818761077165,0.0644346518717984
"3137","LOXL3",0.133458577033699,0.791480797270115,0.0995715152133466,0.998419475690512,-0.0889142474823483,-0.133181448619595,-0.0688083754440582,0.0643730731755369
"3138","TPMT",0.248983375047752,0.457330644121616,0.147796234460956,0.998419475690512,-0.0053652634605448,0.00259546105775745,-0.0617333976564081,-0.0643288587141655
"3139","CEMIP2",0.19710695904868,0.438673248912308,0.106571353230795,0.856705671473268,0.212592310260361,0.13495165723096,0.199268301825753,0.0643166445947927
"3140","MX1",2.0343615738255,4.36480589530579e-05,1.97615517366816,0.000644424868199301,0.699976689826098,0.537565224494861,0.601805446741513,0.0642402222466516
"3141","CHMP6",-0.00728346364192544,0.991829702190906,0.252184311757594,0.998419475690512,-0.098172218874708,-0.0494057961243067,-0.113573308636572,-0.064167512512265
"3142","FBL",-0.284722691351497,0.512447393470711,0.163027815578966,0.71955774706989,-0.161825642930413,-0.0825336388511303,-0.146588013468032,-0.0640543746169022
"3143","UPB1",0.332181810076881,0.637507013341911,-0.0166794698954005,0.998419475690512,0.227568810164773,0.279887884520339,0.216006394204904,-0.0638814903154352
"3144","RAB11A",0.250492003912613,0.284308414772787,0.15759002753065,0.998419475690512,-0.0543711565498328,-0.0329679705871977,-0.0967905914184288,-0.0638226208312311
"3145","RBBP6",0.848865498077928,0.0148662029514638,0.027355526429751,0.998419475690512,0.208525151713655,0.247265968204326,0.183453305812585,-0.0638126623917413
"3146","WASL",-0.219554368446451,0.597272815055921,0.220052134254453,0.998419475690512,-0.153661220358866,-0.0929407461236191,-0.156729457468024,-0.0637887113444049
"3147","ATG5",-0.254544543757709,0.42943584509651,0.0365476231484401,0.998419475690512,-0.104523563925784,-0.0521590280257238,-0.115804419394156,-0.0636453913684319
"3148","CAV2",-0.126405289997278,0.830708629655993,0.0451411393262471,0.998419475690512,-0.0749117031825536,-0.0283330064739195,-0.0919535733430853,-0.0636205668691659
"3149","FOXP4",-0.234869089071365,0.663229323938817,-0.276175917206921,0.844219646885179,-0.0377732742481134,-0.0989061692775654,-0.0353493377312397,0.0635568315463257
"3150","EMC8",-0.1836874757081,0.732929154906165,-0.0279837569718014,0.998419475690512,0.058563157118263,0.0929831377201884,0.029456174960874,-0.0635269627593144
"3151","CPT1B",0.18354817186584,0.718146092953801,0.0843269364370513,0.998419475690512,0.06732443916253,0.0144038432669362,0.0778250859043207,0.0634212426373844
"3152","NFATC1",-0.0271880776594541,0.956506932519683,-0.039181093596755,0.998419475690512,0.276411213689434,0.310739619477564,0.24738889871305,-0.0633507207645137
"3153","GRIPAP1",0.392908711218316,0.0705274876962023,0.0762894730115642,0.998419475690512,-0.112346301786623,-0.0827981843921547,-0.145986982766529,-0.0631887983743746
"3154","JARID2",0.136898049264963,0.695788684329967,0.0171715889722086,0.998419475690512,0.06633111879935,0.0152325995415222,0.078409534756743,0.0631769352152208
"3155","CHID1",-0.631344173880532,0.0491164651412831,0.0131730453774226,0.998419475690512,0.0925811374357724,0.155768621473462,0.0928402289036774,-0.0629283925697848
"3156","CBX3",0.358573522115329,0.0748948725398413,0.171267748472675,0.998419475690512,0.0185391274573969,-0.0629018704752215,-1.55413206024112e-05,0.0628863291546191
"3157","ZC3H12A",0.210648712916116,0.687098091003907,0.0519617300867612,0.998419475690512,0.174211465078603,0.126484024915977,0.189329315482919,0.062845290566942
"3158","SULF2",-0.109182913733798,0.877793952856047,0.248783947096563,0.843121181677977,-0.00549786982681182,-0.03491917475667,0.0279255774783346,0.0628447522350047
"3159","SEMA4B",0.113254474719488,0.798385079515075,-0.0296362381945198,0.998419475690512,-0.0260803073674767,-0.0645206163565453,-0.00171461805389671,0.0628059983026486
"3160","POLR2I",-0.21664553060883,0.810320267310604,0.083190549933099,0.998419475690512,-0.130622114542048,-0.176538724721571,-0.113736789794037,0.0628019349275332
"3161","RPL12",-0.193735345313661,0.671644568692402,0.566860293762915,0.561955226227409,0.131396102961237,0.198851391634715,0.136229595181777,-0.0626217964529375
"3162","ARID3A",0.290289971262364,0.493928195838008,-0.0284214332897625,0.998419475690512,0.133344724292919,0.103320789222997,0.165922355421156,0.0626015661981585
"3163","PDAP1",0.038024115179085,0.945922204635467,-0.224327892869194,0.998419475690512,-0.0759709805965568,-0.029751193561069,-0.092320081109841,-0.062568887548772
"3164","TXNDC9",0.0461692352862637,0.934293528958136,0.0390223439187669,0.998419475690512,-0.14779805275381,-0.196482317726111,-0.13394367800345,0.0625386397226603
"3165","TNFSF14",0.445018976440498,0.433815616320043,0.101799443606794,0.998419475690512,0.628411803034186,0.59070131163253,0.653237723905673,0.0625364122731427
"3166","TWF1",0.408900164936997,0.163501353635959,-0.114556896446697,0.712002983900469,-0.00842015855222905,0.0828358297472759,0.0203406302135834,-0.0624951995336925
"3167","PPIL2",-0.352874211044318,0.40536304438609,0.253365565195095,0.387768714793975,-0.219921346521921,-0.154190241466148,-0.216579877579343,-0.0623896361131957
"3168","ENTPD6",-0.40330467084079,0.193815999777464,-0.0190566735060155,0.998419475690512,0.0803935871687917,0.0511377337568512,0.113504641673376,0.0623669079165253
"3169","ARL2",-0.208582043558115,0.739855926938713,-0.0531633491782164,0.998419475690512,0.135694302997297,0.169861596491682,0.107504668969561,-0.0623569275221204
"3170","TBCA",0.437220896134621,0.301142044091867,0.143050205752337,0.856705671473268,-0.11772941402001,-0.183199471170905,-0.120866800848322,0.0623326703225834
"3171","NT5C",0.164021231579017,0.7139606677818,-0.150861149226372,0.998419475690512,-0.00113167793216263,-0.0374223063348791,0.024859058788489,0.0622813651233681
"3172","SMN1",-0.402185962571215,0.401172977064683,0.534969658971363,0.342408595900573,-0.0958273599035344,0.00673598480220498,-0.055515111880593,-0.062251096682798
"3173","ANXA6",0.217611586544135,0.657698487705098,0.101444800316932,0.998419475690512,0.0734186269035082,0.0969666503560154,0.0347564595245224,-0.062210190831493
"3174","FKBP1A",0.244470610395767,0.338020326853893,-0.106315796531349,0.998419475690512,0.00465198895543497,0.0406571968871736,-0.0215355720359784,-0.0621927689231519
"3175","MTHFS",0.01072210014525,0.986927837331828,0.04311746905909,0.998419475690512,0.144862366053938,0.0991097558984178,0.161265778056195,0.0621560221577776
"3176","CDC25B",0.284727713065362,0.537622363509033,0.0338207556152241,0.998419475690512,-0.031293609048221,-0.000335713911310623,-0.0624516578758171,-0.0621159439645065
"3177","GALNS",-0.336904706562328,0.315480185468706,0.267008027097329,0.998419475690512,0.0980879055724863,0.174762636393224,0.112678950603075,-0.0620836857901487
"3178","OXSM",-0.809466794476026,0.104732314103792,0.457814559948131,0.327559834846293,-0.216575575148628,-0.241586713804595,-0.179579168133862,0.0620075456707335
"3179","PCNP",0.320835900111721,0.256047591254818,-0.12587242138736,0.998419475690512,0.0580017132043478,0.120506450904165,0.0587300861216681,-0.0617763647824972
"3180","MYOM3",-0.246748753053135,0.78875452512306,0.0408832085368914,0.998419475690512,0.0725691737699927,0.131317888097811,0.0697278056362103,-0.0615900824616004
"3181","PTK7",-0.472703715315956,0.457740514137042,-0.149918664328703,0.998419475690512,0.0275246202074382,0.0632781736748091,0.0016929457360276,-0.0615852279387815
"3182","RNGTT",0.238300817805306,0.584771143995298,0.14360150679771,0.753714628524726,-0.0847602547562558,-0.1190522440064,-0.0575478683885393,0.0615043756178607
"3183","MRFAP1L1",-0.379808089736476,0.205735210417662,-0.0133375729899242,0.998419475690512,-0.0090124900000684,-0.0653314580107725,-0.00382878116604056,0.0615026768447319
"3184","PHYH",-0.663181959779232,0.191935943877494,-0.0778216933523821,0.998419475690512,0.192804427306234,0.225223443503038,0.163737107444705,-0.0614863360583328
"3185","ST6GALNAC2",0.070674174600815,0.881012929904169,-0.0082160794311736,0.998419475690512,-0.086030704623179,-0.12985275772151,-0.068517594570057,0.0613351631514533
"3186","C1QBP",-0.552660146245551,0.175760596720293,0.0359238242696492,0.998419475690512,0.0778772775326847,0.0613010679930928,0.122575656529747,0.0612745885366546
"3187","FDPS",0.0224827525326314,0.956532811006173,0.304798081295603,0.978417755543776,0.0166541820194252,0.0516787847041492,-0.00944948296544543,-0.0611282676695946
"3188","CD1D",0.292418188433991,0.645836732939995,-0.0107437066259258,0.998419475690512,-0.143442271496801,-0.180706260308202,-0.119628561210106,0.0610776990980967
"3189","AIM2",1.79437204127397,0.000322909079038451,0.0998337542597131,0.998419475690512,-0.0282605004568797,-0.0659343673117098,-0.126976916805486,-0.0610425494937765
"3190","TAF8",0.333403208454305,0.493979573115264,0.163633203741361,0.858208825850771,0.0931724140648931,0.052430323276491,0.113435981570841,0.0610056582943502
"3191","MTHFD2",0.604132619882466,0.0825854715508444,0.908320813563982,0.0797023965749784,0.286236737593667,0.156659510254429,0.217644449242099,0.0609849389876705
"3192","GLS",0.307164260765271,0.449227391687149,0.0285606689022018,0.998419475690512,-0.0164560211036533,-0.0686388317863897,-0.00771744771753324,0.0609213840688565
"3193","A1BG",-0.344910320268573,0.449012223079954,0.317489960126725,0.998419475690512,-0.115367655760331,-0.127703283102792,-0.067304911461649,0.0603983716411428
"3194","EPS15L1",-0.392227099349987,0.237786876638128,0.0795928382780198,0.998419475690512,0.0945236413213655,0.161522384368204,0.101175507505096,-0.0603468768631075
"3195","C1R",0.441368169543795,0.480260119516156,1.0381921981407,0.210904001530224,-0.00510217188656391,0.0359960926369184,-0.0243206261762368,-0.0603167188131552
"3196","SERTAD3",-0.249573678969729,0.366443927883279,-0.000263964732514383,0.998805706404385,-0.11969290098132,-0.102567580717957,-0.162817569729296,-0.060249989011339
"3197","PILRA",-0.0452266885785511,0.941995383089895,-0.137783755724713,0.998419475690512,0.19103030909391,0.242616336774054,0.18246559750842,-0.0601507392656348
"3198","NCL",-0.103037800985164,0.80370501919453,0.0501379492464142,0.998419475690512,0.103706974011758,0.0708394800936692,0.130981614044394,0.0601421339507252
"3199","SIL1",-0.185792291077418,0.672106335727297,-0.0283997974262326,0.998419475690512,0.0339714042301275,0.058729706309199,-0.00133943523172159,-0.0600691415409206
"3200","INPP4A",0.252676123820969,0.458886337189315,-0.0141718578368171,0.998419475690512,0.177141387569839,0.218875714272147,0.15892885606962,-0.0599468582025276
"3201","ALAD",-0.287625275209827,0.459093547901258,0.0660863667691641,0.998419475690512,0.0341080564445594,0.0645442888633011,0.00476928664840514,-0.0597750022148959
"3202","ATP23",0.0464891859780013,0.956506932519683,0.0270285367735553,0.998419475690512,-0.198834692598409,-0.154864042166845,-0.214556208685879,-0.0596921665190337
"3203","HMGB1",0.128294825912919,0.658560444472749,0.158197361832347,0.998419475690512,0.184629377413279,0.144038387695951,0.203675664431122,0.0596372767351712
"3204","RIPK2",0.536991298250366,0.157727056384833,0.115274636289045,0.998419475690512,0.0463541517817348,0.0317201834628333,-0.0276769620398592,-0.0593971455026925
"3205","GLUL",-0.0692022978742871,0.872811821517332,0.399089397001316,0.744984064345224,0.110154999161814,0.0791805280595616,0.13820433562918,0.0590238075696185
"3206","CAST",0.0550646737477496,0.854351592637727,0.1993192732865,0.998419475690512,-0.00409550103692184,0.0309987119087311,-0.0280206492198503,-0.0590193611285814
"3207","FYN",0.208406105170068,0.61082979922381,0.127910140325109,0.844219646885179,0.176212356325397,0.189460747403497,0.130453489287791,-0.0590072581157061
"3208","ICAM5",0.418545848516423,0.509188157817674,-0.321212367031795,0.279909931123739,-0.214757454954191,-0.153056972583438,-0.211996261515832,-0.0589392889323937
"3209","TCEAL4",-1.18321737562239,0.000770477421408885,-0.247596764671465,0.784055424558337,0.154324102252592,0.096072376342881,0.037165401664368,-0.0589069746785131
"3210","ACSS3",-0.130054909170031,0.853204360422924,-0.0585249555713688,0.998419475690512,0.0184060779844305,-0.0253558945623089,0.0334437134775875,0.0587996080398965
"3211","MOB4",-0.0743608664852662,0.886789562015162,0.335910653793343,0.853216168095328,-0.188049287457556,-0.123582259022012,-0.182306072172558,-0.0587238131505467
"3212","SRPK1",0.116089002166433,0.819308240957249,0.278746959233519,0.998419475690512,0.36656929596588,0.327898559208871,0.3865451424417,0.0586465832328296
"3213","PRMT2",0.1388053836745,0.587893058319172,-0.0605621739695562,0.998419475690512,-0.176835660841133,-0.132046432072724,-0.190492606485622,-0.0584461744128979
"3214","PLXNC1",0.458174108497064,0.384525096767646,0.257741209187732,0.936867356766746,0.214688527474262,0.227423541965024,0.169337841374876,-0.0580857005901484
"3215","YWHAB",0.210043802329402,0.446548019631533,0.301974476332642,0.998419475690512,0.0846785703054778,0.0965383946172243,0.0384861339345013,-0.0580522606827231
"3216","BLOC1S3",0.0658019172436139,0.909566295492113,-0.0619653060585552,0.998419475690512,0.164354383724117,0.192992851512791,0.135061127220144,-0.0579317242926471
"3217","NOTCH1",0.0870998453103891,0.875868560604017,0.547331976673644,0.221912180804252,-0.000440672362481902,0.00341127883148391,-0.0544189570335921,-0.057830235865076
"3218","SUMO3",0.0597760249800529,0.875716183604436,0.301096432728056,0.998419475690512,-0.00334891652297251,-0.0395811996761095,0.0181848872023796,0.0577660868784891
"3219","RBFOX2",-0.66917100141035,0.311822331655507,-0.0898370919473024,0.998419475690512,0.0369971984876514,0.0091397952496158,0.0668748439570959,0.0577350487074801
"3220","HOMER3",-0.156533951122133,0.706599299101838,0.150109393868453,0.790827704016838,-0.0214308131070445,0.0362456900922001,-0.0213891991189602,-0.0576348892111603
"3221","BCAP31",-0.359325805970517,0.148306218880783,-0.0908249400302786,0.998419475690512,0.0100829534397201,-0.0394188219894753,0.0181937685711158,0.0576125905605911
"3222","CAMK1D",-0.218503398793087,0.620910862294966,0.107399466433134,0.998419475690512,0.013214020380104,-0.021742687334685,0.0358300452105994,0.0575727325452844
"3223","DDRGK1",-0.205234992701604,0.655839921124229,0.257991931942309,0.994739550495444,0.0629129984658494,0.0604590337483889,0.117959321704154,0.0575002879557651
"3224","STUB1",-0.135155937262574,0.831578160142672,-0.191580207551063,0.827327785382536,0.227114073187099,0.239958105993699,0.182580857068161,-0.0573772489255386
"3225","TRAPPC2",0.00990103822165671,0.987270304696774,-0.0179855200481141,0.998419475690512,-0.110065866248823,-0.146783842792227,-0.0896104315643676,0.0571734112278598
"3226","TBP",0.0753268448803913,0.896122335417531,0.218243620800494,0.998419475690512,-0.0738109050637021,-0.102463963637327,-0.0453274556967068,0.05713650794062
"3227","UBE2V2",0.111584733733603,0.809040927962812,0.0611390393634078,0.998419475690512,-0.0688503073013477,-0.103998526152375,-0.0469867171408919,0.0570118090114831
"3228","RHOD",-0.81619094212722,0.20329549927755,-0.0744986484377374,0.980682888930444,-0.0703380017326637,-0.150424679812968,-0.0935407408648881,0.05688393894808
"3229","SNRPC",-0.334259382629007,0.318586515141052,0.0594460191941115,0.998419475690512,-0.208153689637722,-0.164734735545534,-0.221592459189278,-0.0568577236437443
"3230","OXLD1",-0.0734359714445102,0.923094450831709,-0.286792952222545,0.172545816796679,0.163267365828089,0.164565965566304,0.107844251679338,-0.0567217138869654
"3231","LPCAT2",0.902433972413782,0.0251338281286426,0.0212087506502505,0.998419475690512,0.0359367258928759,0.0725404181830825,0.0158478782284356,-0.0566925399546469
"3232","UBE4A",0.200884652090656,0.431007031194316,-0.028808757284207,0.998419475690512,-0.125643879223397,-0.079600792465886,-0.13626067698555,-0.0566598845196637
"3233","RAB4B",0.328995022583989,0.327743147534375,0.278128829627892,0.96484128332814,0.11431551938472,0.0473589505964284,0.103934498530044,0.0565755479336154
"3234","CETN2",-0.976295332901188,0.0531479338642176,0.167102425650729,0.998419475690512,0.0942702260132775,0.189099152634711,0.132547544545868,-0.0565516080888422
"3235","FBXO28",0.218730386809613,0.50151190453571,-0.0434953140117683,0.998419475690512,0.179340806007052,0.152980334616698,0.20950461222165,0.0565242776049526
"3236","MAP1LC3A",-0.0707320926342479,0.922132710230817,0.114173532127581,0.998419475690512,-0.0637343405850666,-0.105481711026783,-0.0490629058991988,0.0564188051275837
"3237","INPP4B",-0.400491934441952,0.534266664245135,-0.0455691797441542,0.998419475690512,0.171674790987345,0.193995310636445,0.137630392177767,-0.0563649184586784
"3238","PDCD1LG2",0.568767272689449,0.173987764954491,-0.166523646411791,0.809010563895537,0.0314823385305609,0.0211478516711377,0.0774621859280197,0.056314334256882
"3239","EMC1",-0.588334216548178,0.0151325691996781,0.141726788957519,0.979608889726842,0.0508116836856752,0.0283445452281859,0.084586105825164,0.0562415605969782
"3240","CD93",0.0305302082134965,0.966678757189938,0.0720236801719437,0.998419475690512,0.480947226800182,0.432173122153596,0.488365336850053,0.0561922146964565
"3241","NRAS",0.420219212872847,0.149312261075563,0.12851339717651,0.998419475690512,-0.132089616003291,-0.126683900905126,-0.182825056951411,-0.056141156046285
"3242","PSMA4",1.03062531860691,0.0116549043508704,0.207852434941203,0.853216168095328,0.19491820261672,0.106656632126859,0.162758921588996,0.0561022894621368
"3243","RAB14",0.0931553647173593,0.765750345232703,0.250800387563841,0.934081246389468,0.00117608900389768,0.0205889541820179,-0.0355035007558939,-0.0560924549379119
"3244","MAGOHB",0.0338967821799318,0.971253178506157,0.361293140237562,0.706375430478359,-0.00921398179793395,-0.0357594649957381,0.0200089095892593,0.0557683745849974
"3245","GIMAP7",2.11223428278866,0.00105383594743339,0.45791215113616,0.35595396083649,0.36316306272821,0.298251745167449,0.242500155297449,-0.0557515898699993
"3246","ST6GALNAC3",0.279684236758092,0.707072548039102,-0.0365880175016217,0.998419475690512,-0.147882744173205,-0.11217240119392,-0.1678994263547,-0.0557270251607793
"3247","RFC4",0.0482887176684395,0.952432063357582,-0.0788610591445663,0.998419475690512,0.304480107666727,0.339687903693191,0.283988297146566,-0.0556996065466248
"3248","OSBPL1A",-0.493776767694044,0.205781973418111,0.474147137094649,0.854189735810682,-0.114913847460553,-0.0380373472941789,-0.0937039551034146,-0.0556666078092357
"3249","RHOT1",0.218591412814619,0.526872258434436,0.297998703171701,0.998419475690512,0.123355591588767,0.148541375108921,0.0929883453138697,-0.0555530297950512
"3250","CREM",0.395541893210894,0.269078920795165,-0.179914352612404,0.448344482232837,-0.0866423767233125,-0.00175434582241712,-0.0572628847213859,-0.0555085388989688
"3251","SHARPIN",0.00894485321370981,0.984195558753267,0.0341000742841459,0.998419475690512,-0.122913914833603,-0.155786467051683,-0.100360071088104,0.0554263959635791
"3252","SDHAF2",0.379692092396484,0.205781973418111,0.069049739111433,0.998419475690512,-0.0848683414599346,-0.0743308082418806,-0.129580095883556,-0.0552492876416756
"3253","RBL2",0.0227419606632304,0.950143820927288,0.0569070449432343,0.998419475690512,0.141204107225947,0.182038014326342,0.126909173309246,-0.0551288410170955
"3254","DHPS",-0.231455637342591,0.583373312932654,0.249467396904779,0.963204148073108,0.112515420141589,0.0935544469011651,0.148640348802728,0.0550859019015634
"3255","FUT7",0.9171138970572,0.11866460012093,0.0611566722349148,0.998419475690512,0.0848542757143875,0.0387965553493806,0.0938208495480494,0.0550242941986688
"3256","BUD31",0.42282782677501,0.0687470306537917,-0.0767707268723,0.998419475690512,-0.0237874215934234,0.0204462613502886,-0.0345614530289839,-0.0550077143792725
"3257","CYB5R1",-0.190280739442392,0.624859036859293,-0.105765903518664,0.987022850306148,0.147890818439255,0.0914457531557482,0.146431287768275,0.0549855346125266
"3258","ATF6",0.23137612319291,0.466445183138608,-0.107938620289255,0.998419475690512,-0.132910575183805,-0.0568369694697154,-0.111751385000276,-0.0549144155305601
"3259","RGS14",0.0477553171594958,0.932762176060697,-0.0128934427275867,0.998419475690512,0.0894476039340178,0.0549152343550575,0.109817237990678,0.0549020036356205
"3260","KDSR",-0.25590158238694,0.508520050687628,0.0942355606733456,0.597664869464268,-0.127348400082026,-0.0732910967128737,-0.128148812842226,-0.0548577161293527
"3261","GUK1",-0.0681994598221422,0.839341149292382,-0.122564680541674,0.998419475690512,-0.109139299093533,-0.145574409243737,-0.0908919914391999,0.0546824178045373
"3262","CENPW",0.35981513049973,0.723655627779606,-0.00216919822970666,0.998419475690512,0.0998716678187986,0.0679794786888713,0.122624547075776,0.0546450683869046
"3263","CFB",0.974786041682622,0.0251338281286426,0.904497844169323,0.393979946327894,0.0555118616382205,-0.0689874559003738,-0.0145699562195123,0.0544174996808615
"3264","CSNK2A2",-0.248746541258107,0.390318118924587,0.177361637039874,0.133662137446853,-0.0853701113581435,-0.0640700027115962,-0.00978310597366573,0.0542868967379304
"3265","RCN3",-0.640027133692633,0.221545190484103,0.107119246492079,0.590152120200119,-0.0922192026852674,-0.0653691631696556,-0.0112067490470746,0.054162414122581
"3266","MRPL32",-0.300564033071541,0.537702175853498,0.293117498268727,0.848618838385101,-0.312547094475981,-0.259539480619488,-0.313603060781033,-0.0540635801615451
"3267","GEM",0.284090723042967,0.652044557412184,0.12337186660298,0.906608492274627,0.146526168673044,0.167759198950258,0.11374360542648,-0.0540155935237778
"3268","TMEM154",0.494775813794522,0.281032633958434,-0.0534827308784123,0.998419475690512,0.0696055613259746,0.118647262029374,0.0646403206297481,-0.0540069413996262
"3269","B9D2",0.197536312695021,0.691545218551406,-0.763424254661274,0.101014253771789,0.0278415076731206,0.0613091006396995,0.00744570690053911,-0.0538633937391604
"3270","APEX2",-0.308306994307264,0.455578059681448,-0.0137367346685164,0.998419475690512,0.0208507349184792,0.0432889532630438,-0.0105120872064939,-0.0538010404695377
"3271","DLG4",-0.683324108808751,0.0366680797684346,-0.29306053379865,0.150201687155049,0.0557584483155578,-0.0891744134396954,-0.0353837970230313,0.0537906164166641
"3272","KLC1",-0.210944956261304,0.586427332514056,0.219697371727819,0.998419475690512,0.0435447388816068,0.00742009041358543,0.0611847063382537,0.0537646159246682
"3273","MMEL1",-0.516599798828816,0.518826193920828,0.0509680013154708,0.998419475690512,0.0113764261836704,-0.0154828870126473,0.0382176245315572,0.0537005115442044
"3274","CCT7",-0.278141367389018,0.375372251464657,0.066828414999624,0.998419475690512,-0.0586829399763418,-0.0121561050462282,-0.0657843109991434,-0.0536282059529152
"3275","SLC27A2",-0.247394453769562,0.739664825089608,0.147533202987651,0.998419475690512,-0.0413030163834044,0.0105714249248706,-0.0429661658768776,-0.0535375908017482
"3276","SUSD3",1.20836114421071,0.0060465687229819,-0.00148855471130428,0.998419475690512,-0.0200708244129059,-0.0395531483170337,0.0138286422200324,0.0533817905370662
"3277","NDUFAF5",-0.0561721105370921,0.952128179094214,0.00829652956049897,0.998419475690512,-0.092119003702231,-0.0628874488823268,-0.116221672264795,-0.0533342233824682
"3278","CRADD",-0.676070691047806,0.0373707796048609,-0.175047940323667,0.998419475690512,0.229245963937947,0.250717646966896,0.197671915449216,-0.0530457315176799
"3279","BLMH",0.078771907291494,0.91207903538846,-0.0247188544164331,0.998419475690512,-0.0990622865617797,-0.13886993211144,-0.0858499155795778,0.0530200165318624
"3280","XXYLT1",0.255748805418587,0.735579156634719,-0.0128154379985258,0.998419475690512,0.062730737825574,0.105046210574369,0.0520416073609405,-0.0530046032134289
"3281","DUSP16",0.703935502167035,0.128880443587405,-0.0201384271190264,0.998419475690512,0.00863762783812088,0.052693854236163,-5.49465990874731e-05,-0.0527488008352504
"3282","GSTK1",0.652062055721175,0.0334574314796001,-0.0156539567056457,0.998419475690512,0.131820671821124,0.187181990575316,0.1344557488594,-0.0527262417159162
"3283","LDLRAP1",-0.522743228816653,0.27038964008704,-0.185696907971711,0.63718192828505,0.172898301240648,0.131319023799887,0.0786080898163802,-0.0527109339835067
"3284","MAT2B",0.620949375878982,0.0100415893932238,0.219311767089862,0.998419475690512,-0.0321554102092941,-0.0592875838296209,-0.111711959647575,-0.0524243758179542
"3285","LYPD3",0.296857025438727,0.710732691109869,-0.157866303299414,0.994739550495444,0.139780256169825,0.180055155203741,0.127753015241738,-0.0523021399620028
"3286","ZNF230",0.198029037126013,0.766696918803273,-0.0249481486828012,0.998419475690512,0.304037635826501,0.334076567450505,0.281858333024913,-0.0522182344255916
"3287","WWC1",-0.666314270124256,0.315919898224485,0.0179436845001529,0.998419475690512,0.178869455285101,0.253200710727037,0.201036695600642,-0.0521640151263948
"3288","C1S",-0.0517755610178503,0.959784463013115,0.630826177041599,0.543548945616488,-0.102435152205257,-0.10515126269891,-0.0530823584186315,0.0520689042802789
"3289","MAP4K1",-0.0758907744203936,0.92925635913744,0.469992143698756,0.699529867723275,-0.097784030810717,-0.0382696997374644,-0.0903111221024013,-0.0520414223649369
"3290","THEM4",0.0206239394232584,0.978621482943083,0.0190015311533458,0.998419475690512,-0.0212158490784966,-0.0583229049335835,-0.00632572383968119,0.0519971810939023
"3291","RBM39",0.0500770441798498,0.901173884815298,0.310015311331081,0.902014056560802,0.183694268233072,0.220875759591868,0.168952688093529,-0.0519230714983397
"3292","SULT1A1",-0.307389718271224,0.461542193846763,-0.117788180154646,0.998419475690512,0.319936822948399,0.290424877481472,0.342314274963781,0.0518893974823081
"3293","ACOT13",-0.116797400726116,0.807315676607585,0.145854126685421,0.998419475690512,0.144370297689767,0.180134895273579,0.128250247745437,-0.0518846475281421
"3294","ERN1",-0.0845830163714156,0.87641700629986,0.0105339916221093,0.998419475690512,0.0515558524693999,0.0909111530032392,0.0390572510909481,-0.0518539019122911
"3295","KMT5C",-0.623623715533902,0.280341735039479,0.0312519104002563,0.998419475690512,-0.011695176847242,-0.0470257835444852,0.00471187522161528,0.0517376587661004
"3296","ABO",-0.496412014736075,0.276618298568388,-0.299640921837718,0.998419475690512,0.128233300871854,0.0849653892944931,0.136683749385909,0.0517183600914162
"3297","ACTN4",-0.0850151954812077,0.797082662324193,0.23734175148413,0.561955226227409,-0.252428609710422,-0.267089076964744,-0.215390716796544,0.0516983601682001
"3298","RARRES1",-0.244190823051753,0.79704905960713,0.350741500449235,0.998419475690512,0.107231046303369,0.163106639342474,0.11156351863034,-0.0515431207121341
"3299","ILF2",-0.284177379403453,0.277366102246297,-0.0911313900057949,0.998419475690512,0.133297527184568,0.104219469028358,0.155750957307333,0.0515314882789747
"3300","CETN3",-0.728434533368744,0.154963201073799,-0.205186610774029,0.998419475690512,0.0187149829198167,-0.0263108398120227,0.0251205275778106,0.0514313673898333
"3301","ARAF",0.136476391496159,0.594490039116977,0.0676850643978307,0.998419475690512,0.0121247666649255,-0.0278695186247102,0.023486286668326,0.0513558052930362
"3302","RPN1",-0.200812005591253,0.258617253160215,0.37004188393359,0.50944034495368,-0.155192460710813,-0.139918287671862,-0.0886093059024041,0.0513089817694583
"3303","GUCD1",0.134868332638155,0.678012053692148,-0.0361325725761359,0.998419475690512,0.275838766431922,0.316811422314371,0.265571578288901,-0.0512398440254704
"3304","EGLN2",0.0128102888105616,0.978515099290669,0.368722522725212,0.678411000889589,-0.152492185647063,-0.197180100245066,-0.14601129557986,0.051168804665206
"3305","DCN",-0.417514241245981,0.635115715356618,-0.0358584470307355,0.998419475690512,-0.147544619758605,-0.132415479221004,-0.183560057227845,-0.0511445780068403
"3306","FLI1",0.25010799981969,0.479472996309263,-0.00424903962893333,0.998419475690512,0.081104702284362,0.0342616466724404,0.0854054184144754,0.051143771742035
"3307","SMIM3",0.168298075529078,0.734073490071675,-0.00509270160472873,0.998419475690512,0.134827975486956,0.0967776509522203,0.147902662742649,0.051125011790429
"3308","CYTH4",0.0634349147819861,0.920642426328177,-0.00765743644073811,0.998419475690512,0.135127286193767,0.097785439741908,0.148891637432112,0.051106197690204
"3309","CCDC107",-0.107824056297064,0.88374937362842,0.155357181458412,0.998419475690512,0.0938265155610962,0.151812049515418,0.100806278415977,-0.0510057710994416
"3310","CRYL1",-0.742243138584543,0.0336706935396669,-0.0122566870639583,0.998419475690512,0.027056682672453,0.0731518037311298,0.0224328762105174,-0.0507189275206124
"3311","HHEX",0.653649892778272,0.153865167614332,-0.0128615967101996,0.998419475690512,-0.111297643181565,-0.135065562732091,-0.0844930680799224,0.0505724946521686
"3312","RBP5",0.496696305186121,0.425732782188779,-0.142262393478313,0.848793124341065,0.124250702435261,0.111144738753287,0.161654360442441,0.0505096216891536
"3313","SLC22A16",0.360890199185303,0.605747597447828,0.267698489493704,0.873362904078878,0.134879180137981,0.113193070299039,0.163617427722552,0.0504243574235128
"3314","PPM1G",-0.27704832064178,0.312778124495357,0.146184065892823,0.966961547562754,0.0695730502052111,0.131686562403339,0.0813060701054495,-0.0503804922978893
"3315","APLP2",-0.363625520093384,0.120809686863317,-0.15579096924587,0.977028140171628,0.00704752057423854,0.00536283850820461,-0.0448955713500344,-0.050258409858239
"3316","ICAM4",1.1277517017762,0.104732314103792,-0.00371634125552513,0.998419475690512,0.039954707728382,0.112915619412161,0.0628240666168035,-0.0500915527953571
"3317","C21orf91",1.04326580037409,0.000240325938756323,0.0329700616112471,0.998419475690512,0.0622848780358819,0.0636679365007855,0.013621568465067,-0.0500463680357186
"3318","CCNH",-0.148348078486372,0.725487259399776,0.122017077511292,0.998419475690512,0.0391923092451359,0.0165952289109717,0.0666398488548691,0.0500446199438975
"3319","CFH",-0.217159664049541,0.765345944883413,0.308151188840486,0.998419475690512,0.0492253723186629,0.100384223874003,0.0503758267185298,-0.0500083971554735
"3320","GALE",-0.466152573659066,0.217411868376801,-0.0359746405714634,0.998419475690512,0.0953228104383957,0.0502562326543367,0.100068835900683,0.0498126032463461
"3321","GTF2F2",0.186814249007525,0.563473144639334,0.417765006000663,0.510145305787738,0.0342617763987854,0.0836587435566494,0.0338528212715203,-0.0498059222851292
"3322","RILP",-0.100301744316617,0.848856611540986,-0.1018303726506,0.998419475690512,0.135264524434987,0.0911876105720675,0.140987341780176,0.0497997312081081
"3323","VGLL4",-0.291141097689453,0.4333135888245,-0.0213250210111046,0.998419475690512,-0.111649749100873,-0.149757687082983,-0.10003145366077,0.0497262334222136
"3324","GRPEL1",0.0867118977728245,0.884306082097767,0.61331806469248,0.33638801102274,0.0689216800745278,0.00792663404555354,0.0576329815278521,0.0497063474822985
"3325","C1D",0.184230276644152,0.702493058592568,0.0116813266923226,0.998419475690512,-0.011626991845174,-0.0452733556702305,0.00435400079258933,0.0496273564628199
"3326","CD22",0.267245495795575,0.70591369515727,0.0973164511884172,0.998419475690512,0.265139019934758,0.295355105943768,0.245797651152847,-0.0495574547909213
"3327","DEFA3",-0.285209065261741,0.867939669835644,1.21636055482266,0.172753480476017,0.0781290591175065,0.0967378689754103,0.146203782665896,0.0494659136904855
"3328","SPTAN1",-0.698917852120307,0.0120159069565711,-0.0248739914677252,0.998419475690512,-0.0877070320517506,-0.149500162404265,-0.100291639524783,0.0492085228794819
"3329","ADM",0.846372482021113,0.0105311292614533,0.0906681933413254,0.998419475690512,0.180624051007708,0.0982195029124116,0.147256732725447,0.0490372298130351
"3330","SRRT",-0.21182740462103,0.47542303711069,0.463930380458763,0.998419475690512,-0.173917168077048,-0.125048704777931,-0.174085820013603,-0.0490371152356723
"3331","TBPL1",1.17279578938139,0.0245817565321245,0.204713187939314,0.809010563895537,0.333605172750032,0.311188443706889,0.263432507932192,-0.0477559357746973
"3332","ARPC1B",0.385143138776804,0.0846849933019212,0.315235719492386,0.998419475690512,0.182160395708652,0.193675724237079,0.145923256970813,-0.0477524672662658
"3333","ENO2",-0.305563706246438,0.658172966443492,-0.144296217398148,0.998419475690512,-0.115508997488961,-0.152810883998724,-0.105142411709659,0.0476684722890654
"3334","KLK10",-0.224439334672854,0.838190911405176,-0.475281006680996,0.906608492274627,0.144079453868137,0.104588476204297,0.152246025653184,0.0476575494488863
"3335","MESD",-0.0928758522480975,0.854729841725322,0.105621410878573,0.960462348430834,-0.0124422069069211,-0.028524758817136,0.0189357094129977,0.0474604682301338
"3336","STX8",-0.489201153164498,0.362065130125495,0.105006796682804,0.998419475690512,0.0148858773695938,0.0715508883947381,0.0241295166374699,-0.0474213717572682
"3337","KRT18",-0.497413068824255,0.250089394547135,-0.0647214131778139,0.998332351349598,0.0642633132988953,-0.00654794464786278,0.0408328271716629,0.0473807718195257
"3338","CAPN2",-0.162455734413931,0.60237461408734,-0.144357856697754,0.998419475690512,0.265595810167516,0.297502682313388,0.250147869685929,-0.0473548126274584
"3339","MITF",-0.709519617283538,0.0864234853259013,-0.157191387516809,0.998419475690512,0.136175076131051,0.14018832013837,0.0928778836916866,-0.0473104364466833
"3340","PRPS1",-0.134530116163212,0.771206027036774,-0.0459858346004112,0.998419475690512,-0.066744276065577,-0.113542430975941,-0.0664720219700083,0.0470704090059326
"3341","NECAB1",0.677796566623823,0.348788961756127,0.0547383343967363,0.998419475690512,0.174881445460594,0.206777513730354,0.159751861755691,-0.0470256519746635
"3342","NAXE",-0.853825925763802,0.033405955221878,0.426227196325922,0.998419475690512,-0.0338378637601035,0.0408924133467495,-0.00612538471192975,-0.0470177980586793
"3343","DTNBP1",0.649404662492377,0.0745404669912597,0.0621418946067825,0.998419475690512,-0.0957215087607066,-0.0844883378727452,-0.131495525291702,-0.0470071874189566
"3344","POMK",-0.116556766189946,0.818524857569262,0.285192011452107,0.857501682187315,0.00678493758764381,-0.00136373901774443,0.045541644186525,0.0469053832042694
"3345","PLBD2",-0.192591514919145,0.640054113521925,0.0645162485480055,0.998419475690512,0.147956577470483,0.123257496407449,0.17002886772137,0.0467713713139205
"3346","KRT19",0.195474875805068,0.845705462860143,-0.0152359138460535,0.998419475690512,0.217293299103539,0.248825850086844,0.202246682857251,-0.046579167229593
"3347","CNOT9",-0.488908236152431,0.174444962589367,0.278688575256225,0.998419475690512,-0.0294772840826728,0.0310471618089626,-0.0154999717932359,-0.0465471336021985
"3348","NFKBID",-0.105427981124081,0.855975171081722,0.0341311288042895,0.998419475690512,0.134831574645237,0.104951262023661,0.151402417761508,0.0464511557378465
"3349","RALA",0.07879891496214,0.848856611540986,0.361220718852225,0.791573009435334,0.0519419985835981,0.000859933995939682,0.0472558642914837,0.046395930295544
"3350","HMG20B",-0.380908616332216,0.191511613626727,0.0385266948186839,0.998419475690512,-0.0161179184340083,-0.0297200303476004,0.016659977344955,0.0463800076925554
"3351","ALDH7A1",-0.384673023516847,0.344257849328847,-0.281896284259684,0.726670319561975,0.0563819076310274,0.00841683213543934,0.0547949014738682,0.0463780693384289
"3352","RNASET2",0.0780947957286184,0.885585966612112,0.0373820294353257,0.998419475690512,0.0114032597709103,0.0454020026803343,-0.0009752450432571,-0.0463772477235914
"3353","KIN",-0.144284107494947,0.781167235968091,0.0998110779682838,0.998419475690512,0.138903674630204,0.109642111525075,0.15600718342397,0.0463650718988949
"3354","ARNT",-0.127960471666497,0.695795168369526,0.203125911763207,0.96484128332814,0.0163296633156942,0.0681768152737123,0.0219735854275778,-0.0462032298461345
"3355","UBE2A",0.164257173858265,0.555227169410534,-0.00365470928204865,0.998419475690512,0.051947480497499,0.0866887139455065,0.0407739512951392,-0.0459147626503674
"3356","CRIM1",-0.718658964999226,0.0864234853259013,0.0913232421090246,0.998419475690512,-0.191556676063729,-0.149731443179924,-0.195607460219331,-0.0458760170394072
"3357","CDC42BPB",-0.928263066776313,0.00197316997651786,0.1007320461922,0.998419475690512,0.000160207745766177,0.0131179835499727,0.0589796681337914,0.0458616845838187
"3358","STX18",-0.148095038033857,0.765562725403082,-0.0558959906014989,0.998419475690512,-0.098361260085749,-0.148984254152194,-0.103384047978347,0.0456002061738469
"3359","RGS10",0.75674107038666,0.0705897268464633,0.238901179076911,0.994739550495444,0.186502787548129,0.185273886902618,0.139746996321329,-0.0455268905812888
"3360","CLEC4A",1.34126818209467,0.0110354263309322,0.0462851818312226,0.998419475690512,0.169493927933954,0.179770851284521,0.134267860936006,-0.0455029903485158
"3361","MAP2K2",0.076137455369916,0.791977005230728,0.00911978010636095,0.998419475690512,-0.202569031730809,-0.239848990362485,-0.194391153252367,0.0454578371101182
"3362","C1orf56",0.0986122963409493,0.915746032063861,0.0925362980419522,0.762496927626031,0.0677729912767339,0.108890357407012,0.0634824732410014,-0.0454078841660103
"3363","TMEM9",-0.0130047620483308,0.987270304696774,-0.0478118968050423,0.963204148073108,0.087546007688635,0.105251283473806,0.0598966744456994,-0.045354609028107
"3364","TRPT1",-0.404740341597425,0.346218175018007,-0.155272590723324,0.856705671473268,0.166248162527536,0.109770407663385,0.155110342032061,0.0453399343686753
"3365","TMOD2",0.50405690505106,0.223796046860441,-0.178340681594983,0.998419475690512,0.171295685781118,0.158573214463114,0.203857612786828,0.0452843983237143
"3366","PKN2",0.247194959309683,0.513841504189975,0.0509635633910632,0.998419475690512,0.0638672397373274,0.0921114401997674,0.0468495792122362,-0.0452618609875313
"3367","FUT8",-0.131640008873076,0.852122342236089,-0.476475238834091,0.17670656006391,-0.0708264546570446,-0.106422366964561,-0.151609757626599,-0.0451873906620383
"3368","C1RL",0.207735830856787,0.565970458639769,0.240248505367105,0.998419475690512,-0.196878268990841,-0.24002948998798,-0.194949442825648,0.045080047162332
"3369","LMAN1",-0.758447680835246,0.00391949343703599,-0.0153158174246404,0.998419475690512,-0.229484853248132,-0.318791745213908,-0.273729373786827,0.0450623714270806
"3370","POLR2E",-0.284550953494893,0.409405726401663,0.182842376333094,0.998419475690512,-0.20250662202447,-0.155499004386763,-0.200542726719844,-0.045043722333081
"3371","PADI2",0.547642635762537,0.258243868068376,0.204322879363848,0.998419475690512,0.362333743152046,0.303237286749428,0.348222555887136,0.0449852691377082
"3372","MET",0.083565043725198,0.907299970440143,-0.00424701826345148,0.998419475690512,0.0899235479303986,0.0581020765986705,0.103029328943031,0.0449272523443607
"3373","NCR3LG1",0.080833559075106,0.878497185032422,0.0568228136804475,0.998419475690512,0.21539361531077,0.181035393182227,0.225573241773183,0.0445378485909559
"3374","MFN1",0.562424540508538,0.108630130361104,0.284732529637483,0.545588516481526,-0.0288667987344519,-0.0719990567298314,-0.116498638266803,-0.0444995815369714
"3375","UBE3A",-0.370680745621039,0.137839820490415,0.143534800672783,0.966961547562754,0.0104786331370141,0.00551998127049048,0.049912937420414,0.0443929561499235
"3376","POU2AF1",-0.475403808823575,0.543318679505612,-0.0976918274608629,0.998419475690512,0.177551215907456,0.189806860026647,0.145483541200248,-0.0443233188263996
"3377","LRP12",0.229275954896328,0.619116725555514,-0.132962163247673,0.565795148183683,-0.0385577487650048,-0.0672463047741039,-0.0229305770708605,0.0443157277032434
"3378","POLI",-0.032157578034633,0.959784463013115,0.0160564642320287,0.998419475690512,0.142239515893811,0.115367963336951,0.159601557773575,0.0442335944366243
"3379","ENPP2",1.54170322383183,0.000719889620940267,0.126946823453541,0.998419475690512,0.0364347379889751,0.0215129896536907,-0.0226870053657537,-0.0441999950194444
"3380","POLD4",0.135109023706574,0.768939597114899,0.084868341816281,0.906608492274627,-0.129206712208215,-0.15921227080585,-0.115085144893316,0.0441271259125342
"3381","CHKB",0.00205297693012055,0.997702899553841,-0.15842028983279,0.781368446819726,-0.0965337640694019,-0.0632343546934885,-0.107248595119817,-0.0440142404263281
"3382","WNK1",0.0509920552369462,0.866701644331766,-0.245929482860029,0.998419475690512,-0.0368994493081238,-0.0645045029059359,-0.0205744477180879,0.043930055187848
"3383","SPATA20",-0.837023184120757,0.00487012851995882,-0.0765681811823829,0.998419475690512,0.0797017053490282,0.0745208333440483,0.03092916259607,-0.0435916707479783
"3384","AMY2B",-0.0752931700305306,0.907956610147976,-1.20609579794341,0.0100940521362388,-0.000552125521814646,-0.0645104550544805,-0.0210007900177957,0.0435096650366847
"3385","KCTD10",-0.263614649563868,0.42696392072328,0.00986605449546877,0.998419475690512,-0.0657664894937222,-0.0937537013497707,-0.0502819297711314,0.0434717715786393
"3386","BCCIP",-0.416482251401434,0.2807560484625,0.0797685320576761,0.994739550495444,-0.0404855842131643,0.0147002700304528,-0.0286583995909023,-0.0433586696213552
"3387","POR",-0.417881619088646,0.288123047197224,0.56101746102201,0.790827704016838,0.0901431708390574,0.154001955975795,0.110665682790693,-0.0433362731851015
"3388","GAPDH",0.398618150352256,0.161483516497489,0.574182226976737,0.998419475690512,0.113802840025931,0.110230941508783,0.0670297997758327,-0.0432011417329505
"3389","NTMT1",-0.290602678692106,0.50065677381206,0.0375248501956799,0.998419475690512,-0.145299537927557,-0.166624618218534,-0.12345017474842,0.0431744434701145
"3390","IK",-0.130079220432374,0.581501588836306,-0.0857533538066475,0.998419475690512,0.110835968900123,0.0691530412333021,0.112258445845648,0.0431054046123463
"3391","GGH",-0.182841710851873,0.837495534486044,0.205338891132987,0.998419475690512,0.0110207338014836,-0.00332140617925691,0.03977324223024,0.0430946484094969
"3392","FAM50A",0.0436630360460681,0.922132710230817,0.0430618974147805,0.998419475690512,-0.186815232322493,-0.214932792459263,-0.17186865354341,0.0430641389158527
"3393","GCNT2",0.149893778162172,0.829944323760358,-0.0532311773394073,0.998419475690512,-0.224919728385632,-0.250607743882677,-0.207553614102684,0.043054129779993
"3394","SEPTIN1",0.868431951896944,0.0705274876962023,0.0272068189075147,0.998419475690512,0.120500032665535,0.148977494455088,0.105929666977569,-0.0430478274775197
"3395","MAP2K6",1.87160736919407,1.19265388387441e-05,-0.00945487114900377,0.998419475690512,-0.122267665742264,-0.0727812855110507,-0.115724890387706,-0.0429436048766554
"3396","CSNK2A1",-0.483166918472601,0.0108481382751457,0.353350582047468,0.593517962616812,-0.188610765079019,-0.103863588496439,-0.0609650835052727,0.0428985049911661
"3397","ODC1",0.356402630871065,0.379256325704343,-0.0507699610399542,0.998419475690512,0.00822047496416438,-0.0186730888947369,0.0240526487652356,0.0427257376599725
"3398","DLG3",-0.414976973777271,0.525815212813915,-0.0384414504553919,0.998419475690512,0.0125280433358897,-0.0370481399243419,0.00559289704671473,0.0426410369710566
"3399","CHCHD10",-1.19653884572571,0.0355866982251603,-0.0565841562548616,0.998419475690512,0.431505834762121,0.458655717620511,0.416016915282884,-0.0426388023376268
"3400","TNFSF8",-0.646547005023599,0.23470888516683,0.114668678769455,0.963204148073108,-0.115879877609139,-0.134887575604009,-0.0922583044922479,0.0426292711117616
"3401","VAMP4",-0.114818187212175,0.820408360664606,0.0130138509508555,0.998419475690512,0.131991244827587,0.107844574659762,0.15040722988959,0.0425626552298279
"3402","CSK",0.408911483989248,0.113565118506523,0.286739785512493,0.998419475690512,0.104715060432491,0.053324577161419,0.0958119962693018,0.0424874191078828
"3403","THAP2",0.638582660374378,0.302280401022115,0.0391139258612523,0.998419475690512,0.236536856507988,0.251946890995968,0.209468562072642,-0.0424783289233257
"3404","GCSH",-0.717652441737487,0.155164475200031,-0.167998402703811,0.783305794909646,0.105138488810536,0.0713855050591179,0.0290946131986949,-0.042290891860423
"3405","S100A13",-0.744172553690525,0.196124827676732,0.041733822797203,0.998419475690512,0.0926065530514084,0.157023957443378,0.114786933202867,-0.0422370242405108
"3406","KIAA0319L",0.46841580903748,0.0940387884733133,0.0167343785920275,0.998419475690512,-0.0518885952972272,-0.0319226951646465,-0.0740683696507901,-0.0421456744861437
"3407","PSME1",0.778870055904537,0.00340731214212892,0.175105306813077,0.998419475690512,0.0944615856823453,0.0643225131598494,0.0222225543611184,-0.042099958798731
"3408","TBL2",0.120333788197589,0.784609199914267,0.21020227870698,0.669979472363983,0.119357651155167,0.18455188765087,0.142497710288686,-0.0420541773621838
"3409","PAPOLG",0.152492934268522,0.713220101356746,0.0665580102566603,0.998419475690512,-0.0414518870137414,-0.0151933882012628,-0.0570702880161803,-0.0418768998149176
"3410","LST1",0.216427642645292,0.70748042250228,-0.0391912196612377,0.998419475690512,-0.280472146631464,-0.251884772988522,-0.293671690272112,-0.0417869172835907
"3411","NELL2",-1.04677277729991,0.184061756487907,-0.0110212053576428,0.998419475690512,-0.0614444947402879,-0.0996211895031784,-0.0578828697862163,0.0417383197169621
"3412","PSTPIP1",-0.0162426758637224,0.98200486062742,0.342375359679509,0.773746887382184,0.00514303492886251,0.0288676081685356,-0.0127876305698088,-0.0416552387383445
"3413","LAD1",-0.548829965971715,0.3563643878368,-0.0113093153427776,0.998419475690512,-0.0271906231396084,-0.0641990937000042,-0.0225507221425414,0.0416483715574628
"3414","MAST4",-0.342974323057069,0.551384955941424,0.0144674839525656,0.998419475690512,-0.21439397463866,-0.243072728404207,-0.201474981787153,0.0415977466170536
"3415","SATB1",0.159117491983022,0.698368112291017,0.00897518709754822,0.998419475690512,0.028924793595771,0.00409893472952879,0.0454803172894233,0.0413813825598945
"3416","HSCB",-0.00634326921396247,0.996248953157761,0.0633727394233544,0.998419475690512,0.0247885609569259,0.0532807364841219,0.0119071772761112,-0.0413735592080107
"3417","FN1",-1.90447339191415,8.52892750404732e-05,0.478532750629088,0.791573009435334,-0.16602445957827,-0.035451320219104,-0.0767340073342131,-0.041282687115109
"3418","HCK",0.484024453996161,0.102688315844657,0.0540940593384448,0.998419475690512,0.186261387298248,0.164132893470528,0.205300664850564,0.0411677713800363
"3419","DUT",-0.107230679635777,0.889459332349685,0.210900470253755,0.998419475690512,-0.026407433656595,-0.0355725580955197,0.00556249795740206,0.0411350560529218
"3420","PPM1F",0.00118529576941025,0.99895072914851,0.387512325907274,0.998419475690512,0.0396286757393517,0.0741946906746117,0.0330798473051787,-0.041114843369433
"3421","RAN",-0.0878563023212939,0.843291905881604,0.327612528228436,0.998419475690512,-0.155501269605341,-0.183294727680518,-0.142223531347627,0.0410711963328909
"3422","IDO1",3.18379698325733,7.52253217082972e-06,0.944213818205641,0.0318186844851032,0.61209452252577,0.472312067551704,0.513334933919911,0.0410228663682065
"3423","AP1AR",-0.00446153506017233,0.995098591651938,0.255558848437643,0.998419475690512,0.0684863615429484,0.0952511244159324,0.0542322665889845,-0.0410188578269479
"3424","ARPC2",0.144533925207667,0.638218277608929,0.254360389830264,0.967173265821445,-0.0347168118954673,-0.0259126952956764,-0.0668638555434498,-0.0409511602477733
"3425","RPS6KA3",0.178766339908468,0.55892371398671,-0.020704971263148,0.998419475690512,0.20119063191175,0.230310852948515,0.189493196169894,-0.0408176567786208
"3426","STAMBP",-0.124466249292493,0.80101469765479,-0.111124151511251,0.998419475690512,0.0166901455711598,-0.0164650130058088,0.0243067465410957,0.0407717595469045
"3427","RGS1",0.316442520032735,0.645823774546806,0.0549972020116994,0.998419475690512,0.283680418744661,0.235923045437585,0.276688438377144,0.0407653929395587
"3428","RAB22A",0.0606114022699174,0.857814506875711,0.125520514985928,0.936867356766746,0.10399348617511,0.137142818490004,0.096439534542379,-0.0407032839476247
"3429","SEPTIN11",-1.06918996225255,0.000243261632616608,0.170030496395577,0.998419475690512,-0.0784888412215241,0.0145427090646203,0.0551211078751973,0.040578398810577
"3430","FSTL3",0.0803764687515827,0.920642426328177,0.16242439019172,0.998419475690512,0.00238682837281192,-0.0191401668865052,0.0214208833867552,0.0405610502732604
"3431","PANK3",0.10227397283273,0.807671075435278,-0.0160306603695919,0.998419475690512,0.202663944201351,0.233131586390638,0.192571143639398,-0.0405604427512403
"3432","HSP90AA1",-0.0790959624142531,0.884306082097767,0.499566334043702,0.994739550495444,-0.167173700489086,-0.180700527537355,-0.140250840749599,0.0404496867877552
"3433","CD300C",0.0366265565656742,0.952064177763395,0.215699381441055,0.174695713956612,-0.116555158628457,-0.118972534819351,-0.159393565668428,-0.0404210308490768
"3434","SPRED1",-0.658549382167793,0.163725358335703,0.024167018690148,0.998419475690512,-0.241079955195574,-0.277624256827215,-0.237411711921552,0.040212544905663
"3435","HNRNPA0",-0.173609943961669,0.616329103392205,0.203098663610759,0.998419475690512,0.0840459746599141,0.0685729408710775,0.108676434901728,0.0401034940306503
"3436","SFN",-0.553747543351141,0.37360975516395,0.209341796025388,0.998419475690512,0.226875700415343,0.225348985621325,0.265299117522628,0.0399501319013034
"3437","ATG7",-0.0644603943301314,0.915039192255404,0.0178790603240192,0.998419475690512,0.214130340069262,0.247133535831054,0.207328958433362,-0.0398045773976921
"3438","PMPCA",-0.172883470359982,0.632641066541072,0.0688825899149373,0.998419475690512,0.24413946347727,0.284978131246669,0.245369854708968,-0.0396082765377013
"3439","SEMA3C",-1.12382734946601,4.7863948693533e-05,0.0510962147910645,0.998419475690512,-0.0301126461159244,-0.0147662697901863,0.0248134543770873,0.0395797241672735
"3440","CACYBP",-0.0581777244099884,0.901386711621186,0.104661134137885,0.998419475690512,-0.289661752466349,-0.308598264889059,-0.269049308460541,0.0395489564285182
"3441","THTPA",-0.455295048591765,0.398413152461288,-0.166639183634325,0.825133630464793,-0.0743103020297607,-0.067215583156179,-0.10674624315708,-0.0395306600009011
"3442","PPP1CC",0.0865981007779265,0.809040927962812,0.322018125256994,0.998419475690512,-0.134821480670916,-0.111410489085074,-0.150816355337688,-0.0394058662526138
"3443","GMEB2",0.269057628863436,0.23713584692092,0.175432664633573,0.998419475690512,0.0514043099327547,0.0694111109494666,0.0300759032494137,-0.0393352077000529
"3444","SMAD4",0.0312161002548929,0.942105476904813,-0.0321608545461728,0.998419475690512,0.0926912411145289,0.126408455246154,0.0870983771521713,-0.0393100780939827
"3445","PTGDS",0.673346608561449,0.508593983722117,0.466486423895587,0.33638801102274,-0.15307680874297,-0.11703121782298,-0.156328958835303,-0.0392977410123225
"3446","CSGALNACT2",0.409826964127184,0.261090259724436,0.0436616381865102,0.998419475690512,-0.110098008983728,-0.161196534023475,-0.121972111122418,0.0392244229010572
"3447","ASGR1",-0.383120361187204,0.453511914549567,0.0450292783146341,0.998419475690512,0.0682901017716884,0.109627076183451,0.070485910901983,-0.0391411652814679
"3448","GAB1",-0.491554818271404,0.23062580665768,-0.0777681980828023,0.998419475690512,0.0719555940765747,0.0713444574852234,0.032560905394,-0.0387835520912234
"3449","CHD1L",-0.367753547944563,0.420674614569072,-0.000462660907436139,0.998805706404385,-0.00325793164460825,-0.0117443199151113,0.0270123992367335,0.0387567191518447
"3450","DNAJB6",0.240852189870331,0.377094748039572,-0.0772414128745647,0.998419475690512,0.047593800888517,0.0725700707212788,0.0339473754705491,-0.0386226952507297
"3451","ERMN",0.377080040220071,0.607346428336605,0.0793778980403059,0.998419475690512,0.045538584764656,0.0621983502957626,0.0235812633872615,-0.0386170869085011
"3452","CENPV",-1.13821180164407,0.0446850416069111,0.0589102217924828,0.998419475690512,-0.109460705391522,-0.122714209581034,-0.0841126172486091,0.0386015923324246
"3453","SPCS1",-0.230649629473896,0.489069544877037,0.0539865650351741,0.998419475690512,0.0422940773250174,0.0257540326750166,0.0643294079133675,0.0385753752383509
"3454","BTNL9",-0.425899664543829,0.563355517195548,-0.0372844810307518,0.998419475690512,0.0488155251428117,0.0461298778674301,0.00767214595303689,-0.0384577319143932
"3455","RBBP4",-0.234390326706065,0.494686740495251,0.793894395907225,0.305744440858904,-0.0420565953894869,-0.0223837687362138,0.0160490264458461,0.0384327951820599
"3456","CD99L2",-0.437589166381525,0.180080854604851,-0.0733811412261627,0.998419475690512,0.0840818048560154,0.0167853592646164,0.0552016292176856,0.0384162699530692
"3457","NRP1",-0.947415223085888,0.00467312546038447,0.118381726884507,0.998419475690512,0.155580815477171,0.160460250134291,0.198769729952882,0.0383094798185903
"3458","RYK",-0.257688060296708,0.401506120984726,-0.018349520150025,0.998419475690512,0.0035604535199706,0.0299285439087122,-0.00832709276207401,-0.0382556366707862
"3459","CUL3",0.0595029279747123,0.866701644331766,0.108850457181051,0.998419475690512,-0.0322380605264805,-0.0605979028116899,-0.0223541787535765,0.0382437240581135
"3460","SPOP",0.091550255167447,0.795525626621185,0.157620440601985,0.807426035836432,0.0650042113836734,0.0980170480701132,0.0598233753598383,-0.0381936727102749
"3461","PRSS27",0.335869045161639,0.646123881131347,0.0156648233876392,0.998419475690512,0.286109923453849,0.317049880961613,0.27899581837354,-0.0380540625880732
"3462","ABL1",-0.115151673352002,0.816201719310708,0.0607286217275578,0.998419475690512,-0.0116343606505993,-0.0336975905079792,0.00433522888465213,0.0380328193926314
"3463","CDH1",-0.760614738488881,0.134328743263577,-0.0778732455987767,0.998419475690512,0.131864770578697,0.144067816452736,0.1061693534237,-0.0378984630290363
"3464","TTPAL",-0.288083331188717,0.391550088415323,-0.204661254238747,0.998419475690512,0.0949283411451497,0.103384468572079,0.0656410537535617,-0.037743414818517
"3465","RPS27A",-0.0725427793687676,0.879968877877839,0.298532085863153,0.998419475690512,0.15636593627398,0.155465010970321,0.193204057513511,0.0377390465431899
"3466","SPAG7",0.0403985763450378,0.932967830834707,0.0145201453921573,0.998419475690512,0.00302528588411814,-0.0173697509666496,0.0202198449779938,0.0375895959446434
"3467","SYF2",0.286592550364729,0.265924797705887,0.0470914829384505,0.998419475690512,-0.0504699987306,-0.0401515384943475,-0.0777410689441306,-0.0375895304497831
"3468","ITPKC",-0.0494512641501474,0.931551931687744,0.000128814034920005,0.998805706404385,0.136110298075915,0.10940668388965,0.146894519164686,0.0374878352750355
"3469","CCDC43",-0.204663274458624,0.690130295875635,-0.0164243082448441,0.998419475690512,0.124052467235465,0.0960816909947009,0.13351577074227,0.0374340797475694
"3470","RPS6KA1",-0.111368444954211,0.753139134531557,-0.0669932502419512,0.998419475690512,-0.22473528170933,-0.257731658859428,-0.220322164519287,0.0374094943401405
"3471","SRSF6",-0.228099494181305,0.408930817123507,-0.0166130546040778,0.998419475690512,-0.0832349230474086,-0.0482142749662526,-0.0855078514524523,-0.0372935764861997
"3472","ERLEC1",0.10253787144506,0.799793697604377,0.189482942230401,0.813379694366864,-0.187121801480055,-0.212321220166098,-0.175120985008159,0.0372002351579391
"3473","CD2",1.17214806263246,0.0528813638262656,0.118900581359643,0.998419475690512,0.0353691263051215,0.0398058946237424,0.00269820643366687,-0.0371076881900756
"3474","ARPP19",0.116402207916382,0.756558918919109,-0.056414421172402,0.998419475690512,0.136367463439928,0.111994645753466,0.149073095273758,0.037078449520292
"3475","PLEKHF2",0.519833392391904,0.104732314103792,-0.214747927616791,0.998419475690512,0.140071059409339,0.19794448941069,0.160874283378493,-0.0370702060321973
"3476","PLG",0.0336384764367988,0.978222752173521,0.0486121914659466,0.998419475690512,-0.13250498495608,-0.107235479255905,-0.144270496980695,-0.0370350177247906
"3477","MAFG",0.0321780702820985,0.952650742592945,0.0794203954231808,0.998419475690512,-0.302504852669395,-0.277728844889239,-0.314587966221979,-0.0368591213327399
"3478","PSD",0.394315455336657,0.495554778036181,-0.121381102267575,0.998419475690512,0.0809205827088077,0.128313988626384,0.0914818669279831,-0.0368321216984008
"3479","CAPNS1",-0.0737412792578301,0.863627460212988,0.241330865678788,0.998419475690512,0.0935733257213219,0.119725795781013,0.0829017545638176,-0.0368240412171955
"3480","PRPF19",-0.236203104568666,0.564632860861435,0.352962553111987,0.907520138716496,-0.178472618037155,-0.131982132316985,-0.168627476907441,-0.0366453445904563
"3481","VTI1A",-0.0529930812375245,0.899570381194351,0.16738949143206,0.861410095495095,0.0194185790095426,0.071010501873431,0.0344302909852432,-0.0365802108881878
"3482","CBX5",-0.269223601948049,0.313778860126857,0.0669534665110283,0.998419475690512,-0.00623043333652765,0.0315252237244133,-0.00489712341634429,-0.0364223471407575
"3483","STK17B",0.134035284084554,0.794020967585157,0.0536388850646901,0.998419475690512,0.0726914040086392,0.0886513720941598,0.0523977895104684,-0.0362535825836914
"3484","POU2F1",0.0793966875130697,0.830916686920973,-0.0468258695608381,0.998419475690512,0.158217686786473,0.140184814127956,0.176393014282839,0.0362082001548829
"3485","TRIAP1",-0.151646982883887,0.842194959296012,-0.020005821548352,0.998419475690512,-0.00114563741957713,-0.0280740145075364,0.00811869401662237,0.0361927085241588
"3486","INSL6",0.744714112688087,0.330710785341451,0.00704546386640678,0.998419475690512,-0.0883799096481864,-0.0665348696620366,-0.102647590731958,-0.0361127210699213
"3487","PELI2",0.115254692218799,0.806678224203261,0.0158019939057945,0.998419475690512,0.111337637020902,0.141109409934776,0.105021808794608,-0.0360876011401679
"3488","LILRB2",0.752703413258823,0.0118867606110266,0.320034573023683,0.51320453581853,0.246468052545409,0.155378729349469,0.191409992343956,0.0360312629944865
"3489","OSBPL11",-0.0600036439899582,0.884452238738549,0.169892149969607,0.922019559814175,-0.143457502593276,-0.155411932746032,-0.119439282828605,0.0359726499174272
"3490","PDIA5",-0.558749928504653,0.314815691290074,0.370918027604469,0.791573009435334,0.143379753587134,0.168236701088269,0.204201185071454,0.0359644839831847
"3491","MCF2L",-0.966180663262681,0.183338467287228,-0.631280300094316,0.0100940521362388,0.19899848648357,0.0888186084153966,0.12473531776676,0.0359167093513633
"3492","MIF",0.086503238016419,0.898581641001201,0.0990341285080573,0.998419475690512,-0.161260243783785,-0.176778921899981,-0.140867624966329,0.0359112969336518
"3493","MSRA",0.149321568752823,0.78586068121074,-0.0182296309197462,0.998419475690512,-0.207874805108271,-0.186652825800207,-0.222485893204019,-0.0358330674038117
"3494","FASN",-0.0706797286601086,0.946544209981764,0.406095980759047,0.744542530843383,-0.20903259338775,-0.176590451523923,-0.212370013992958,-0.0357795624690357
"3495","STAT6",-0.0770929592711539,0.814518480141607,-0.155961260613137,0.998419475690512,-0.0970299120901492,-0.0751628422065643,-0.110927933526202,-0.0357650913196379
"3496","PMM2",-0.843917221114404,0.0556656950077051,0.454077253051385,0.966961547562754,-0.0801843960361895,-0.000515640952692844,-0.0359833372150389,-0.0354676962623461
"3497","MMADHC",0.56169561784063,0.0535527076200811,0.0784437868929243,0.706643596368122,0.170764923606159,0.0977059149168619,0.133167583381992,0.0354616684651297
"3498","MYL6",0.0820614212011198,0.821066515911489,-0.0480956644175905,0.998419475690512,-0.0864617878850047,-0.109043599043475,-0.0736069150833719,0.0354366839601029
"3499","DDX23",0.113071141974962,0.737075457535478,-0.00243742824459228,0.998419475690512,0.10522091518829,0.133996535906847,0.0985885161146319,-0.035408019792215
"3500","CNDP2",0.00547030589886067,0.993925348845436,0.0239519799115167,0.998419475690512,0.183161915715755,0.202995263352083,0.167593698698696,-0.035401564653387
"3501","RPS14",-0.0286554496955728,0.955674022504957,0.158127531083712,0.998419475690512,-0.0440940514125254,-0.063252334593685,-0.0279581073617789,0.0352942272319061
"3502","TG",-0.298869971529007,0.624054421222091,0.00112422393833964,0.998419475690512,0.126120818335671,0.103008290103114,0.13815803634841,0.0351497462452969
"3503","CXCL6",0.056661845497689,0.956506932519683,-1.20598519191931,0.166270264751264,0.201619042576432,0.170559150040617,0.205566631876287,0.0350074818356703
"3504","EMC10",-0.281240225468348,0.457330098725292,-0.0524041102067998,0.998419475690512,0.0535932938860721,0.0319570172808182,-0.00296071133759454,-0.0349177286184127
"3505","TOPBP1",-0.0446957704028463,0.92864261502486,-0.0415347769949098,0.998419475690512,0.169379784846874,0.192241859880205,0.157382124901871,-0.0348597349783341
"3506","OSBP",0.146386856014759,0.636893970591187,-0.0392340679806927,0.998419475690512,-0.0409071472655671,-0.064832379140207,-0.0299896955488929,0.0348426835913141
"3507","TANK",0.535756668334396,0.121248292349295,-0.0302128900240678,0.998419475690512,0.0918176112307951,0.101022438510563,0.0662158601739323,-0.0348065783366305
"3508","ADI1",-0.190583524412467,0.65257166703712,-0.107498153399161,0.998419475690512,0.1770247354358,0.181226865822733,0.14643732423169,-0.0347895415910431
"3509","PDGFB",0.368103986101604,0.539421203882117,0.0105312835983923,0.998419475690512,-0.0353815744422377,-0.0113026822081963,-0.0460500598469849,-0.0347473776387886
"3510","C1QTNF1",-0.179901641398065,0.848856611540986,0.252583692017445,0.998419475690512,-0.178610964811552,-0.1761827583922,-0.141438618908633,0.0347441394835665
"3511","LILRA5",0.971579514278339,0.00781457929171006,0.563291047420025,0.101014253771789,0.52208198638883,0.473216906956398,0.438495700436206,-0.0347212065201921
"3512","MST1",-0.462774441528479,0.571935646101152,0.112228385717074,0.998419475690512,-0.10610157927944,-0.0764329226420509,-0.111153977393239,-0.0347210547511881
"3513","ERO1A",0.353168069824395,0.145214916571584,0.272946653745322,0.715823515377884,-0.249093506621139,-0.298225226018885,-0.2635521336625,0.0346730923563853
"3514","SRM",-0.47106816923179,0.126229868762016,0.112476816338653,0.994739550495444,0.0487505766186282,0.0865066838404937,0.121133161675279,0.0346264778347855
"3515","DYNC1LI1",0.335973392312011,0.107641068637982,-0.155546945525895,0.998419475690512,-0.200315682060181,-0.217087948822041,-0.182478695905009,0.0346092529170324
"3516","CDKN2B",0.130213480412821,0.829110373694309,0.0441849893263731,0.998419475690512,0.0867864381078658,0.066886209027178,0.101426584546425,0.0345403755192466
"3517","FRG1",0.0463960713854856,0.918472880751097,-0.06957115639781,0.998419475690512,0.128297481486994,0.150780194742906,0.116414265732302,-0.0343659290106043
"3518","ITPK1",0.345330832838417,0.191776039236401,0.232817328892741,0.998419475690512,-0.0736253651307715,-0.143791338963712,-0.109507754427367,0.0342835845363448
"3519","PDHX",-0.187343949658914,0.617406297037981,0.0714288584637998,0.998419475690512,-0.0217170092073969,0.0134173392944812,-0.0207625454790932,-0.0341798847735743
"3520","TMX3",0.202327834867636,0.608297322918985,0.495992470768588,0.627934199809189,0.0393852008186003,0.0598972565453724,0.0259853609943473,-0.033911895551025
"3521","SARS1",-0.0928267578010499,0.808852049295599,0.00292900879004378,0.998419475690512,-0.109769322550148,-0.128680547861097,-0.0948227488637319,0.0338577989973651
"3522","GSTP1",-0.63185723887861,0.19805128622601,-0.0189256012229032,0.998419475690512,0.235262938977589,0.282125084646102,0.248349012633282,-0.0337760720128201
"3523","TP53I13",-0.389640722874317,0.399401348126119,-0.440258632637766,0.299619307041067,0.360911039692889,0.33007176763836,0.296332289156051,-0.0337394784823086
"3524","SRPK2",-0.100067962294182,0.789447749903492,0.115671189639533,0.998419475690512,0.192907704827648,0.190596132222504,0.224105668529542,0.0335095363070375
"3525","MAGOH",0.153632295606762,0.698368112291017,0.311994250874506,0.998419475690512,-0.0388931960709639,-0.0386490549533705,-0.0720572786053099,-0.0334082236519394
"3526","TTC1",0.35216811647154,0.319436505071608,0.226348352975865,0.998419475690512,0.104375678872613,0.112279344088819,0.0789776889502427,-0.0333016551385766
"3527","USP22",0.00639921920451477,0.991829702190906,-0.0643581646004708,0.998419475690512,-0.0512898356743217,-0.0442337306439274,-0.0774242269936407,-0.0331904963497133
"3528","TCEA1",-0.0938561759780141,0.759971921568511,-0.104475916386718,0.998419475690512,-0.0553984858938704,-0.0297462273808211,-0.0628626375693548,-0.0331164101885337
"3529","MYCBP",0.729608321567903,0.0844718691294075,-0.0242120308009317,0.998419475690512,-0.00680392629653103,-0.0357546691717216,-0.00265795411663091,0.0330967150550907
"3530","APAF1",0.248604243844746,0.458755898878593,0.160882853137971,0.998419475690512,0.0844951924684343,0.0810705416279418,0.0480903474331713,-0.0329801941947704
"3531","THAP4",-0.327801963885225,0.408363533175969,0.0937238776759438,0.998419475690512,0.246635808891486,0.298700731162248,0.265742109694665,-0.0329586214675833
"3532","NDUFB4",0.223388938388801,0.720243505331259,-0.0555034703293343,0.998419475690512,0.0312218942358415,0.0641255523787209,0.0313175983584032,-0.0328079540203177
"3533","CRELD1",-0.636380149511826,0.164268420256823,-0.0953275816349264,0.998419475690512,0.0640906059788773,-0.0115374034252899,0.0212049846661348,0.0327423880914247
"3534","UBE2I",0.0969016004422264,0.81138954269221,0.402284371997209,0.994739550495444,-0.0709512095872881,-0.0655132492863968,-0.0981434951670489,-0.0326302458806521
"3535","SIRT1",0.350577536107068,0.257033832563374,0.249144131520975,0.791573009435334,-0.131014670839713,-0.157502566868011,-0.190034876058207,-0.0325323091901956
"3536","THOP1",-0.0147686967083404,0.985814658764328,-0.127994566594474,0.959884248785943,0.0675366139859709,0.0442788248590815,0.0766321504384383,0.0323533255793568
"3537","MEF2C",-0.597824785095395,0.274917620411102,-0.0153560112747019,0.998419475690512,0.0562449538824864,0.0357973968194122,0.0679629797791738,0.0321655829597616
"3538","HID1",-0.654983286053075,0.320858063230495,0.0265011530445271,0.998419475690512,0.0979730405633653,0.135307961499649,0.103448405169908,-0.0318595563297408
"3539","PUS1",-0.366549979151554,0.455243264982964,-0.0312099725490232,0.998419475690512,0.110801781171081,0.123081966807332,0.0912577728308692,-0.0318241939764626
"3540","PPIE",-0.416762305156668,0.342410973816605,-0.0429984113357645,0.998419475690512,0.0966883993741297,0.116711717861526,0.0851198699324481,-0.0315918479290782
"3541","DEFB4A",0.92666393077104,0.40894755613854,1.23705118366395,0.137377995131337,0.315242812235031,0.318034158107545,0.286449334637553,-0.0315848234699919
"3542","ELMO2",0.444919480828055,0.12825432508371,0.396564527497518,0.994739550495444,0.0672626610190358,0.0418722663948502,0.0103407067770715,-0.0315315596177787
"3543","ESD",0.2114174991078,0.738460042246565,0.00150237178689764,0.998419475690512,-0.105514840518603,-0.127440033108353,-0.0960665567583199,0.031373476350033
"3544","AGR2",0.408981256058137,0.621018849196986,-0.201770834646263,0.951348538431534,0.36421632642829,0.395352782346708,0.364046411636075,-0.0313063707106334
"3545","XRCC1",-0.164189209321626,0.716697405345396,-0.0620899663686004,0.998419475690512,0.0111346004082862,-0.0305570611149227,0.000707589975796647,0.0312646510907193
"3546","SAMD12",-0.710440471963673,0.246223113351952,-0.0658944137540002,0.998419475690512,0.177656325457217,0.144423281528038,0.175680136743748,0.0312568552157104
"3547","EEF2KMT",-0.458593154978325,0.335464617487694,0.124384539707204,0.998419475690512,0.0831911998366633,0.1082415960868,0.139447178875824,0.0312055827890245
"3548","PDCD1",0.535534055423213,0.361673129750862,-0.0437574268133451,0.998419475690512,-0.0228406185489473,0.00414032173154405,-0.0270457187988069,-0.031186040530351
"3549","RNPEP",-0.356026474505243,0.213323917730892,-0.437927275438558,0.653378640851363,0.089837046859973,0.0678121500961469,0.036670561041612,-0.0311415890545349
"3550","ATAD2",-0.466324172404152,0.359167534601918,-0.017184067051152,0.998419475690512,0.0984634980970605,0.0691410508581765,0.100258509664224,0.0311174588060473
"3551","BEX4",-0.182589574666728,0.78755298854586,0.0207367616414706,0.998419475690512,-0.0829424693855799,-0.103816435794166,-0.072787573238289,0.0310288625558766
"3552","CLU",0.530720701959882,0.324103147704033,0.0669793117293851,0.998419475690512,0.123701512018534,0.145165991714019,0.114297305592617,-0.0308686861214016
"3553","GGA3",-0.0129449211918407,0.978621482943083,-0.157351936718481,0.998419475690512,-0.0971746493298343,-0.119423644988441,-0.0885621570383837,0.0308614879500575
"3554","PSMD9",0.00967221064345608,0.982660790220411,-0.00321853991655421,0.998419475690512,-0.0324424293798915,-0.0111944818572882,-0.0419062578816292,-0.030711776024341
"3555","GNGT2",-0.0978405927000313,0.918472880751097,-0.0795938512621527,0.998419475690512,-0.0680520892060965,-0.0541320777670878,-0.084687206136595,-0.0305551283695072
"3556","UTP6",-0.0538663486308528,0.884224918386363,0.0237149677276133,0.998419475690512,0.153047440858709,0.131927848702477,0.162475119583272,0.0305472708807954
"3557","RBKS",0.362491676296525,0.577289599252973,-0.0625918193013138,0.998419475690512,-0.0780190628245506,-0.0468480387865273,-0.0773133448234698,-0.0304653060369426
"3558","DHRS3",-0.637453583130639,0.136946080405318,-0.0530431953433863,0.998419475690512,0.185691323526338,0.127334518603936,0.157698121762571,0.0303636031586345
"3559","UPK3BL1",-0.174966890545481,0.838190911405176,0.0126017421692187,0.998419475690512,-0.0547511838979157,-0.0348807808212774,-0.0651378744985748,-0.0302570936772974
"3560","S100A16",0.0824484709008122,0.936919047296288,-0.05304248069336,0.998419475690512,0.123664913362989,0.143572169432554,0.113369438865149,-0.0302027305674048
"3561","NFKBIB",0.373001791291867,0.211307469779046,-0.00841197765366684,0.998419475690512,0.0697872037471807,0.0712290913445169,0.101366202227133,0.0301371108826159
"3562","CLTC",0.0902913301914771,0.790392227499735,0.390246366991517,0.575191615705548,-0.099210164038431,-0.103882832374823,-0.133962505365313,-0.0300796729904902
"3563","CEACAM21",-0.15280255879947,0.825180337968732,0.0992089746824076,0.998419475690512,-0.0697615130179678,-0.0920367295513282,-0.0621424534653453,0.0298942760859828
"3564","IDH1",-0.290530115887459,0.417911331012854,0.552197344614736,0.994739550495444,-0.112024405931797,-0.0677532222154417,-0.097569301184716,-0.0298160789692743
"3565","NCKIPSD",-0.662961108627369,0.154741743195429,0.082502689460063,0.998419475690512,-0.14292232748529,-0.121335848175166,-0.0915451766764337,0.029790671498732
"3566","ZRANB1",-0.0960476827579413,0.807315676607585,0.0990174048295893,0.998419475690512,-0.0506026922188291,-0.0661630846924106,-0.0365252604248777,0.0296378242675329
"3567","BAG5",-0.257112082853112,0.408878326682881,0.0891772125888171,0.998419475690512,-0.223835733676721,-0.227319733275693,-0.197692509605553,0.0296272236701402
"3568","DYNLT1",0.859488137963434,0.00448131878175226,-0.00746124171097138,0.998419475690512,-0.133842274169417,-0.155582339486769,-0.126023034233096,0.0295593052536728
"3569","ARL11",-0.227443447349763,0.729137278611687,0.108589917919953,0.998419475690512,-0.180793301539613,-0.155776778533699,-0.185300313500532,-0.0295235349668333
"3570","SURF1",0.131568142219288,0.823563389457186,0.171749287107606,0.998419475690512,-0.158195434583135,-0.179291675126296,-0.149869579548394,0.0294220955779022
"3571","POLR3K",-0.0938813250788013,0.897127782640969,0.0411388869151577,0.998419475690512,0.278689339632216,0.298694533340817,0.269303146188857,-0.0293913871519592
"3572","GCH1",1.68359598622872,2.35838117520696e-05,1.42849294052305,1.3365674787303e-05,0.641176404170736,0.476345828688695,0.50566953558806,0.029323706899365
"3573","TPD52L1",-0.268454931179413,0.739303845193892,-0.0684387992556742,0.998419475690512,0.216967124796913,0.177213326621082,0.206305187204839,0.0290918605837562
"3574","MYO6",-0.868880150039933,0.0112812593011512,-0.181237480577627,0.998419475690512,0.0444742372816838,0.0677876095190531,0.0387636514579581,-0.029023958061095
"3575","YES1",-0.310856886398252,0.488470648632697,0.153157746845669,0.844219646885179,-0.159003121358534,-0.148316864599369,-0.119396350125472,0.028920514473897
"3576","DERL1",0.170206859726025,0.735454620940974,-0.127622900688996,0.998419475690512,0.000917377232879162,-0.014981579416448,0.0138378120124678,0.0288193914289158
"3577","SPG21",-0.0639959765159998,0.8275902342567,0.127697375039697,0.998419475690512,0.0922091823214552,0.119225064525676,0.0904064217002261,-0.0288186428254501
"3578","PPM1B",0.112326324984395,0.726373136607952,0.23143567920558,0.994739550495444,0.186427470288165,0.201853593021696,0.173059056880173,-0.028794536141523
"3579","NAP1L4",-0.264159613352128,0.368573211633071,0.107112680265507,0.998419475690512,-0.0118974839219014,0.0156334292633178,-0.0130734912239648,-0.0287069204872826
"3580","HAAO",-0.251529583511851,0.640743446701714,0.135986691932166,0.998419475690512,-0.0200460280658204,-0.0256504157481881,0.00301106285597054,0.0286614786041586
"3581","LTBR",-0.10486466426641,0.732929154906165,0.191693801463194,0.844219646885179,-0.0176361247206869,-0.0304447703850951,-0.00186657324129016,0.028578197143805
"3582","HSF1",-0.203956835379621,0.365635429222873,-0.00774085515138236,0.998419475690512,-0.00991255706592683,-0.0289621662536045,-0.000457563736634136,0.0285046025169703
"3583","ASPA",0.0992827874598608,0.878614403463724,-0.0470747329420657,0.998419475690512,0.121966055215395,0.102520039248956,0.131019117179701,0.0284990779307453
"3584","SIGLEC15",0.662020544933069,0.165366453951214,0.0126092170468933,0.998419475690512,0.162481517736643,0.150673448645191,0.179172178684721,0.0284987300395305
"3585","CFLAR",0.578642813031472,0.0446475515815419,0.1359418999865,0.998419475690512,-0.0339779572507916,-0.0497926332573772,-0.0781819955472757,-0.0283893622898985
"3586","SUSD1",-0.0108873027717202,0.982781998374077,-0.0749395717635563,0.998231594656268,0.0641746770415268,0.0468523003652614,0.0752168162200753,0.0283645158548138
"3587","GLTP",-0.428694091525867,0.0643258166091831,0.0770449763183537,0.998419475690512,0.0282164768320843,0.0380452550698686,0.06636979280094,0.0283245377310714
"3588","ASAP3",-0.243924967876924,0.752980145435458,0.0445059172735999,0.998419475690512,0.0255783223481163,0.0293377927401813,0.0575601230758903,0.028222330335709
"3589","SUOX",-0.228644245644947,0.60237461408734,-0.055514406742479,0.998419475690512,-0.0164138706895341,-0.0550643108351192,-0.0268879502582038,0.0281763605769154
"3590","DIMT1",-0.398372256223152,0.201343915713814,0.385953101895736,0.857501682187315,-0.166300755211837,-0.114806234183916,-0.142900927790756,-0.0280946936068399
"3591","ECH1",-0.570041863509564,0.0563724172297159,0.0264805272441731,0.998419475690512,0.148642115149623,0.180515433635251,0.152426455964966,-0.0280889776702852
"3592","TBCC",0.425924879165805,0.213323917730892,0.00385363075943219,0.998419475690512,-0.0383918231749179,-0.0280703693166487,-0.0561383804422926,-0.0280680111256439
"3593","PCTP",-0.138839255907145,0.679977997294164,0.185966824316681,0.960473324825292,-0.261617249887711,-0.27016058877672,-0.242220723662591,0.0279398651141287
"3594","TMEM52B",-0.055867912633162,0.959784463013115,0.143802860033977,0.998419475690512,0.278290230071619,0.308756923541364,0.280870598211823,-0.0278863253295407
"3595","ATP5PF",0.0696876998370869,0.887574129155875,0.0207764042487756,0.998419475690512,0.0396582861623081,0.0198949216591237,0.0476574031561831,0.0277624814970594
"3596","ZFAND5",-0.191612516200302,0.550931787338207,0.0197396345923752,0.998419475690512,-0.0838323307882602,-0.102839043295825,-0.0751118071138367,0.0277272361819886
"3597","OLAH",0.209175427302671,0.866359950962303,-0.144752608170797,0.998419475690512,-0.24276908108259,-0.211594805743944,-0.239006924056044,-0.0274121183120999
"3598","INSL3",0.622845031661256,0.294940739234754,0.134630203924594,0.862122513838418,0.191502643097063,0.184450881261863,0.157073689887129,-0.0273771913747336
"3599","HBEGF",-0.210557825160622,0.667522269024613,0.0160944008043356,0.998419475690512,0.328136701753398,0.310751401593302,0.338017059307416,0.0272656577141139
"3600","SDSL",-0.0309652600414237,0.963464958197968,0.0349191174065559,0.998419475690512,0.120740068335741,0.108554362350172,0.135733403083525,0.0271790407333537
"3601","ARHGAP25",0.556626982740713,0.0401422256800391,0.326090359706674,0.994306542239506,0.0085730976664173,-0.089581138073503,-0.0624667944010305,0.0271143436724725
"3602","RP9",-0.299419889927086,0.632246596302602,0.108407167765513,0.964835353022169,-0.0480008638571371,-0.0051761061787535,-0.032231343216645,-0.0270552370378915
"3603","CDC42EP4",-0.481376123559047,0.135781595203594,-0.123920464752508,0.998419475690512,0.0856841469649085,0.0387630586448668,0.0657104405436791,0.0269473818988123
"3604","IL10RA",0.419396083499791,0.242165780837155,0.0503382363727223,0.998419475690512,0.0765890025515033,0.0789368810722448,0.0521376656359252,-0.0267992154363195
"3605","IKBKB",0.241725659900692,0.368522408606733,-0.0139891713530335,0.998419475690512,0.0925819514474174,0.106102665782926,0.0793407454659165,-0.0267619203170099
"3606","PCBD2",-0.266315626359845,0.579499702964097,0.0802983627274168,0.998419475690512,0.0514935649620293,0.0389379710056061,0.0654846255565322,0.0265466545509261
"3607","RNF31",0.689176183183271,0.0450220063768366,-0.134461871228064,0.994306542239506,-0.17307019008123,-0.109697074574956,-0.136151329168497,-0.0264542545935405
"3608","ST8SIA1",0.100562360819751,0.917340062333403,0.0912055918368517,0.998419475690512,-0.181058280353987,-0.159741345689509,-0.186051055920487,-0.0263097102309778
"3609","RBM4",0.35682133968586,0.122710890922106,0.243518130044309,0.998419475690512,0.118469863960275,0.0640683988343728,0.0902957308338832,0.0262273319995105
"3610","SMARCC1",-0.324431764202462,0.147814818965131,0.0161848063361253,0.998419475690512,0.0320105505278998,0.0506044132041439,0.0244332345397119,-0.026171178664432
"3611","PSMA7",0.0983131436630998,0.777893003406581,0.310169324633956,0.998419475690512,0.0795106104486626,0.0971238801009034,0.070992311766855,-0.0261315683340484
"3612","SPDEF",0.074284341491381,0.932293864143833,0.0282651693840285,0.998419475690512,0.0398978982799725,0.0603793181168843,0.0344208760295352,-0.0259584420873491
"3613","RAD18",-0.272266603199028,0.71312125427197,0.0156853357736655,0.998419475690512,0.0666142615505591,0.047655845958728,0.0734915203502707,0.0258356743915426
"3614","PRDM4",0.355464100258687,0.349929388452434,0.0770053496169653,0.966961547562754,-0.055212608551649,-0.0813379534863413,-0.0555406591045837,0.0257972943817576
"3615","PGPEP1",-0.157818606621947,0.729126841321603,-0.0813652425656705,0.998419475690512,-0.0146173890787194,-0.049114355843514,-0.0234079757248962,0.0257063801186178
"3616","AIFM1",-0.0978609364027113,0.798094935795,0.0999600863547687,0.998419475690512,-0.0253322102344092,-0.0290089130213944,-0.00349054539720644,0.025518367624188
"3617","CSDE1",0.141137722413266,0.636689016887425,0.082461748459549,0.998419475690512,-0.268390308481827,-0.299868907682689,-0.274502636733713,0.0253662709489758
"3618","TMEM106A",0.347212510538174,0.401172977064683,-0.0446422272685935,0.998419475690512,0.0738512779030222,0.105006844103091,0.0796947364104326,-0.0253121076926588
"3619","SMURF1",0.0224349746300837,0.956506932519683,-0.122008725826924,0.885933373593249,0.0932032786887137,0.077753018337747,0.102837379936964,0.0250843615992174
"3620","POLB",-0.20534230700237,0.703069611808464,-0.13804872841552,0.998419475690512,-0.0104271344388383,-0.0341235410347291,-0.0091212563691926,0.0250022846655365
"3621","S100A6",0.221207110456995,0.545926342951529,0.199014560298753,0.998419475690512,0.153453191967461,0.123569062146818,0.14856444671381,0.0249953845669922
"3622","NHP2",-0.588093218767107,0.0905872576685854,0.0487595305115306,0.998419475690512,0.169899994032387,0.206398448693416,0.181560232825894,-0.0248382158675224
"3623","MGAT1",0.27308833973437,0.43748532498278,0.0202252213474555,0.998419475690512,0.0107146024969584,0.0311581662139585,0.006532313290719,-0.0246258529232395
"3624","TGM1",0.115602202454974,0.907530372362237,-0.0601324407527714,0.998419475690512,0.20020443551754,0.186634364635649,0.21113812779863,0.0245037631629806
"3625","MAP2K4",-0.197285534713095,0.644344242406418,0.249601836163737,0.724917974752513,-0.0861391718552134,-0.0897221902000837,-0.0652785035350486,0.0244436866650351
"3626","DHX8",-0.0428769951798951,0.917340062333403,0.0922136750910622,0.998419475690512,0.0741044548810684,0.064418114292314,0.0887219731663834,0.0243038588740694
"3627","NEK7",0.2780681323658,0.297294727360483,0.105167988014045,0.998419475690512,-0.0566831219799181,-0.0785809798307449,-0.0542835997282337,0.0242973801025111
"3628","BCAT2",-0.49508917040066,0.408893027740817,0.285650715247355,0.997850185965986,-0.0153547696748774,0.0443226232893901,0.0201619157263354,-0.0241607075630547
"3629","EHD4",-0.236708439622055,0.369767604792226,0.0769018741682165,0.998419475690512,0.0396913934731344,0.0789352539964967,0.0548066483623281,-0.0241286056341686
"3630","AKT3",-0.0919787816477638,0.875005251853916,0.237898891600298,0.998419475690512,0.0473723571945725,0.0829297851240701,0.058977247623071,-0.0239525375009991
"3631","UPRT",-0.0734414944528057,0.897574152350404,0.0672363880668884,0.998419475690512,-0.0501928356453059,-0.0268235742704073,-0.0507214421553959,-0.0238978678849886
"3632","TXNL1",0.145109797338781,0.597840921575439,0.0527318882377402,0.998419475690512,-0.160191092400725,-0.179505443562704,-0.155646351635072,0.0238590919276313
"3633","TKFC",-0.0631112512415581,0.919731683116942,-0.209651729767568,0.998419475690512,0.0502538504475563,0.055527488233918,0.0316961427607709,-0.0238313454731471
"3634","MGAT4A",0.524241229485297,0.126400661103875,0.0348008976521678,0.998419475690512,-0.103109359979655,-0.124046965012767,-0.100468127879855,0.0235788371329126
"3635","MCEMP1",0.0441827452797285,0.944824223792904,0.173293500526909,0.936867356766746,-0.137694913394974,-0.177776354210441,-0.154477692905273,0.023298661305168
"3636","AURKA",0.120024891301816,0.853921495018411,0.0202938876430377,0.998419475690512,0.157216281364394,0.173768045800949,0.150571387967539,-0.0231966578334103
"3637","UBE2V1",-0.0703708776961832,0.887386245572586,0.0293179231255774,0.998419475690512,-0.0902761340561156,-0.0732840788885142,-0.0964389489651988,-0.0231548700766846
"3638","MBD1",-0.227048348686971,0.399401348126119,0.0943268157780254,0.998419475690512,0.0333242971271317,0.0542531160849543,0.0312243732375562,-0.0230287428473981
"3639","AK2",0.369604564133546,0.292385187199457,0.301566374689908,0.998419475690512,-0.0683142534077171,-0.123246554781931,-0.100223140946513,0.023023413835418
"3640","RABGAP1L",0.320748383715558,0.423351324443565,0.19354151729184,0.954918486558191,0.0159436319840258,0.0156981069878882,-0.00729199257948433,-0.0229900995673725
"3641","GP6",0.540630226542728,0.409720039832833,-0.00472558535161402,0.998419475690512,-0.00489739119563695,0.0234350995211618,0.000517842918959083,-0.0229172566022027
"3642","CSNK1A1L",-0.203941809795161,0.787703942848658,0.286275108889745,0.588432988518752,0.0986658233420015,0.127628352787874,0.104747399092101,-0.0228809536957726
"3643","ITGAL",0.077236742085071,0.895601548707566,-0.067630938635638,0.998419475690512,0.0804621463139504,0.0789883775207465,0.101855368348393,0.0228669908276466
"3644","RPS3A",-0.0452553819059796,0.922274997867325,-0.0376734019850479,0.998419475690512,0.0200108011790784,0.0341363552038703,0.0113073906774355,-0.0228289645264348
"3645","FAM86B1",-0.657201373089966,0.282023148195414,0.077465823455746,0.781368446819726,-0.122255177149614,-0.0721007493767687,-0.0492944709550011,0.0228062784217676
"3646","JPH3",0.584952148910445,0.566726456665436,-0.00922691966097336,0.998419475690512,0.165495060295294,0.182025764177582,0.1593515767681,-0.0226741874094814
"3647","TIMM50",-0.385483304787725,0.267061986199722,-0.0168129454241338,0.998419475690512,0.025893082145523,0.0055988108283234,0.0282086986595406,0.0226098878312172
"3648","FUBP3",-0.153032013615471,0.727441116524567,-0.0596186498642978,0.998419475690512,0.0294064609481801,0.0150667159374081,0.0376747030692238,0.0226079871318157
"3649","AKR1C2",-1.48906630309884,0.013892608543981,-0.403422703021937,0.544798969180731,0.232138863882238,0.154974280663477,0.132414343031844,-0.0225599376316326
"3650","PIK3R1",-0.0711356482384587,0.846716819437707,0.092494636214146,0.998419475690512,-0.0710071092856867,-0.0879475479002513,-0.0654382135673439,0.0225093343329074
"3651","NFKBIE",0.313411917782114,0.393068481838081,0.106905480275149,0.998419475690512,0.0575205654897438,0.0310385045646232,0.0535037138869318,0.0224652093223086
"3652","NECAP2",-0.096353781886969,0.802898846726586,-0.207180171465605,0.998419475690512,-0.113365033970759,-0.134465338339349,-0.112073175128938,0.022392163210411
"3653","HSPA5",-0.186675598507494,0.608918298986823,0.358340677247275,0.857501682187315,-0.115274465220152,-0.0732536889006027,-0.0956190886986532,-0.0223653997980505
"3654","INHBA",-0.896375841570537,0.114016535871587,-0.0997375684646244,0.998419475690512,0.346946370050962,0.333750718633178,0.311395943798286,-0.0223547748348913
"3655","NEDD8",0.30670984053856,0.249060145754517,0.110239065051901,0.998419475690512,0.194962019845523,0.159539891741816,0.181594335946642,0.0220544442048265
"3656","FXR1",0.153142511297767,0.511414401569523,0.0964539452636645,0.998419475690512,-0.0835661429995526,-0.107770598072335,-0.0857515621094866,0.0220190359628487
"3657","DMTN",-1.11978224672715,0.0653418842555918,-0.091862688975847,0.856705671473268,0.0811299928192941,0.0204025068735872,-0.00154706884491301,-0.0219495757185002
"3658","LAMTOR2",0.022737039788576,0.97691619975495,0.0620796888407523,0.998419475690512,-0.0370150642013738,-0.0229608711173478,-0.0448290870039605,-0.0218682158866127
"3659","GSR",0.112914172479541,0.785209709538344,0.459802435935949,0.963204148073108,-0.0262167585158498,-0.00245870062452369,-0.0242791233663396,-0.0218204227418159
"3660","C16orf54",0.381976594360397,0.276112570348398,0.00417571236551122,0.998419475690512,0.10091343652203,0.0959424058648912,0.117689923220653,0.0217475173557618
"3661","IMPA1",0.0167730821689405,0.97691619975495,0.232772000523156,0.980682888930444,-0.134731274664273,-0.153303729265392,-0.131677350973489,0.0216263782919034
"3662","NMT1",-0.323002902811058,0.339298736248904,0.154463317160171,0.998419475690512,-0.225740850225705,-0.224226050036444,-0.202797658739303,0.0214283912971407
"3663","COX5A",-0.202777628939056,0.682335104407505,-0.0410874453005899,0.998419475690512,0.289913246620232,0.275805354859159,0.297205435013862,0.021400080154703
"3664","HMGN1",-0.283176703326736,0.247346652349145,-0.199920406218241,0.804241374075519,0.105339352560579,0.0387262387050658,0.0601175686635809,0.0213913299585151
"3665","APBB1IP",0.406561472693548,0.19805128622601,0.0106006835912907,0.998419475690512,0.0400268756724079,0.0575008586203556,0.0361763270767157,-0.0213245315436399
"3666","SNRPF",-0.526865349349931,0.184112167671746,0.221863286092988,0.832343405187712,-0.0735081924438984,-0.0161432554879294,-0.0373848010291793,-0.0212415455412499
"3667","MIEF1",-0.335220763524653,0.395077052265862,0.0478475412329377,0.998419475690512,-0.00516447534696539,-0.0121397195732733,0.0090719211921491,0.0212116407654224
"3668","NAPEPLD",-0.432835656264523,0.322056735439069,-0.042981383370641,0.998419475690512,0.0472208945087548,0.0417705170734972,0.0205944725932506,-0.0211760444802466
"3669","RBM22",0.17152241053932,0.662042773802257,0.0811304631987725,0.969580221712648,0.14544523388031,0.149548587341578,0.128381060708337,-0.0211675266332412
"3670","RRAS",0.285512626445163,0.584771143995298,-0.0620474107377234,0.998419475690512,-0.0551648311243628,-0.0253258772733164,-0.0464891124475706,-0.0211632351742542
"3671","ASH2L",-0.0945446911856164,0.776336875326763,-0.0821686721949461,0.963204148073108,0.112003911477844,0.110089126939559,0.0890901402099675,-0.0209989867295919
"3672","KYAT3",0.391771469911362,0.210048872218946,0.31569022048915,0.92559285537565,0.177923865886445,0.120681731944234,0.141588294713922,0.0209065627696883
"3673","RAB4A",-0.721805398219527,0.103737903860572,0.089060617114421,0.790827704016838,0.0282243591365173,0.0705814523971518,0.0910696226391551,0.0204881702420033
"3674","HSP90B1",-0.374989083992864,0.183468956702593,0.466048665660563,0.785871831294745,-0.0444223759472546,-0.00439335415880986,0.0160903598459245,0.0204837140047344
"3675","OGFR",0.784480151321365,0.00336466681796261,0.485929076167877,0.853216168095328,0.0461721267574677,-0.0556368882742721,-0.0352681335712801,0.020368754702992
"3676","PLEKHB1",-1.33976358215449,0.0385242093523048,-0.187305317541345,0.550566198150448,0.199292724788409,0.116673696983911,0.0963374232181934,-0.0203362737657173
"3677","MACROD2",-0.804016276740517,0.165765365035232,0.0227652915365671,0.998419475690512,-0.101564315940855,-0.088492354096917,-0.0682625006918824,0.0202298534050346
"3678","NDUFAF8",-0.96850261108983,0.100454957687079,-0.00897611545665438,0.998419475690512,-0.238587855848816,-0.282638903208289,-0.262412633830061,0.0202262693782282
"3679","FCMR",-0.00727276858293609,0.995098591651938,-0.33361081760988,0.409434053300602,-0.10174477886478,-0.100382827275405,-0.080209425633534,0.0201734016418714
"3680","RSRP1",-0.0645278172813046,0.898463554098768,-0.0227745776085497,0.998419475690512,0.140582145867954,0.157518397246054,0.137357432187286,-0.0201609650587687
"3681","STOM",0.260830842261049,0.525893650583718,0.0650375745555366,0.998419475690512,-0.076162223042114,-0.111508115292085,-0.0913740020680654,0.0201341132240196
"3682","PGD",0.119859170959522,0.777893003406581,0.762261379297985,0.967173265821445,0.03031643623038,0.027936711926489,0.00782108305375266,-0.0201156288727363
"3683","NELFE",0.315425298899429,0.387384967286766,0.0318441355017458,0.998419475690512,0.0199450425265277,0.0163514756821213,-0.00376078336257985,-0.0201122590447011
"3684","RAB7B",-1.15363745985211,0.0060465687229819,-0.00174346727703889,0.998419475690512,-0.0438636474663378,-0.0363726570137259,-0.0564293615773486,-0.0200567045636227
"3685","RNF146",0.393009069560728,0.116993311060771,0.0352617982938522,0.998419475690512,-0.0321793942666896,-0.0590802548364987,-0.039101169172843,0.0199790856636557
"3686","NABP1",0.368818973789037,0.391734400528694,0.255291621772074,0.998419475690512,0.348860910407482,0.320797648600069,0.340733876864171,0.0199362282641017
"3687","CALR",-0.151362834416817,0.698822700595789,0.1219266261608,0.993246420374571,-0.312030968583487,-0.313504976241991,-0.333411820295376,-0.0199068440533852
"3688","RNASE2",1.85776052942808,0.000948937595437851,0.104271616014677,0.998419475690512,0.0845119224511944,0.0815768073153872,0.0618166715914753,-0.0197601357239119
"3689","TF",0.077866077222401,0.920107214317693,0.43831547631187,0.998419475690512,-0.290274130284556,-0.288777818683654,-0.269039142908644,0.0197386757750105
"3690","NECAB3",-0.385744956664968,0.618059686121085,-0.0641463982171647,0.998419475690512,-0.121520347937063,-0.137827470621113,-0.118100817541981,0.0197266530791316
"3691","HSPB1",-0.738217930322193,0.217137167401295,-0.260392688677903,0.844219646885179,0.228921888902912,0.199680360944188,0.179966765207739,-0.019713595736449
"3692","NPTN",0.0799415352777557,0.801535782279213,-0.126498006140548,0.998419475690512,0.0512373750560177,0.0404579815409555,0.060140775465164,0.0196827939242085
"3693","TKT",0.0848190419892044,0.82635178966425,0.205449302561406,0.998419475690512,0.0500960412597359,0.0277881919788978,0.0474472172056787,0.0196590252267809
"3694","DAPK3",0.213461656402576,0.556384472199225,-0.00336710761896004,0.998419475690512,-0.00836412874008664,-0.0206444536696046,-0.00100330360700494,0.0196411500625996
"3695","TOMM20",-0.216340331651609,0.58286709972345,0.0405621956200343,0.998419475690512,0.0490506489815673,0.0414802009861612,0.0611157273846641,0.0196355263985029
"3696","ICAM2",0.249231335408844,0.681640507848296,0.0452187961592002,0.998419475690512,0.0777415731229789,0.0678088798302909,0.087321795557115,0.0195129157268241
"3697","PDCD6IP",-0.169032939833328,0.595416978425457,0.0702814818091995,0.998419475690512,-0.166820221645647,-0.179810199818248,-0.160327967496177,0.0194822323220706
"3698","SNN",0.152301927602517,0.739085195054362,0.0956133309413866,0.998419475690512,0.0740077682808131,0.0551895670970923,0.0746153424338712,0.0194257753367789
"3699","SH3BP2",0.020312941498823,0.969115830785455,-0.0330563000856153,0.998419475690512,0.135923804817239,0.124894393991099,0.144197777670263,0.0193033836791641
"3700","CCL22",-0.651192082815868,0.262029129057079,-0.00316106182299915,0.998419475690512,0.387568207672415,0.400481694741949,0.381197617228903,-0.0192840775130465
"3701","CBLN2",-0.020955311787753,0.987344237617526,0.0307553469589331,0.998419475690512,-0.177653421782002,-0.167209397047573,-0.186398768241293,-0.0191893711937201
"3702","CASK",-0.0791565282073654,0.878497185032422,-0.226316759195995,0.773457164793115,0.000604139019042313,-0.0230041380080392,-0.0039173446512633,0.0190867933567759
"3703","JCHAIN",0.153744767479959,0.889677084533898,0.0316599392050258,0.998419475690512,0.105089339881958,0.0908346517747854,0.109821662284345,0.0189870105095601
"3704","ADAM9",-0.227869265876217,0.423351324443565,-0.209009980790027,0.998419475690512,-0.0622514924873242,-0.0966234772787137,-0.077686739190167,0.0189367380885467
"3705","PCBP1",0.299332293867626,0.17260114073087,0.183348958209381,0.998419475690512,-0.0722303894842887,-0.0920434755719564,-0.110911281433398,-0.0188678058614421
"3706","CRTC3",-0.0515769126286726,0.906810683847507,0.00170492960116448,0.998419475690512,-0.00111991374479917,-0.0152134104421731,0.00362361515639083,0.0188370255985639
"3707","RNF34",-0.074094825845266,0.866398163335226,-0.0162992622114656,0.998419475690512,-0.0723397326408954,-0.0882680030650197,-0.0695367674716009,0.0187312355934188
"3708","SND1",-0.452980425795409,0.0810998044394843,0.171470741282355,0.791573009435334,-0.0280140524998837,0.0462407041586182,0.0276498825481701,-0.0185908216104482
"3709","UFD1",-0.0674257879768394,0.881854103383645,-0.107282821763236,0.998419475690512,-0.106037113160308,-0.100411192581651,-0.118999899444082,-0.0185887068624301
"3710","FHOD1",0.0496518682969629,0.921626667100693,0.0416498759232125,0.998419475690512,-0.147592098985444,-0.137485619030463,-0.156041370209496,-0.0185557511790339
"3711","PHF6",0.0879395429766609,0.798385079515075,0.0466095429021026,0.998419475690512,0.175560594420916,0.193264665375482,0.174879243280195,-0.0183854220952864
"3712","LAIR2",0.999770253714521,0.152703170438897,-0.0278762093230176,0.998419475690512,-0.034611324589469,-0.0109856322742736,-0.0293480461518988,-0.0183624138776252
"3713","N4BP2L2",0.337281018090049,0.234202770577177,-0.0575020929276304,0.998419475690512,-0.0709479665183251,-0.083526614215248,-0.0651725600388204,0.0183540541764276
"3714","NUDT21",-0.103737600030286,0.830400414069455,0.401391248851016,0.964835353022169,-0.0998156637601475,-0.0564952392074964,-0.0747338128086594,-0.018238573601163
"3715","OAT",-0.157736059532829,0.657698487705098,0.0397853134048468,0.998419475690512,0.146306485295517,0.161969985130284,0.143771005964064,-0.0181989791662205
"3716","RCVRN",0.540372447811579,0.501703790709281,-0.0690137973413619,0.998419475690512,0.0549414223752642,0.0730316035995489,0.0548607162546718,-0.0181708873448771
"3717","SIGLEC7",-0.0774103128711527,0.884796900913261,0.316952777150864,0.838880033899902,0.104779641769305,0.0881198994338748,0.106272970889432,0.0181530714555568
"3718","METTL2B",-0.648122656237162,0.0846931054430475,-0.0244371854243407,0.998419475690512,0.155864369344983,0.143334079572322,0.125228236220554,-0.0181058433517675
"3719","ARMC5",-0.0972363763802102,0.864497668173472,-0.00611299809187906,0.998419475690512,0.0803340228763711,0.0658711584405814,0.0837613725293054,0.017890214088724
"3720","GNS",0.0649350605997277,0.897477252129266,0.22620658597274,0.907520138716496,0.0219572653543125,-0.00158527127432397,0.0162859423353232,0.0178712136096472
"3721","JAG1",0.309020004252144,0.350426298590779,0.00746062593205303,0.998419475690512,0.0926014310973815,0.109339771461041,0.0914830666853148,-0.017856704775726
"3722","PHYHD1",-1.1056966386185,0.0821069775711434,-0.0842155623315438,0.906266089138714,0.0941873237547552,0.0141815461163325,0.0320203087397116,0.0178387626233791
"3723","FGFRL1",-0.826666279382881,0.0230765671668865,0.0275524201436652,0.998419475690512,-0.00973666686706651,0.0026842735209899,0.0204164673849723,0.0177321938639824
"3724","YWHAQ",-0.0985117052868225,0.796524287178561,-0.0798263263780663,0.998419475690512,0.162524028806798,0.172498570577486,0.15484562153833,-0.0176529490391563
"3725","RASA1",-0.197819845379875,0.563254738482412,0.0627500076609254,0.998419475690512,0.054509067278804,0.0812889764387876,0.0636627405288233,-0.0176262359099644
"3726","PDP1",-0.0124030448000469,0.980548750092514,0.102834613918179,0.998419475690512,-0.136470616656591,-0.146169293567898,-0.128629609527884,0.0175396840400144
"3727","COPB2",-0.160739415349599,0.378710267496477,0.473809845526283,0.712002983900469,-0.0806138708952242,-0.0195161751144796,-0.0369791605619543,-0.0174629854474748
"3728","ITGB5",-1.38875124275054,0.00124652574961807,0.0371833188576913,0.998419475690512,-0.0543306382304983,-0.0168966776244418,0.000403562354651505,0.0173002399790933
"3729","COX19",0.0354500844784208,0.944824223792904,-0.202684200843459,0.826899092752479,-0.0435886774551726,-0.0420742140596664,-0.0593537006390238,-0.0172794865793574
"3730","PRRT2",0.429645710285138,0.606987061377891,-0.162013568914033,0.998419475690512,-0.0868758086349279,-0.0904491099918781,-0.0732761973933075,0.0171729125985706
"3731","RIPK1",0.706365028844127,0.0191132657483166,0.020378429828771,0.998419475690512,-0.0173400369914379,-0.00858740942879918,-0.0257570330634115,-0.0171696236346123
"3732","TM2D1",-0.0345459196591006,0.926798238357972,0.0489104765580247,0.998419475690512,0.286915439253155,0.282419141110653,0.299510010570838,0.0170908694601845
"3733","IGF1R",0.054655954679053,0.932430632947077,0.291231240872046,0.998419475690512,0.350397094329524,0.356763203357028,0.339787184760304,-0.0169760185967234
"3734","CD300E",0.628950107687839,0.223253067500885,0.147050367835065,0.391978515377954,0.340237004887398,0.26058528628134,0.277442516019198,0.0168572297378575
"3735","OSTF1",0.388356648596059,0.0913660907299967,-0.0534173123271608,0.998419475690512,-0.133539139642858,-0.12828991975492,-0.11146579760539,0.0168241221495302
"3736","RHOA",0.187271562912385,0.490533660558287,0.435650962178139,0.963204148073108,0.0408147548107383,0.00978712719308639,0.0265500776957391,0.0167629505026527
"3737","RAC2",0.348469758850699,0.343492307790766,-0.0138058464956386,0.998419475690512,0.169582759085731,0.18839374873172,0.171658518430261,-0.0167352303014596
"3738","SIGLEC5",0.98178023681656,0.126229868762016,0.423582451079432,0.791573009435334,0.157421868739809,0.11439035968838,0.130990128369219,0.0165997686808395
"3739","NDUFAF2",-0.858070885774869,0.0810998044394843,-0.188321217165964,0.9717670200674,0.12244589514997,0.0864074021290444,0.0701379178923034,-0.0162694842367409
"3740","AGER",0.209164519248411,0.63937211021921,-0.29633556819366,0.998419475690512,-0.0758278483895457,-0.074530704609802,-0.0583139992908306,0.0162167053189714
"3741","FGFR3",-0.704238813775783,0.402455346842751,-0.189933145875068,0.494721961582542,0.0890542321091847,0.0532887394806954,0.0371350377754025,-0.0161537017052929
"3742","STX1A",-0.533005699098201,0.345573371933934,-0.0216237985340249,0.998419475690512,0.0676843376610843,0.0512885747982193,0.0674122809529573,0.0161237061547381
"3743","CAB39L",0.0290599131981492,0.963905906727258,-0.524474719623627,0.688286929981576,-0.0257160113345505,-0.0346437356190163,-0.0185351829575863,0.01610855266143
"3744","SULT1A3",0.229346256372345,0.796609697118126,0.0765717432201465,0.998419475690512,0.109504136056502,0.100846433051059,0.116933617085209,0.016087184034151
"3745","CDH13",-0.520201176776773,0.526743035324633,0.0769676960248881,0.998419475690512,-0.0364859861326889,-0.0230464176843069,-0.00701192095711187,0.0160344967271951
"3746","DIABLO",0.217885772101255,0.636689016887425,0.14622053666264,0.842314871048944,-0.0948030041131635,-0.100916410850892,-0.116765636621394,-0.0158492257705021
"3747","AIF1",0.325406152614231,0.420115187386202,0.326870870373389,0.993246420374571,0.122991649110072,0.0845086416367089,0.0687067386287371,-0.0158019030079718
"3748","PSMA1",0.37206578019983,0.134793287381713,-0.0933276789805154,0.998419475690512,0.0209457094419889,0.0362001595177892,0.0204065644203927,-0.0157935950973965
"3749","MRE11",-0.183499846121056,0.633824740311804,0.17933869801708,0.907520138716496,-0.0891250362804843,-0.0781725856285626,-0.0623897545952417,0.0157828310333209
"3750","IRF1",1.56637394111501,4.5925179886271e-06,0.0529414356755995,0.998419475690512,0.116442952924444,0.019638470502714,0.0353135046493192,0.0156750341466052
"3751","PCYOX1",-0.0726577097707521,0.922291881112957,0.41454219906961,0.982338295188849,-0.019924164084097,-0.000409174659117339,-0.0160729874238658,-0.0156638127647485
"3752","HYOU1",-0.54974705421326,0.0379542340705535,0.268970631164188,0.998419475690512,-0.103215999218612,-0.0551457601630146,-0.0396409137420046,0.0155048464210101
"3753","RAB2A",-0.0496592375182236,0.886789562015162,0.198358239624254,0.873362904078878,0.103675837522129,0.0995162774150728,0.114833898067646,0.0153176206525733
"3754","TMEM230",-0.278342856562295,0.262528022893709,0.0323839854346553,0.998419475690512,-0.0801495063810388,-0.0414038606850057,-0.0566792656624761,-0.0152754049774704
"3755","MAN1B1",-0.330093125303232,0.287038469532367,-0.0636432184495295,0.998419475690512,0.162530031401982,0.149802447479708,0.16501167197972,0.0152092245000121
"3756","BCL10",0.267662169161634,0.237685670534119,0.0621766946340768,0.998419475690512,-0.0470633974584752,-0.0446763340976058,-0.059675122211563,-0.0149987881139571
"3757","NDUFA2",-0.303079955355945,0.281032633958434,-0.0251339068147148,0.998419475690512,0.134213650974711,0.118556302037569,0.133475278362798,0.0149189763252293
"3758","NDUFB6",-0.0831184681423581,0.887856717533499,0.0862027881201168,0.998419475690512,0.131073726497784,0.14467792432301,0.129830643444638,-0.0148472808783719
"3759","DDX19B",-0.132972090484052,0.79237845413462,0.00956885841806273,0.998419475690512,0.0716838793123699,0.0871766713021783,0.0724429340095241,-0.0147337372926542
"3760","LIMD1",-0.216527960473961,0.555011776400728,0.136317858529947,0.998419475690512,0.0127650912880269,0.0147637057060601,0.0293835882244394,0.0146198825183793
"3761","EXOSC8",-0.51969586237265,0.277366102246297,0.115579707382639,0.998419475690512,-0.10644674738298,-0.0677054750649832,-0.0821813736302941,-0.0144758985653109
"3762","UBL4A",-0.383739900091494,0.289859821493959,0.0669391281509335,0.998419475690512,-0.197367021149577,-0.174954563418683,-0.189268207700992,-0.0143136442823091
"3763","GPC1",-0.461898406907472,0.496323445554675,0.0457519881692512,0.998419475690512,0.102952040886198,0.107110946824967,0.12142343467046,0.0143124878454932
"3764","KHSRP",-0.246886569339515,0.452617251859266,-0.0409874151669546,0.998419475690512,0.208980575820239,0.210878846052948,0.22508712236222,0.0142082763092719
"3765","HSPH1",-0.112298982761475,0.88374937362842,-0.0120818131200835,0.998419475690512,-0.0674137544438463,-0.0506723986358773,-0.0648525863937326,-0.0141801877578552
"3766","LCAT",-0.205623508083908,0.784422689854776,0.0773629320676575,0.998419475690512,-0.0655043746270971,-0.0489323850676551,-0.0629014294701335,-0.0139690444024784
"3767","GDI2",0.165068740069904,0.564632860861435,0.418277613884846,0.998419475690512,0.107298432748958,0.103948171106051,0.0901002718663437,-0.0138478992397069
"3768","ELL3",-0.793116207091645,0.16345266491173,-0.106729155082023,0.937009000022731,0.215918042668259,0.1830709424062,0.169384330704256,-0.0136866117019443
"3769","UBE2Q1",0.177077874899254,0.59245446209229,0.0314005848335305,0.998419475690512,0.0433039962642867,0.0288127534190757,0.0424590792591149,0.0136463258400392
"3770","GOSR2",-0.0873492259351981,0.80618419033353,0.0491966939855202,0.998419475690512,0.139335830356101,0.151697967743712,0.138179360536247,-0.0135186072074649
"3771","SERPINB2",0.0577150329067662,0.961108793510637,0.521464848088891,0.596322654250059,0.0949131772791116,0.1167399831611,0.13021666154802,0.0134766783869201
"3772","SETD2",0.0115759283142363,0.972485824303414,0.00448219392954759,0.998419475690512,0.167185681586299,0.178027015656834,0.164558502231495,-0.013468513425339
"3773","TNFAIP8",0.4369055941297,0.168637503369568,0.395256910268314,0.767384076116731,-0.0167251644431606,-0.088024206191373,-0.0745845299945556,0.0134396761968174
"3774","PTP4A2",-0.0767440231103986,0.82105592908281,-0.0100590765364719,0.998419475690512,0.00846157344783995,0.0139664950565574,0.000527434885301171,-0.0134390601712563
"3775","NGDN",0.103731359523945,0.863681063935051,0.0571768839396319,0.998419475690512,0.0498158158790401,0.0582456684555997,0.0448274699353298,-0.01341819852027
"3776","RWDD1",0.144937313575575,0.807544900183513,-0.00675370553933431,0.998419475690512,0.137140503990805,0.145558299637068,0.132157752484808,-0.0134005471522604
"3777","HNRNPH1",-0.0151937749974025,0.961906068788536,0.0574259935992451,0.998419475690512,0.011278613478405,0.00171432303377899,0.0150833198355997,0.0133689968018207
"3778","MRPL28",0.0583021114056785,0.918472880751097,0.00930200540420198,0.998419475690512,-0.22112784206945,-0.231598770422076,-0.218351928068472,0.013246842353604
"3779","CSNK1G1",0.120063452759723,0.739307994440043,0.0171261732957824,0.998419475690512,-0.144512037196192,-0.13495901523714,-0.148158814747465,-0.013199799510325
"3780","VARS1",-0.603151225600613,0.0377968698811525,-0.0208905096121544,0.998419475690512,-0.0217244637173026,-0.0117783578727352,-0.0249757688945714,-0.0131974110218362
"3781","CCDC92",-0.0450481511379357,0.941599320425067,-0.0984158964641975,0.998419475690512,0.257400002656023,0.246816023810053,0.259988036229959,0.0131720124199057
"3782","JDP2",-0.0257740066429932,0.963464958197968,0.00497018201519687,0.998419475690512,-0.132732637305556,-0.140452429374863,-0.127413077352893,0.0130393520219694
"3783","KLF4",0.540404689966228,0.23862694658533,0.0379272969186782,0.998419475690512,0.0526008554015661,0.0406770003969717,0.0535491303325658,0.0128721299355941
"3784","TEPSIN",0.601274202069922,0.181277560984125,-0.0535411142136881,0.998419475690512,-0.0483169634945548,-0.0403072471784953,-0.0275313862739404,0.0127758609045549
"3785","SLC30A5",-0.280454001339885,0.395670763566092,0.190135430318398,0.998419475690512,-0.130080703814176,-0.100583335734473,-0.113286761432246,-0.0127034256977728
"3786","APMAP",-0.150528746469532,0.719466239003262,-0.0370936981212396,0.998419475690512,0.0528320376709386,0.044331877407131,0.0568974798568333,0.0125656024497023
"3787","ARF3",0.075419267869278,0.803685523621161,-0.147647491791278,0.998419475690512,0.0872043973161322,0.0863311140916688,0.0988518799577085,0.0125207658660397
"3788","KXD1",-0.129827840349912,0.668741644071892,0.0166657237717175,0.998419475690512,0.0492568432432828,0.0321334493029584,0.0446541981801427,0.0125207488771844
"3789","MED4",0.0795997404819303,0.8968125718364,0.0122929010093385,0.998419475690512,0.0189066875726863,0.00243309469259631,0.0148516573047852,0.0124185626121889
"3790","LGALS8",0.593172239219155,0.061211870469066,0.260662432783589,0.552683656177141,0.0850160758504822,-0.0461374229425126,-0.0339673330751094,0.0121700898674032
"3791","TAF15",-0.10985800178728,0.756572072651356,-0.0378279935216102,0.998419475690512,0.155118309200785,0.165151151083099,0.153048294733315,-0.0121028563497842
"3792","TBCEL",-0.472960494112584,0.233599783128161,-0.199269738964988,0.998419475690512,0.223129413810545,0.201158868431322,0.213194781463305,0.0120359130319833
"3793","TLR2",0.222559242886954,0.709896571344854,0.207068083878232,0.538850142635265,0.148043024074542,0.113526321650947,0.101679858645544,-0.011846463005403
"3794","ASGR2",1.02868200381376,0.0417136896373134,-0.0131181671685102,0.998419475690512,-0.180204573600433,-0.173162439121873,-0.161336707035318,0.0118257320865551
"3795","WDR18",-0.346686711587145,0.551378482464323,0.105933408481985,0.998419475690512,0.0219551391310215,0.0230893672958189,0.0348554048684483,0.0117660375726294
"3796","PSIP1",-0.518498908076481,0.116993311060771,0.236082549114386,0.998419475690512,-0.196227547098144,-0.167758147216006,-0.156001824810626,0.0117563224053794
"3797","RNF114",0.415017112510312,0.288189728403455,-0.043451393487429,0.998419475690512,0.0347907454547453,0.0305705801484854,0.0422961845038307,0.0117256043553454
"3798","PITPNB",0.305705906960802,0.252120035795439,0.00621763840922137,0.998419475690512,0.037655330993609,0.047886441682625,0.0361945699403351,-0.0116918717422898
"3799","PSMA5",0.386363083904022,0.230393898798705,-0.166500766757924,0.998419475690512,-0.0277536354944208,-0.0400083972985621,-0.028427069591472,0.01158132770709
"3800","PTRH2",-0.0682170177487513,0.897574152350404,0.063259528534451,0.998419475690512,0.016170997581631,0.017371076161907,0.0289399066945412,0.0115688305326341
"3801","MSLN",-0.276030724960065,0.755916076413573,-0.0889064974507172,0.998419475690512,0.213091620464521,0.219607723994717,0.208081487390409,-0.0115262366043083
"3802","CDH23",0.332739939890412,0.366311436774816,0.241198980761553,0.994739550495444,-0.149719649151924,-0.192376443889371,-0.180878906214335,0.0114975376750364
"3803","TNXB",-0.676664528233515,0.329595172184846,0.0356091122762273,0.998419475690512,-0.0077903065557342,-0.00153747064812909,0.00995724927471119,0.0114947199228403
"3804","ATP5IF1",-0.179030807215818,0.801377860590909,0.245847047082828,0.964835353022169,0.234139950492334,0.262347826759356,0.27363784509307,0.0112900183337137
"3805","TIPIN",0.302166516547856,0.646123881131347,0.037227410836629,0.998419475690512,0.0457563297625046,0.0525674107200991,0.0412864787001972,-0.0112809320199019
"3806","ALKBH3",0.353181896205872,0.638116996205977,-0.097781288856613,0.963204148073108,0.120240068795941,0.135567634948701,0.124386898883404,-0.0111807360652967
"3807","TLDC2",1.40278863431186,0.0610263846751722,-0.0190375433188057,0.998419475690512,-0.139272078268754,-0.14933139710731,-0.138156746449242,0.0111746506580684
"3808","S100A9",0.856902321007873,0.0836210814477958,0.461151416462504,0.69130303241534,0.247270779723904,0.178634961801925,0.16754635189584,-0.0110886099060851
"3809","SVBP",0.204181045695074,0.709485084617743,0.0749865421458664,0.998419475690512,0.125876918210005,0.125650357754929,0.114611976325754,-0.0110383814291748
"3810","POLR2J",0.249822857415017,0.503933846144439,-0.00519383743451911,0.998419475690512,-0.00946061536900706,-0.0196626553802243,-0.00869739576055008,0.0109652596196742
"3811","NAA20",-0.534773941157964,0.178485416908162,-0.0162496220728405,0.998419475690512,0.108390110031041,0.0952684805212924,0.106148612780878,0.0108801322595859
"3812","CD300A",0.672275729094135,0.0254285475949242,0.250289323247459,0.391978515377954,0.379599775637575,0.340196635681619,0.350919687108048,0.0107230514264293
"3813","MMP7",-0.0597959986795849,0.943873443949098,-0.0676499014692038,0.998419475690512,-0.119029386297411,-0.112700033583827,-0.123265351751582,-0.0105653181677556
"3814","SERPINH1",-0.480909121703457,0.392323892771223,0.104808607294484,0.998419475690512,-0.056335799855201,-0.0426840089638968,-0.0321566393049674,0.0105273696589293
"3815","GRB10",0.282682479040205,0.620360970716254,0.148597457861727,0.998419475690512,0.356223528453924,0.354855716110083,0.344646561754148,-0.0102091543559351
"3816","SRA1",0.289441250018122,0.31375351089493,-0.0188140530740583,0.998419475690512,-0.122793479399328,-0.108249882799219,-0.118401214731407,-0.010151331932188
"3817","KLF9",0.425708664679249,0.300828328780968,-0.045778218821872,0.998419475690512,-0.0890308492215576,-0.0842737191369337,-0.0944014793051775,-0.0101277601682438
"3818","NPIPB3",0.372232295833139,0.152000647088585,-0.00220085437154437,0.998419475690512,0.0251369543529547,0.0418706392826776,0.0317798972595783,-0.0100907420230993
"3819","ATP5F1B",-0.0514536451742431,0.912058075330356,0.121700402440597,0.998419475690512,-0.00689795112946259,-0.0128114343386747,-0.00272588956924956,0.0100855447694251
"3820","LRRC4",-0.263334418534968,0.540057482855469,-0.279806977021446,0.721802398933348,0.0929272567127216,0.0647842106165918,0.074756038806193,0.00997182818960117
"3821","NADK2",-0.640465622520387,0.0822489152185863,0.0629514882297769,0.998419475690512,-0.12939533709443,-0.118903147960075,-0.109031121958083,0.00987202600199155
"3822","IL17RC",-0.32220156377498,0.600643828058771,-0.298964235531567,0.998231594656268,0.139717051669037,0.0884376939307873,0.0786436788423165,-0.00979401508847073
"3823","ITM2C",-0.113257065019531,0.875868560604017,-0.0473896568477481,0.998419475690512,0.00932239862230737,-0.0010424895701984,0.00870803601106007,0.00975052558125847
"3824","ZHX2",0.0972447201078478,0.806349393222232,0.109946379315873,0.998419475690512,0.0332843475836329,0.0429101319454522,0.0334273397578176,-0.00948279218763462
"3825","ITGAM",0.303445081800036,0.521851185927491,-0.0678445346716856,0.998419475690512,0.0408440837417547,0.0702261631174503,0.0608044883378242,-0.00942167477962613
"3826","TACSTD2",-0.0923770014472574,0.937475663761513,-0.0162696278074823,0.998419475690512,0.0676418165630735,0.0568794853293516,0.0662601111669927,0.00938062583764116
"3827","IQCF3",0.492346005194895,0.726357641441514,0.0320796628509682,0.998419475690512,0.0566101547244257,0.0490534446516731,0.0583415599274781,0.009288115275805
"3828","MMP8",1.63047914494999,0.0121528647016762,0.480232195038179,0.843121181677977,0.085700116254875,0.00580735908879835,0.015038495168112,0.00923113607931369
"3829","HSPD1",-0.339008623509869,0.365635429222873,-0.00316798279094311,0.998419475690512,-0.0929584827894401,-0.0975964905579426,-0.0884125096304286,0.00918398092751398
"3830","SGK3",-0.0470167431007587,0.917340062333403,0.0497270763019669,0.998419475690512,0.248973142757188,0.257761225370199,0.248624073207674,-0.00913715216252486
"3831","BTK",0.334284937191616,0.32088760053135,0.0912069035507581,0.998419475690512,0.12506579759804,0.116745164555693,0.125741772093406,0.00899660753771298
"3832","MSMB",-0.458581975080804,0.679977997294164,0.0762005570506794,0.998419475690512,0.135404638392052,0.146428863041108,0.155239860335859,0.00881099729475029
"3833","CDKN1B",0.425029649879448,0.0859278632090349,-0.0734402418715904,0.998419475690512,-0.0655820311622051,-0.0449951773811059,-0.0536657044101944,-0.00867052702908856
"3834","TRAPPC6A",-0.42719325328055,0.588272514221546,-0.0251760311093392,0.998419475690512,0.0704212742050735,0.0626430991506185,0.0540509812121879,-0.00859211793843054
"3835","PGM2",0.274774440543042,0.519717428353797,0.345334462150398,0.990090615049715,-0.0224001833555496,-0.0402504461369463,-0.0486471694445359,-0.00839672330758951
"3836","BPIFA1",-0.962119461750424,0.326091669661469,0.143609903793866,0.964835353022169,-0.278557002384939,-0.265421708885413,-0.257095819536877,0.00832588934853545
"3837","PMVK",-0.0988574470149507,0.891386431857732,-0.0511295958705312,0.998419475690512,-0.0452330082269371,-0.0501168526260545,-0.0583845059830893,-0.00826765335703481
"3838","TNKS",0.150741578489596,0.751617275092623,-0.00697494565481146,0.998419475690512,-0.0857953767470113,-0.0899569052393445,-0.0816967349105022,0.00826017032884233
"3839","RGS19",0.425636593886832,0.103972609345313,0.0708810085149457,0.998419475690512,-0.154573384853276,-0.190528038651679,-0.182516657654432,0.00801138099724666
"3840","IL18R1",0.421599127489633,0.534769091866095,0.457603064364093,0.427458730989971,0.205419549329028,0.174647498874807,0.16665631152075,-0.00799118735405757
"3841","RFX5",0.55287073865923,0.105737634872825,0.0355869041848777,0.998419475690512,-0.0596338059575388,-0.0875536820940694,-0.0796304339882573,0.00792324810581206
"3842","RAB3IL1",0.777464047693206,0.231224388154502,-0.126036289299891,0.595628154734049,0.00686103923198088,0.0420682996953643,0.0499166381312518,0.00784833843588741
"3843","XRCC4",0.343836033953853,0.414985219903151,0.245518961795577,0.998419475690512,0.183552605317422,0.16093734258983,0.168776979061707,0.00783963647187699
"3844","FNBP1",-0.0981273037247025,0.839622425813287,0.206997379019017,0.998419475690512,0.178795058556034,0.182061617282177,0.174259817309026,-0.00780179997315159
"3845","MFAP5",0.156930668606347,0.902507389004017,-0.254169696166783,0.744984064345224,-0.0926870396087237,-0.106001327577943,-0.113744614628467,-0.00774328705052386
"3846","FABP4",-4.8765880012198,5.27528032954707e-10,-1.89610141736872,1.94559844780688e-05,0.858893762930751,0.781052694155899,0.788704531124311,0.00765183696841165
"3847","FOXRED1",0.0879905471010687,0.888901923498872,-0.0667925138110289,0.998419475690512,0.00816086759307835,0.0139705842812203,0.006320021646272,-0.00765056263494832
"3848","NFIA",-1.14488231344286,0.00282998832320692,-0.135230895530661,0.839562299224755,0.1089599717403,0.00653125591068621,0.0141346024363112,0.00760334652562497
"3849","CASTOR1",-0.584208801076204,0.403935058206394,0.175040829754842,0.968200886529169,-0.0260964137375083,-0.00685450528193904,0.000698651008128309,0.00755315629006735
"3850","TMEM70",0.131460634004166,0.762017261109738,0.0157559855212833,0.998419475690512,0.073929441929426,0.0703440611937217,0.0777243012990605,0.00738024010533878
"3851","ROGDI",0.254092629327968,0.615615078206595,-0.0710859812983487,0.998419475690512,-0.147139137813451,-0.135621663759101,-0.14293519438421,-0.00731353062510864
"3852","PSMB7",0.308243021245216,0.301834220992695,0.0276389980246514,0.998419475690512,-0.0579673245509915,-0.0690635955566302,-0.0618352939912507,0.00722830156537951
"3853","MSRB2",0.390572602263417,0.293258946151903,-0.0284682838202509,0.998419475690512,-0.0304896610813593,-0.0548854178929197,-0.0477332895700963,0.00715212832282335
"3854","PIP",-1.60222434336253,0.0159506450904919,0.199062585731984,0.998419475690512,0.0327229655552253,0.0579606214175066,0.0650449212573723,0.00708429983986575
"3855","DUSP23",-0.267029819477076,0.645633260778731,-0.0780179282843664,0.998419475690512,0.134041329336873,0.106934060477733,0.113997878132664,0.00706381765493133
"3856","ICAM1",0.521302484145943,0.302241256890075,0.487152210877214,0.368120898200133,-0.207305979472592,-0.314381855317168,-0.321419951904855,-0.0070380965876875
"3857","PDHB",0.147772127678919,0.691545218551406,0.191499964155386,0.885933373593249,0.102005100473182,0.0764333462965914,0.0834613415974919,0.00702799530090051
"3858","UBE2J1",0.605510237367254,0.0260237469010731,-0.00356655273807739,0.998419475690512,-0.0409104493102171,-0.053361911514503,-0.0464182495153962,0.00694366199910686
"3859","RBM3",-0.0287474683263506,0.961108793510637,-0.0881622984662412,0.998419475690512,0.278983083590428,0.28890386438695,0.282017718292178,-0.00688614609477245
"3860","BCL2L11",0.291228710098574,0.416071650670545,-0.0323096833180081,0.998419475690512,0.110820700579607,0.116157015461682,0.123015976165739,0.00685896070405675
"3861","CXorf38",0.0401578428952061,0.909566295492113,0.590759418752936,0.564881389423587,0.066768781536024,0.0585355299089486,0.06506962808048,0.0065340981715314
"3862","COPS2",0.270152036607408,0.544420977722789,0.192438863915569,0.994306542239506,-0.0837910104530721,-0.0988703744594346,-0.092462346523737,0.00640802793569761
"3863","TBCB",-0.0541176840857163,0.887024754748878,0.152341443475761,0.998419475690512,-0.0605882444252336,-0.054420572590109,-0.0607505257200428,-0.00632995312993375
"3864","RANBP3",-0.0326105259089267,0.933045849471853,0.195791813115249,0.998419475690512,-0.208549844685093,-0.216320739395519,-0.210097157095031,0.00622358230048858
"3865","KLHL3",0.0555589466316441,0.961175782409372,0.0342282071878585,0.998419475690512,0.14285722756494,0.135216643368783,0.14136928013855,0.00615263676976635
"3866","IDS",-0.141877153444472,0.551384955941424,-0.144141192380615,0.998419475690512,0.0244492491459033,0.0134914767742581,0.00735382945189593,-0.00613764732236215
"3867","IL1B",0.216239927496355,0.83009817798418,-0.000880070309870005,0.998419475690512,-0.311425345575419,-0.322614060575993,-0.316512175643113,0.00610188493287989
"3868","BAD",-0.304373188334738,0.534373312137005,-0.0502673971050779,0.998419475690512,0.290256397736693,0.298175849171487,0.292229214844754,-0.00594663432673259
"3869","CD300LF",1.01259471612018,0.00748747013870728,-0.00701297417661685,0.998419475690512,-0.0400416940123498,-0.0179148538475038,-0.0120056232762552,0.00590923057124866
"3870","PMF1",0.0724578094708432,0.905545365893265,-0.00723412072490022,0.998419475690512,0.0517519464536633,0.0469895757425842,0.0528729493075211,0.00588337356493695
"3871","IMPA2",-0.186104978925637,0.70218654545574,0.0554972005541457,0.998419475690512,0.0498771779059429,0.0610591954675915,0.0551764847323767,-0.00588271073521475
"3872","CCT8",-0.276699774212381,0.380002748819271,0.217975200202671,0.998419475690512,0.0301010750097486,0.0513743864286424,0.0455805165193673,-0.00579386990927518
"3873","ING1",-0.0196115374514698,0.961504807677288,-0.0929529898334057,0.998419475690512,-0.00136922238159226,-0.0063633375880963,-0.000577487735743712,0.00578584985235259
"3874","QPCTL",-0.332361730792959,0.523603267025649,-0.512718965151717,0.0097159100323835,0.0272763342930296,-0.104397710973617,-0.0986736163745325,0.00572409459908456
"3875","CRTAM",-0.585610507687287,0.251272077334573,-0.0665008168336974,0.998419475690512,0.0976150113704773,0.068873836412291,0.0631594648217661,-0.00571437159052492
"3876","PLCG2",-0.0444699135320423,0.952432063357582,0.0986398467100583,0.998419475690512,0.277660948311636,0.273119934231719,0.278825304402309,0.0057053701705902
"3877","LAT2",0.189087381581319,0.6949274673802,-0.0168260707077783,0.998419475690512,0.146190376213398,0.167174612962289,0.161607221881846,-0.00556739108044296
"3878","MTMR6",0.456479686679118,0.115100559114431,-0.347804665735596,0.882966594834703,-0.0533849122678642,-0.0211826069116337,-0.026624057281652,-0.0054414503700183
"3879","BORCS5",0.0204105149346212,0.973527504716538,0.0114955189794391,0.998419475690512,0.00184637643450028,-0.00122832236067721,0.00418292124652252,0.00541124360719973
"3880","TXNDC12",-0.00186122671086378,0.997702899553841,0.195046839652252,0.994306542239506,0.0338562707899508,0.0382322933078973,0.0328319530211202,-0.00540034028677711
"3881","RAB1B",0.29194153940948,0.161483516497489,0.411673812168006,0.890061599399742,0.0746548263826911,0.0201962519112517,0.0254533302267981,0.00525707831554636
"3882","ABRAXAS2",-0.121686140622509,0.794726904681466,-0.0116435128354301,0.998419475690512,-0.110118887499866,-0.109484100124265,-0.114705403941726,-0.00522130381746119
"3883","PSMB6",-0.00205440458366026,0.997702899553841,-0.0371838485138938,0.998419475690512,0.0787979431313909,0.0754125191335566,0.0804902861055649,0.00507776697200828
"3884","FAM3A",-0.13169515270696,0.808905508549433,-0.0189799125330902,0.998419475690512,-0.0147016251484699,-0.0115732535058615,-0.00649768394350205,0.0050755695623594
"3885","APOBEC3G",1.12520861204354,0.00342933593462585,0.490960570492589,0.101014253771789,0.533407273591509,0.445019521786009,0.449990059847804,0.0049705380617952
"3886","FAM151B",-0.117783018443201,0.821540268764418,-0.0101973763580473,0.998419475690512,0.305923223018811,0.310225607120755,0.305440689914507,-0.00478491720624846
"3887","TBC1D25",0.138744143436417,0.74132594153698,0.156555377564255,0.998419475690512,-0.135083681332519,-0.127248659969737,-0.122504949036059,0.00474371093367786
"3888","HDAC2",-0.331903727109105,0.306662805055991,0.669037801090874,0.724015366092508,-0.00997476905643569,0.0365247722565644,0.0411269626230876,0.00460219036652326
"3889","KLRC1",0.734041922117939,0.229717079866476,-0.0218099855100777,0.998419475690512,-0.183029108880177,-0.175830652716441,-0.171306044148974,0.00452460856746775
"3890","IL4I1",1.18087882803377,0.00521280874332121,0.135906791552028,0.744984064345224,0.384277881561729,0.334467567461033,0.338984212644166,0.00451664518313361
"3891","PELI1",0.448561233927081,0.302280401022115,-0.0833075872649289,0.998419475690512,0.254856080094714,0.256326918035466,0.26075888185871,0.00443196382324401
"3892","ATF6B",0.169726818655682,0.472388497679794,-0.0177265901500459,0.998419475690512,-0.184113042789383,-0.182864588041179,-0.178476949066693,0.00438763897448666
"3893","YBX1",-0.557841764908562,0.101254198180131,0.488403069685485,0.809010563895537,-0.104904259293757,-0.0567864868289999,-0.0524328757836793,0.00435361104532068
"3894","LAMP1",-0.224304222968611,0.640060699095088,-0.142891633518871,0.942156010382713,-0.115278321138944,-0.116696670282919,-0.120791291209502,-0.00409462092658233
"3895","TCF4",0.517213686669022,0.422655727437897,-0.0371274185260102,0.998419475690512,0.249507350734939,0.25338825378749,0.249304336654478,-0.00408391713301204
"3896","ERAP2",0.391993148770764,0.465971184068048,0.132152075096433,0.998419475690512,0.26318307668102,0.256909717924698,0.252844492291982,-0.00406522563271611
"3897","OGT",-0.0721067260256532,0.875868560604017,-0.0148304222247053,0.998419475690512,0.0550178446979297,0.0589081644567718,0.0629638872236285,0.0040557227668567
"3898","ARF1",-0.179578933061616,0.577759656838359,-0.134569128655168,0.998419475690512,0.0402995349417186,0.0369627251198842,0.040999485412255,0.00403676029237081
"3899","DDX1",-0.428010264733787,0.248447313444012,0.189052752657137,0.998419475690512,-0.131280372361431,-0.116463690214062,-0.11247122268161,0.00399246753245196
"3900","STARD5",0.626080968189818,0.0593540032926054,0.292556214808345,0.857501682187315,0.0961696347022576,0.0522253391392503,0.0561543370551673,0.00392899791591697
"3901","RANBP1",-0.130887389415507,0.813647196242409,-0.0175266232845033,0.998419475690512,-0.00892315500315143,-0.00922703304822944,-0.0131333978568028,-0.00390636480857337
"3902","ADGRE2",0.485971072619115,0.305074770860441,0.293720559004733,0.994306542239506,-0.0441370351784561,-0.0881720471940657,-0.0843517846045104,0.00382026258955535
"3903","SIRPA",0.36379968789274,0.196293860666642,0.125169420536672,0.917185685045979,0.357319581165096,0.344779180488175,0.341056502283551,-0.00372267820462446
"3904","NT5C3B",-0.478787436170502,0.475416620784898,0.0271493794471946,0.998419475690512,0.0652377133938738,0.076344545383834,0.0726418019575096,-0.00370274342632437
"3905","RBM41",-0.544591942186159,0.259315112419848,-0.0103334194644645,0.998419475690512,0.139417786355235,0.149594339701237,0.145897499469865,-0.00369684023137148
"3906","SERF1A",-0.54981865341136,0.449410146636152,0.00482250051261583,0.998419475690512,-0.0440125791352734,-0.0656208358009212,-0.0619771604591585,0.00364367534176267
"3907","STMP1",-0.354695788866059,0.229204203919008,0.0405515412562867,0.998419475690512,-0.0063765983159265,0.00896105407709112,0.00539856434146131,-0.00356248973562981
"3908","CREB1",0.359656723196418,0.207989426563103,0.00155870498608019,0.998419475690512,0.134323610061528,0.133590536650216,0.137090872168199,0.00350033551798332
"3909","LRP11",-1.06417058047265,0.053685747165917,-0.324368047799133,0.342408595900573,0.308614046928861,0.247385701012626,0.250852164227088,0.00346646321446131
"3910","NAIF1",-0.0878647565564622,0.864497668173472,0.138204745290812,0.998419475690512,-0.095657915311303,-0.0787445881883717,-0.0820987907483517,-0.00335420255997998
"3911","PMEPA1",-0.773029690478736,0.155851593230296,0.0277073577405416,0.998419475690512,-0.0140232632229936,-0.0176517705122863,-0.0206574933771672,-0.00300572286488087
"3912","POLE3",-0.168127112478892,0.741878980131295,0.123575008133478,0.998419475690512,-0.0254708722421498,0.00577432851787817,0.00874095743197157,0.0029666289140934
"3913","MCTS1",-0.121423532223722,0.854327119692728,-0.0942989768209498,0.998419475690512,-0.274400757114168,-0.286804479188994,-0.289670160019295,-0.00286568083030098
"3914","NUBP1",-0.46337254774547,0.207989426563103,0.0941615053705586,0.998419475690512,0.0863117041685572,0.115422129881975,0.112585684097818,-0.00283644578415687
"3915","PIR",-0.479193589850236,0.447191128062879,-0.647009076617064,0.472153317410157,0.13602056310912,0.0964543370518948,0.0936773034959985,-0.00277703355589634
"3916","PPFIA1",-0.09554860112765,0.739455915463481,0.118211795078032,0.998419475690512,0.020396706969372,0.0281361480835879,0.0309021859848061,0.00276603790121827
"3917","CLPP",-0.0102130726966175,0.986673577854294,-0.0298320503189531,0.998419475690512,0.0574391663380465,0.0528013827028117,0.050058614288695,-0.00274276841411675
"3918","NT5DC1",-0.436855398559286,0.401506120984726,0.225660429679793,0.843121181677977,-0.0435108827412657,-0.0217217706006292,-0.0189814083171174,0.00274036228351176
"3919","GULP1",-0.0589629289280918,0.954829487624521,0.0973559496022699,0.998419475690512,0.0313982304549684,0.0465097085985437,0.0440609387194048,-0.00244876987913892
"3920","TCN1",0.621358770707744,0.250788398955449,-0.00324054759696257,0.998419475690512,-0.00432317973310243,-0.00980763767942731,-0.0120744882765652,-0.00226685059713792
"3921","KLHL2",0.00764239621008107,0.988931430817488,0.162771193558938,0.998419475690512,0.320961815562335,0.327178400833075,0.324918943628478,-0.00225945720459697
"3922","CASP5",0.901793645709809,0.0864234853259013,0.0138283316261604,0.998419475690512,0.149128046885565,0.154722508825645,0.152649724704746,-0.00207278412089887
"3923","CHTF8",0.0598836281345345,0.938402257987201,0.0217685677810238,0.998419475690512,-0.0428273200186154,-0.0441452778553358,-0.0420797472294085,0.00206553062592725
"3924","SIGLEC12",0.385556984077129,0.68272151351929,0.142917255729932,0.315128655592298,0.232482714499676,0.22122035346259,0.223285108090109,0.0020647546275184
"3925","RND3",-1.08681340529447,0.0459994270204722,-0.017582671119398,0.998419475690512,0.0353626526390401,0.0103628129274599,0.00836159139418063,-0.00200122153327927
"3926","DOK2",-0.519672176174638,0.24361031239555,-0.131596322460549,0.998419475690512,0.0444379675141597,0.0190773601496829,0.02081810420276,0.00174074405307712
"3927","RILPL2",0.0819288056998982,0.876151500500599,-0.155309819610739,0.998419475690512,-0.288810713257759,-0.287200300281514,-0.285518611074627,0.00168168920688677
"3928","MDK",0.376074714491192,0.608942284386307,-0.197183962362202,0.998419475690512,0.323729248559316,0.330030993543925,0.328364711112463,-0.00166628243146177
"3929","TNC",-0.66102674147915,0.335189460273628,0.531494302919094,0.0573277076614577,-0.214356674897196,-0.137187499581715,-0.135705163049134,0.00148233653258092
"3930","GAS6",0.243821350599204,0.586427332514056,-0.240839008240576,0.327559834846293,-0.0267901074963446,0.00406586946117137,0.00552598235478943,0.00146011289361805
"3931","SRC",0.463156011960996,0.132128325847878,0.312098031605446,0.934081246389468,0.0651205935586821,0.018071900364206,0.016624648650706,-0.00144725171350001
"3932","NAGK",0.472934597909449,0.213538320672731,0.665954392533689,0.844219646885179,-0.0121099609358628,-0.0773231228113793,-0.0784606647453746,-0.0011375419339953
"3933","STYX",-0.000347221918081004,0.999628778030348,0.212021845386809,0.883038900315944,0.00549470728174695,0.0093653800967652,0.0104476967687076,0.00108231667194244
"3934","HACL1",0.270097341793105,0.613061355738642,0.0505527793925557,0.998419475690512,0.0746320859295799,0.0695388593906064,0.0704691796530508,0.000930320262444315
"3935","TXNRD1",-0.244687576122039,0.439845208728258,0.265291695627173,0.998419475690512,-0.100655441945113,-0.0854926902168869,-0.0845931712658925,0.000899518950994424
"3936","SERPINB4",-0.626660170337833,0.414383376519285,0.0247965932351836,0.998419475690512,-0.0633694510506174,-0.0564976508353411,-0.0573796727337376,-0.000882021898396548
"3937","RTRAF",-0.0184918289940062,0.960661501941293,0.100003959344931,0.998419475690512,-0.0636632464234928,-0.0601892412298402,-0.0593218253751682,0.000867415854672059
"3938","SPINT1",-0.588146942624784,0.188155243802389,-0.0379141681745867,0.998419475690512,0.403119482901832,0.408336706189393,0.409060482623206,0.000723776433813605
"3939","AKR1C1",-1.36113944217845,0.00851856044808315,-0.100169701803338,0.960940008943582,0.142800328990431,0.0721440845690452,0.0714385965124732,-0.000705488056572071
"3940","RCN1",-0.566025499836931,0.111453453731145,0.0348690375638836,0.998419475690512,0.295466079825941,0.32008279517344,0.320699547278188,0.000616752104747265
"3941","ENTPD5",-0.251092441127171,0.709896571344854,0.0972021439458449,0.998419475690512,0.0681856985654673,0.0790560412898231,0.0795458613805113,0.000489820090688195
"3942","B4GALT2",-0.530946363050565,0.329595172184846,0.00593592867388277,0.998419475690512,-0.0470420951854118,-0.045839480371709,-0.0461689530786452,-0.000329472706936208
"3943","MAP2K5",-0.208573681213831,0.729126841321603,0.362648518731245,0.994739550495444,-0.0565537759389827,-0.0424446059879117,-0.0427454419256864,-0.000300835937774711
"3944","CAPS",-1.21154053691639,0.0575882207761655,-0.432469218654806,0.979608889726842,0.352959733444183,0.351586081780387,0.351411788821876,-0.000174292958510347
