"ID","Description","setSize","enrichmentScore","NES","pvalue","p.adjust","qvalue","rank","leading_edge","core_enrichment","log2err"
"REACTOME_DEVELOPMENTAL_LINEAGE_OF_PANCREATIC_ACINAR_CELLS","REACTOME_DEVELOPMENTAL_LINEAGE_OF_PANCREATIC_ACINAR_CELLS",19,-0.86312150353954,-2.22256235257151,3.8009794996912e-07,3.12349643045805e-05,1.97286017122985e-05,329,"tags=47%, list=5%, signal=45%","SOX9/CPB1/PLA2G1B/REG1A/PNLIP/PRSS1/AMY2A/CEL/RNASE1",0.674962860011025
"REACTOME_DIGESTION","REACTOME_DIGESTION",14,-0.907069652606237,-2.2006715362995,1.15971600362616e-06,7.80102298439199e-05,4.92727553349521e-05,101,"tags=43%, list=2%, signal=42%","PNLIP/PIR/AMY2A/AMY1A/AMY2B/CEL",0.643551836150722
"REACTOME_DIGESTION_AND_ABSORPTION","REACTOME_DIGESTION_AND_ABSORPTION",14,-0.907069652606237,-2.2006715362995,1.15971600362616e-06,7.80102298439199e-05,4.92727553349521e-05,101,"tags=43%, list=2%, signal=42%","PNLIP/PIR/AMY2A/AMY1A/AMY2B/CEL",0.643551836150722
"REACTOME_COMPLEMENT_CASCADE","REACTOME_COMPLEMENT_CASCADE",50,0.786943980129417,2.13018578839191,6.396088971055e-10,1.2907307543589e-07,8.15250266408245e-08,733,"tags=58%, list=12%, signal=52%","CRP/C1R/CFB/C5/SERPING1/CR1/C4BPA/C1S/C9/ELANE/C4B/C3/CFHR2/CFI/FCN2/C2/CD55/CFP/C6/FCN3/C7/CPN2/C1QC/VTN/CFH/CPN1/CFHR4/CFHR1/C8G",0.801215574617779
"REACTOME_INTERFERON_ALPHA_BETA_SIGNALING","REACTOME_INTERFERON_ALPHA_BETA_SIGNALING",45,0.774490189258288,2.10506613450149,4.37059149782361e-08,5.51240852663003e-06,3.48174280709563e-06,560,"tags=29%, list=9%, signal=27%","MX1/ISG15/IFIT3/OAS1/STAT1/GBP2/OASL/PTPN1/IFIT2/HLA-G/KPNB1/HLA-C/RPS27A",0.719512826338911
"REACTOME_INTERFERON_SIGNALING","REACTOME_INTERFERON_SIGNALING",134,0.675815498405988,2.09269745773435,1e-10,2.5225e-08,1.59325931459365e-08,881,"tags=34%, list=14%, signal=30%","MX1/ISG15/IFIT3/OAS1/STAT1/GBP1/GBP2/OASL/UBA7/FKBP5/RIGI/PML/PTPN1/TRIM21/EIF4E/B2M/YBX1/ICAM1/IFIT2/HLA-G/EIF2S1/FCGR1A/EIF4G1/UBE2I/CAMK2D/KPNB1/KPNA2/HSPA2/IFIH1/HSPA5/STAT3/HSPA8/CAMK2B/HLA-C/RPS27A/MAPK3/UBE2L6/NCAM1/PTPN2/VCAM1/SPHK1/HSPA1B/PPM1B/UBB/GBP5/SFN",NA
"REACTOME_INTERFERON_GAMMA_SIGNALING","REACTOME_INTERFERON_GAMMA_SIGNALING",48,0.741001446272771,2.00564413136598,1.82271675417352e-07,2.04346800551231e-05,1.29069353175682e-05,749,"tags=42%, list=12%, signal=37%","OAS1/STAT1/GBP1/GBP2/OASL/PML/PTPN1/TRIM21/B2M/YBX1/ICAM1/HLA-G/FCGR1A/CAMK2D/CAMK2B/HLA-C/MAPK3/NCAM1/PTPN2/VCAM1",0.690132458796796
"REACTOME_INITIAL_TRIGGERING_OF_COMPLEMENT","REACTOME_INITIAL_TRIGGERING_OF_COMPLEMENT",21,0.85848230297835,1.99819920120104,3.02603557527397e-07,2.77569990495585e-05,1.75318522421709e-05,466,"tags=52%, list=7%, signal=49%","CRP/C1R/CFB/C1S/C4B/C3/FCN2/C2/CFP/FCN3/C1QC",0.674962860011025
"REACTOME_ANTIMICROBIAL_MECHANISM_OF_IFN_STIMULATED_GENES","REACTOME_ANTIMICROBIAL_MECHANISM_OF_IFN_STIMULATED_GENES",72,0.686690121903022,1.97297773082014,4.02432642179928e-07,3.12349643045805e-05,1.97286017122985e-05,881,"tags=39%, list=14%, signal=34%","MX1/ISG15/OAS1/STAT1/GBP1/GBP2/OASL/UBA7/RIGI/EIF4E/EIF2S1/EIF4G1/UBE2I/KPNB1/KPNA2/HSPA2/STAT3/HSPA8/RPS27A/MAPK3/UBE2L6/PTPN2/SPHK1/HSPA1B/PPM1B/UBB/GBP5/SFN",0.674962860011025
"REACTOME_INFLUENZA_INFECTION","REACTOME_INFLUENZA_INFECTION",47,0.70665839076992,1.92269060221539,9.0025758886032e-06,0.000363343962864025,0.000229495006237651,751,"tags=40%, list=12%, signal=36%","ISG15/GBP1/RPL5/RPL12/HSP90AA1/RPL30/GTF2F2/CLTC/KPNB1/KPNA2/RPL26L1/RAN/RPS20/RPS25/RPS27A/RPS19/RPL11/RPS3/RPLP2",0.593325476396405
"REACTOME_RRNA_PROCESSING","REACTOME_RRNA_PROCESSING",46,0.70702177888936,1.91964447243522,1.12604663931362e-05,0.000436992715025941,0.000276012968731277,1273,"tags=57%, list=20%, signal=46%","RPL5/RPL12/RPL30/DIMT1/RPL26L1/EMG1/NIP7/RPS20/RPS25/RPS27A/HSD17B10/RPS19/RPL11/RPS3/TRMT112/RPLP2/RPP40/EXOSC5/RPP25/RPS4X/FBL/MRM1/RPS14/EXOSC3/RPS12/MRM2",0.593325476396405
"REACTOME_NONSENSE_MEDIATED_DECAY_NMD","REACTOME_NONSENSE_MEDIATED_DECAY_NMD",29,0.756065288581977,1.90063984315159,3.80975449856318e-05,0.00128134742968342,0.000809323578820111,1234,"tags=66%, list=19%, signal=53%","RPL5/RPL12/RPL30/EIF4G1/RPL26L1/MAGOHB/RPS20/MAGOH/RPS25/RPS27A/RPS19/RPL11/RPS3/RPLP2/NCBP1/RPS4X/RPS14/PPP2R1A/RPS12",0.557332238758646
"REACTOME_CHROMATIN_ORGANIZATION","REACTOME_CHROMATIN_ORGANIZATION",70,0.658302476166958,1.88054530691711,3.06025962635399e-06,0.000153120013847221,9.67135335234064e-05,1440,"tags=50%, list=23%, signal=39%","RBBP4/HDAC2/EED/RBBP5/H2AC1/WDR5/H2BC26/PADI4/BCL7A/CREBBP/H3C1/H2AC11/PRMT1/H2BC21/H2AC25/PADI1/SAP30/RIOX2/H2BC12/ARID1A/PBRM1/JMJD6/MORF4L2/PADI2/NFKB1/KDM1A/EHMT2/TADA3/SETD3/HAT1/KDM4C/NCOA2/KAT2A/HDAC8/EZH2",0.627256739718528
"REACTOME_FORMATION_OF_FIBRIN_CLOT_CLOTTING_CASCADE","REACTOME_FORMATION_OF_FIBRIN_CLOT_CLOTTING_CASCADE",33,0.741246474567898,1.87294380683324,4.25570313043355e-05,0.0013519737158956,0.000853932493929216,1192,"tags=70%, list=19%, signal=57%","FGG/SERPING1/VWF/F5/PRCP/SERPINA5/A2M/F13B/SERPINC1/CD177/F11/F10/PRTN3/SERPIND1/F8/F7/SERPINE2/F9/PROC/PROS1/KNG1/KLKB1/GP5",0.557332238758646
"REACTOME_DENGUE_VIRUS_ACTIVATES_MODULATES_INNATE_AND_ADAPTIVE_IMMUNE_RESPONSES","REACTOME_DENGUE_VIRUS_ACTIVATES_MODULATES_INNATE_AND_ADAPTIVE_IMMUNE_RESPONSES",13,0.89446738978688,1.86967505800978,5.92581382024256e-06,0.000249131089359364,0.00015735596776082,493,"tags=69%, list=8%, signal=64%","APOA1/C4BPA/C1S/PML/C4B/HSP90AA1/HSP90AB1/IFIH1/VTN",0.610526878385931
"REACTOME_DENGUE_VIRUS_INFECTION","REACTOME_DENGUE_VIRUS_INFECTION",178,0.588621053156834,1.86367327226645,2.4887877483655e-08,3.58740976871541e-06,2.26587672121707e-06,1042,"tags=42%, list=16%, signal=36%","APOA1/C4BPA/UBA7/C1S/GRPEL1/PML/DNAJB11/TIMD4/UBA1/EIF4E/C4B/H2AC1/HSP90AA1/YBX1/UBA6/LYN/H2BC26/SRRT/HSP90AB1/GTF2F2/EIF4G1/H3C1/H2AC11/FASN/UBE2I/NUDT21/CAMK2D/H2BC21/H2AC25/HNRNPF/KPNB1/HNRNPA2B1/RPN1/KPNA2/IFIH1/VIM/PDIA3/HNRNPA1/HSPA5/PRPF19/VCP/AGRN/RRBP1/VTN/HSPA8/MMP9/CAMK2B/RPS27A/H2BC12/PRKG1/HYOU1/AP2A2/CD300A/NACA/HNRNPD/AP2B1/HSPA1B/NCBP1/UBB/HSPG2/CD14/SNRPF/EMC4/SF3B6/HNRNPK/SRSF7/PROS1/HNRNPA0/MAP1LC3B/PUF60/SNRPA1/PCBP1/POLR2E/CSTF1/EIF4A2",0.73376198835648
"REACTOME_ISG15_ANTIVIRAL_MECHANISM","REACTOME_ISG15_ANTIVIRAL_MECHANISM",34,0.736361160696054,1.85708402069115,2.91527664637839e-05,0.00101431521937786,0.000640660920201338,1089,"tags=50%, list=17%, signal=42%","MX1/ISG15/STAT1/UBA7/RIGI/EIF4E/EIF4G1/KPNB1/KPNA2/RPS27A/MAPK3/UBE2L6/PPM1B/UBB/EIF4A2/PLCG1/HERC5",0.575610261071129
"REACTOME_DENGUE_VIRUS_HOST_INTERACTIONS","REACTOME_DENGUE_VIRUS_HOST_INTERACTIONS",109,0.612962441554261,1.85449947559451,1.36237950434749e-06,8.26812088354399e-05,5.22230351313883e-05,1021,"tags=42%, list=16%, signal=36%","APOA1/C4BPA/C1S/GRPEL1/PML/C4B/H2AC1/HSP90AA1/YBX1/H2BC26/SRRT/HSP90AB1/GTF2F2/H3C1/H2AC11/FASN/UBE2I/NUDT21/CAMK2D/H2BC21/H2AC25/HNRNPF/HNRNPA2B1/IFIH1/VIM/HNRNPA1/PRPF19/AGRN/VTN/HSPA8/MMP9/CAMK2B/H2BC12/HNRNPD/NCBP1/HSPG2/SNRPF/SF3B6/HNRNPK/SRSF7/HNRNPA0/PUF60/SNRPA1/PCBP1/POLR2E/CSTF1",0.643551836150722
"REACTOME_SELENOAMINO_ACID_METABOLISM","REACTOME_SELENOAMINO_ACID_METABOLISM",39,0.70354736398815,1.84141485592533,4.28772635368277e-05,0.0013519737158956,0.000853932493929216,1278,"tags=62%, list=20%, signal=49%","RPL5/PAPSS1/RPL12/RPL30/GSR/KARS1/RPL26L1/AHCY/RPS20/RPS25/DARS1/RPS27A/RPS19/TXNRD1/RPL11/RPS3/RPLP2/MAT1A/RPS4X/NNMT/RPS14/EEF1E1/RPS12/AIMP1",0.557332238758646
"REACTOME_DENGUE_VIRUS_GENOME_TRANSLATION_AND_REPLICATION","REACTOME_DENGUE_VIRUS_GENOME_TRANSLATION_AND_REPLICATION",49,0.673376109397886,1.8397578506967,4.57986780410572e-05,0.00140032927707354,0.000884474792545332,1182,"tags=55%, list=19%, signal=45%","APOA1/DNAJB11/EIF4E/YBX1/EIF4G1/FASN/UBE2I/KPNB1/RPN1/KPNA2/VIM/PDIA3/HSPA5/VCP/RRBP1/HSPA8/RPS27A/PRKG1/HYOU1/NACA/HNRNPD/HSPA1B/UBB/MAP1LC3B/EIF4A2/P4HB/NMT1",0.557332238758646
"REACTOME_REVERSIBLE_HYDRATION_OF_CARBON_DIOXIDE","REACTOME_REVERSIBLE_HYDRATION_OF_CARBON_DIOXIDE",11,-0.783642508003483,-1.83817512617733,0.00554323760048947,0.043084356658808,0.0272129048800478,400,"tags=36%, list=6%, signal=34%","CA5B/CA1/CA3/CA6",0.407017918923954
"REACTOME_NEUTROPHIL_DEGRANULATION","REACTOME_NEUTROPHIL_DEGRANULATION",310,0.558739667868463,1.83050312256776,1e-10,2.5225e-08,1.59325931459365e-08,909,"tags=37%, list=14%, signal=33%","HP/GPI/PNP/RNASE3/CR1/PA2G4/S100A8/RETN/PKM/SELL/SERPINA3/TNFAIP6/SERPINB1/ELANE/PSMA2/PYGB/IDH1/BPI/FTL/TNFRSF1B/PYGL/S100A12/PRCP/CEACAM8/B2M/FGR/MVP/HSP90AA1/DEFA1/MPO/ALDOA/MMP8/CREG1/ALDOC/MAPK14/C3/S100A9/MNDA/CHI3L1/RHOA/SIGLEC5/CD177/HSP90AB1/GDI2/TXNDC5/FCGR2A/RAB31/CD55/LILRA3/CFP/KPNB1/LYZ/PIGR/CAND1/SIGLEC9/LCN2/PRTN3/VCP/PGM2/NME2/OLFM4/VAT1/CAP1/PRG3/RAB7A/GCA/PYCARD/GRN/PGAM1/SIGLEC14/LILRB2/TIMP2/A1BG/PLAUR/QSOX1/HSPA8/MMP9/CAB39/HMOX2/HLA-C/PSMB1/PPIA/ARG1/CTSG/PSMD11/IGF2R/RAB4B/AP2A2/BIN2/MLEC/GALNS/BST1/FCGR3B/CDA/EEF1A1/RAB14/CTSD/CD300A/PSMC3/HSPA1B/GNS/RAB27A/CD14/SERPINA1/CCT8/RAB24/RAB5B/RAB5C/ARHGAP45/RAB18/ACLY/TLR2/GGH/PADI2",NA
"REACTOME_EUKARYOTIC_TRANSLATION_ELONGATION","REACTOME_EUKARYOTIC_TRANSLATION_ELONGATION",24,0.760585534383963,1.83046075781507,0.000221970736841685,0.00476528666964383,0.00300984633225727,1260,"tags=71%, list=20%, signal=57%","RPL5/RPL12/RPL30/EEF1D/RPL26L1/RPS20/RPS25/RPS27A/RPS19/RPL11/EEF1A1/RPS3/RPLP2/RPS4X/RPS14/RPS12/EEF1G",0.518848077743792
"REACTOME_TRANSCRIPTIONAL_REGULATION_OF_GRANULOPOIESIS","REACTOME_TRANSCRIPTIONAL_REGULATION_OF_GRANULOPOIESIS",20,0.787623521958943,1.82942786671864,0.000283087533314788,0.00560069257087493,0.0035375047003853,796,"tags=40%, list=13%, signal=35%","PML/H2BC26/SPI1/H3C1/H2BC21/STAT3/H2BC12/CDK2",0.49849310876659
"REACTOME_HDACS_DEACETYLATE_HISTONES","REACTOME_HDACS_DEACETYLATE_HISTONES",16,0.82195795548303,1.82454993378536,0.000157026834930727,0.0036846529405838,0.00232729737111199,591,"tags=62%, list=9%, signal=57%","RBBP4/HDAC2/H2AC1/H2BC26/H3C1/H2AC11/H2BC21/H2AC25/SAP30/H2BC12",0.518848077743792
"REACTOME_INTRINSIC_PATHWAY_OF_FIBRIN_CLOT_FORMATION","REACTOME_INTRINSIC_PATHWAY_OF_FIBRIN_CLOT_FORMATION",21,0.780200293842991,1.81599038037852,7.62429935572739e-05,0.00207916704052133,0.00131324172602843,1192,"tags=81%, list=19%, signal=66%","SERPING1/VWF/PRCP/SERPINA5/A2M/SERPINC1/F11/F10/SERPIND1/F8/SERPINE2/F9/PROC/PROS1/KNG1/KLKB1/GP5",0.538434096309916
"REACTOME_REGULATION_OF_ENDOGENOUS_RETROELEMENTS_BY_PIWI_INTERACTING_RNAS_PIRNAS","REACTOME_REGULATION_OF_ENDOGENOUS_RETROELEMENTS_BY_PIWI_INTERACTING_RNAS_PIRNAS",11,0.883972441349659,1.81200682117712,0.000103275134944679,0.00267191310664567,0.00168763149452846,607,"tags=73%, list=10%, signal=66%","RBBP4/HDAC2/H2BC26/BCL7A/H3C1/H2BC21/H2BC12/ARID1A",0.538434096309916
"REACTOME_REGULATION_OF_PD_L1_CD274_TRANSCRIPTION","REACTOME_REGULATION_OF_PD_L1_CD274_TRANSCRIPTION",29,0.720703137419659,1.81174446010245,0.000312042090265981,0.00594057488827123,0.00375218088197393,591,"tags=38%, list=9%, signal=35%","STAT1/RBBP4/EED/RBBP5/WDR5/H2BC26/CREBBP/H3C1/H2BC21/STAT3/H2BC12",0.49849310876659
"REACTOME_CREATION_OF_C4_AND_C2_ACTIVATORS","REACTOME_CREATION_OF_C4_AND_C2_ACTIVATORS",14,0.834801310145386,1.80001232339645,0.000295606874453835,0.00573591031392153,0.00362291081678067,466,"tags=43%, list=7%, signal=40%","CRP/C1R/C1S/FCN2/FCN3/C1QC",0.49849310876659
"REACTOME_VIRAL_INFECTION_PATHWAYS","REACTOME_VIRAL_INFECTION_PATHWAYS",466,0.543078965673907,1.79874987845914,1e-10,2.5225e-08,1.59325931459365e-08,1147,"tags=35%, list=18%, signal=31%","ISG15/STAT1/GBP1/ZBP1/RBBP4/NMI/APOA1/HDAC2/C4BPA/RPL5/UBA7/C1S/RIGI/GRPEL1/PML/EED/PSMB2/RPL12/PSMA2/DNAJB11/TIMD4/UBA1/SMN1/EIF4E/C4B/H2AC1/IGHM/B2M/IL17RA/HSP90AA1/RPL30/APOBEC3G/YBX1/UBA6/LYN/H2BC26/SRRT/HLA-G/FKBP4/G3BP2/HSP90AB1/GTF2F2/CREBBP/EIF4G1/H3C1/H2AC11/FASN/UBE2I/NUDT21/CAMK2D/PRMT1/CLTC/ST3GAL2/H2BC21/H2AC25/HNRNPF/KPNB1/HNRNPA2B1/RPN1/KPNA2/RPL26L1/IFIH1/VIM/PDIA3/HNRNPA1/HSPA5/CSNK2A1/PRPF19/SAP30/VCP/AGRN/GSK3A/RAN/PYCARD/PPP1CC/RRBP1/RANGAP1/RPS20/VTN/RPS25/PSMA7/HSPA8/MMP9/PPIH/YWHAB/VAV1/CAMK2B/HLA-C/RPS27A/PSMB1/PPIA/YWHAZ/IGF1R/H2BC12/PSMD11/SRPK1/PRKG1/UBE2L6/RPS19/YWHAG/HYOU1/AP2A2/CLEC4M/RPL11/EEF1A1/CHMP6/RPS3/CD300A/GTF2E2/XRCC4/RPLP2/NACA/AKT3/PSMC3/PSIP1/ATP1B3/HNRNPD/AP2B1/HSPA1B/GRB2/NCBP1/UBB/HSPG2/GEMIN7/PSMB4/LCK/CD14/SNRPF/EMC4/TBP/SF3B6/RAB5B/RCAN3/RAB5C/SFN/PSMA4/HNRNPK/TLR2/SRSF7/TRIM28/PROS1/HNRNPA0/SERPINE1/MAP1LC3B/PUF60/SNRPA1/FXYD2/DOCK2/NFKB1/PCBP1/TLR1/POLR2E/CSTF1/RPS4X/EIF4A2/CSNK2A2/RBM17/KDM1A/HERC5/PSMD7/TAF8/HNRNPM/P4HB/PTPN11",NA
"REACTOME_METABOLISM_OF_RNA","REACTOME_METABOLISM_OF_RNA",230,0.556325517379009,1.79244162766321,2.09761852830899e-08,3.52749515843961e-06,2.228033505795e-06,1712,"tags=50%, list=27%, signal=38%","RPL5/NXT1/PSMB2/RPL12/PSMA2/SMN1/EIF4E/RPL30/YBX1/MAPK14/DDX39B/SRRT/TRA2B/SNRPA/GTF2F2/DCPS/EIF4G1/NUDT21/DIMT1/HNRNPF/HNRNPA2B1/RPL26L1/MAGOHB/HNRNPA1/PRPF19/SLBP/TSEN34/EMG1/RAN/NIP7/CNOT1/RPS20/DDX6/MAGOH/RPS25/PSMA7/RBM39/HSPA8/PPIH/YWHAB/RPS27A/PSMB1/YWHAZ/PSMD11/CNOT9/HSD17B10/RPS19/TRMT6/EDC4/RPL11/PPIL2/RPS3/TRMT112/RPLP2/POP7/PSMC3/RPP40/HNRNPD/NCBP1/PNPT1/UBB/GEMIN7/PSMB4/SNRPF/SF3B6/EXOSC5/THOC1/PSMA4/HNRNPK/SRSF7/RPP25/PUF60/SNRPA1/DDX1/SET/PCBP1/POLR2E/CSTF1/RPS4X/EIF4A2/RBM17/PSMD7/FBL/HNRNPM/MRM1/RPS14/EXOSC3/PPP2R1A/RPS12/RNGTT/MRM2/EIF4A1/SNRPD2/CCNH/EIF4B/YTHDC1/QTRT2/EXOSC8/EIF4A3/LSM4/HSPA1A/SNRPB2/SEC13/DUS2/SF1/RPS5/WDR18/HNRNPR/LSM3/RTRAF/MNAT1/PSMC5/PSMD6/PRPF6",0.73376198835648
"REACTOME_MRNA_3_END_PROCESSING","REACTOME_MRNA_3_END_PROCESSING",59,0.644315105416323,1.7912766156881,6.30296579224207e-05,0.00176658124565896,0.00111580655089498,1130,"tags=49%, list=18%, signal=41%","YBX1/DDX39B/SRRT/TRA2B/SNRPA/GTF2F2/NUDT21/HNRNPF/HNRNPA2B1/MAGOHB/HNRNPA1/MAGOH/RBM39/RPS27A/HNRNPD/NCBP1/UBB/SNRPF/SF3B6/THOC1/HNRNPK/SRSF7/PUF60/SNRPA1/PCBP1/POLR2E/CSTF1/RBM17/HNRNPM",0.538434096309916
"REACTOME_RIBOSOME_ASSOCIATED_QUALITY_CONTROL","REACTOME_RIBOSOME_ASSOCIATED_QUALITY_CONTROL",50,0.658522337211026,1.78256007986091,0.00010965981832593,0.00276616891727158,0.00174716526984435,1234,"tags=52%, list=19%, signal=42%","RPL5/PSMB2/RPL12/PSMA2/RPL30/RPL26L1/VCP/RPS20/RPS25/PSMA7/RPS27A/PSMB1/PSMD11/RPS19/RPL11/RPS3/RPLP2/PSMC3/UBB/PSMB4/PSMA4/UBE2D2/RPS4X/PSMD7/RPS14/RPS12",0.538434096309916
"REACTOME_COMMON_PATHWAY_OF_FIBRIN_CLOT_FORMATION","REACTOME_COMMON_PATHWAY_OF_FIBRIN_CLOT_FORMATION",18,0.792483998251335,1.7824222046859,0.000394264685893536,0.00723296487393778,0.0045684791506561,913,"tags=72%, list=14%, signal=62%","FGG/F5/SERPINA5/F13B/SERPINC1/CD177/F10/PRTN3/SERPIND1/F8/SERPINE2/PROC/PROS1",0.49849310876659
"REACTOME_INFLUENZA_VIRAL_RNA_TRANSCRIPTION_AND_REPLICATION","REACTOME_INFLUENZA_VIRAL_RNA_TRANSCRIPTION_AND_REPLICATION",32,0.69876461536311,1.77207516798408,0.00042275144579862,0.00748344225983873,0.00472668546509882,1234,"tags=53%, list=19%, signal=43%","RPL5/RPL12/HSP90AA1/RPL30/GTF2F2/RPL26L1/RPS20/RPS25/RPS27A/RPS19/RPL11/RPS3/RPLP2/POLR2E/RPS4X/RPS14/RPS12",0.49849310876659
"REACTOME_BINDING_AND_UPTAKE_OF_LIGANDS_BY_SCAVENGER_RECEPTORS","REACTOME_BINDING_AND_UPTAKE_OF_LIGANDS_BY_SCAVENGER_RECEPTORS",40,0.67879838327973,1.7713004057629,0.000344358279777495,0.0064343982276943,0.00406408916157732,666,"tags=45%, list=10%, signal=41%","HP/COL3A1/SAA1/APOE/HPX/APOL1/APOA1/FTL/AMBP/HSP90AA1/HSP90B1/S100A9/CD5L/ALB/SCARF1/APOB/HYOU1/COL1A1",0.49849310876659
"REACTOME_REGULATION_OF_ENDOGENOUS_RETROELEMENTS","REACTOME_REGULATION_OF_ENDOGENOUS_RETROELEMENTS",18,0.786959534182087,1.7699968087817,0.000536033595943529,0.00858504600487335,0.00542247948998193,1077,"tags=67%, list=17%, signal=56%","RBBP4/HDAC2/H2BC26/BCL7A/H3C1/UBE2I/H2BC21/SUMO2/H2BC12/ARID1A/TRIM28/EHMT2",0.477270815362862
"REACTOME_TRANSLATION","REACTOME_TRANSLATION",129,0.577219013884405,1.76628207109925,5.61699464180444e-06,0.000246415112764377,0.000155640504923087,1278,"tags=40%, list=20%, signal=32%","RPL5/PSMB2/RPL12/WARS1/PSMA2/YARS1/EIF4E/PPA1/RPL30/GARS1/TARS1/EIF2S1/HARS1/EEF1D/EIF4G1/KARS1/RPN1/RPL26L1/VCP/AARS1/RPS20/RPS25/PSMA7/DARS1/RPS27A/PSMB1/MRPL32/PSMD11/RPS19/RPL11/EEF1A1/RPS3/TRMT112/RPLP2/PSMC3/NARS1/UBB/PSMB4/PSMA4/UBE2D2/RPS4X/EIF4A2/DARS2/EIF3G/PSMD7/RPS14/EEF1E1/RPS12/SRP19/EEF1G/AIMP1",0.610526878385931
"REACTOME_RIBOSOME_QUALITY_CONTROL_RQC_COMPLEX_EXTRACTS_AND_DEGRADES_NASCENT_PEPTIDE","REACTOME_RIBOSOME_QUALITY_CONTROL_RQC_COMPLEX_EXTRACTS_AND_DEGRADES_NASCENT_PEPTIDE",35,0.680537024275728,1.76564410872364,0.000731630017711842,0.0108560983510478,0.00685691965032768,977,"tags=51%, list=15%, signal=44%","RPL5/PSMB2/RPL12/PSMA2/RPL30/RPL26L1/VCP/PSMA7/RPS27A/PSMB1/PSMD11/RPL11/RPLP2/PSMC3/UBB/PSMB4/PSMA4/UBE2D2",0.477270815362862
"REACTOME_CYTOSOLIC_TRNA_AMINOACYLATION","REACTOME_CYTOSOLIC_TRNA_AMINOACYLATION",17,0.77946277735777,1.76408808042154,0.000718320578503747,0.0108560983510478,0.00685691965032768,792,"tags=59%, list=12%, signal=52%","WARS1/YARS1/PPA1/GARS1/TARS1/HARS1/KARS1/AARS1/DARS1/NARS1",0.477270815362862
"REACTOME_SRP_DEPENDENT_COTRANSLATIONAL_PROTEIN_TARGETING_TO_MEMBRANE","REACTOME_SRP_DEPENDENT_COTRANSLATIONAL_PROTEIN_TARGETING_TO_MEMBRANE",30,0.71073791710909,1.76236024752574,0.000504197346460695,0.00843961030239908,0.0053306195147028,1249,"tags=53%, list=20%, signal=43%","RPL5/RPL12/RPL30/RPN1/RPL26L1/RPS20/RPS25/RPS27A/RPS19/RPL11/RPS3/RPLP2/RPS4X/RPS14/RPS12/SRP19",0.477270815362862
"REACTOME_DDX58_IFIH1_MEDIATED_INDUCTION_OF_INTERFERON_ALPHA_BETA","REACTOME_DDX58_IFIH1_MEDIATED_INDUCTION_OF_INTERFERON_ALPHA_BETA",57,0.639440057209863,1.75537746677549,0.00013590393581568,0.00334456271312246,0.00211248986954408,1162,"tags=33%, list=18%, signal=27%","ISG15/SAA1/UBA7/DHX58/RIGI/S100A12/HSP90AA1/HSP90AB1/CREBBP/IFIH1/CYLD/RPS27A/UBE2L6/NKIRAS1/UBB/UBE2D2/NFKB1/HERC5/HMGB1",0.518848077743792
"REACTOME_SARS_COV_2_HOST_INTERACTIONS","REACTOME_SARS_COV_2_HOST_INTERACTIONS",92,0.603570533453057,1.75367782635063,2.17552365092738e-05,0.000813001245846564,0.000513507158660566,1035,"tags=34%, list=16%, signal=29%","ISG15/STAT1/RIGI/SMN1/B2M/IL17RA/HSP90AA1/HLA-G/G3BP2/HSP90AB1/CREBBP/KPNA2/IFIH1/RPS20/RPS25/YWHAB/HLA-C/RPS27A/YWHAZ/RPS19/YWHAG/RPS3/AKT3/UBB/GEMIN7/SNRPF/SFN/TLR2/MAP1LC3B/TLR1/RPS4X",0.575610261071129
"REACTOME_CYTOKINE_SIGNALING_IN_IMMUNE_SYSTEM","REACTOME_CYTOKINE_SIGNALING_IN_IMMUNE_SYSTEM",500,0.52504573369733,1.75349094484222,1e-10,2.5225e-08,1.59325931459365e-08,1175,"tags=30%, list=19%, signal=26%","MX1/ISG15/IFIT3/OAS1/TIFA/CXCL10/STAT1/MMP1/GBP1/SAA1/GBP2/OASL/IFNL3/UBA7/HMOX1/FKBP5/IL1RN/RIGI/PML/PSMB2/IL6/PSMA2/PTPN1/CASP3/MMP2/TRIM21/TNFRSF1B/S100A12/EIF4E/SERPINB2/B2M/IL17RA/HSP90AA1/LGALS9/YBX1/ICAM1/LYN/IFIT2/FN1/MAPK14/LBP/HSP90B1/PSME2/HLA-G/IL18R1/CCL2/MMP3/EIF2S1/FCGR1A/CFL1/LCP1/MAPK10/EIF4G1/H3C1/MAPKAPK3/IL1R2/UBE2I/CAMK2D/USP14/CDC42/HNRNPF/KPNB1/HNRNPA2B1/KPNA2/HSPA2/TALDO1/IFIH1/VIM/RALA/HSPA5/LCN2/PRTN3/CCL5/STAT3/GSTO1/SRC/PSMA7/SOD2/CAPZA1/HSPA8/MMP9/VAV1/CAMK2B/HLA-C/RPS27A/PSMB1/MAPK3/PPIA/CD27/YWHAZ/CTSG/IGHE/MTAP/CSK/PSMD11/CSH1/UBE2L6/IFNL1/NCAM1/PTPN2/MAP2K4/FCER2/VCAM1/CXCL8/AKT3/PSMC3/IL18BP/SPHK1/HSPA1B/NKIRAS1/PPM1B/GRB2/UBB/PSMB4/LCK/IL19/IL9/TIMP1/GBP5/STX3/SFN/IL1RAP/PSMA4/IL36A/EBI3/ANXA1/IL15RA/SNRPA1/LTBR/UBE2D2/HSPA9/NFKB1/IRF6/CCL19/STAT5A/EIF4A2/FLT3/PLCG1/ABL2/HERC5/TNFRSF1A/IL10/PSMD7/PTPRJ/P4HB/PTPN11/HMGB1/LTB/SHC1",NA
"REACTOME_SARS_COV_2_ACTIVATES_MODULATES_INNATE_AND_ADAPTIVE_IMMUNE_RESPONSES","REACTOME_SARS_COV_2_ACTIVATES_MODULATES_INNATE_AND_ADAPTIVE_IMMUNE_RESPONSES",57,0.638666940735002,1.75325512360374,0.00013960194581035,0.00335377055530103,0.00211830571902607,560,"tags=25%, list=9%, signal=23%","ISG15/STAT1/RIGI/B2M/IL17RA/HSP90AA1/HLA-G/G3BP2/HSP90AB1/CREBBP/KPNA2/IFIH1/HLA-C/RPS27A",0.518848077743792
"REACTOME_REGULATION_OF_T_CELL_ACTIVATION_BY_CD28_FAMILY","REACTOME_REGULATION_OF_T_CELL_ACTIVATION_BY_CD28_FAMILY",113,0.574339476138204,1.75263131704147,2.50817292534567e-05,0.000903838029169208,0.000570881410845512,1216,"tags=40%, list=19%, signal=33%","STAT1/RBBP4/EED/PSMB2/PSMA2/RBBP5/WDR5/LYN/H2BC26/CREBBP/H3C1/H2BC21/CDC42/RPN1/CSNK2A1/VCP/STAT3/SRC/PSMA7/VAV1/RPS27A/PSMB1/H2BC12/CSK/PSMD11/YWHAG/AKT3/PSMC3/PIK3CG/GRB2/UBB/PSMB4/LCK/PSMA4/ICOSLG/ERLEC1/NFKB1/CSNK2A2/PSMD7/AGO3/PTPN11/SPOP/AGO1/YES1/PPP2R1A",0.575610261071129
"REACTOME_DEVELOPMENTAL_CELL_LINEAGES_OF_THE_EXOCRINE_PANCREAS","REACTOME_DEVELOPMENTAL_CELL_LINEAGES_OF_THE_EXOCRINE_PANCREAS",50,-0.539454408256087,-1.75255579717503,0.00131976606818645,0.0169931392016321,0.0107331921971008,329,"tags=22%, list=5%, signal=21%","SOX9/CPB1/COL11A2/PLA2G1B/SHH/REG1A/PNLIP/PRSS1/AMY2A/CEL/RNASE1",0.45505986738723
"REACTOME_MRNA_POLYADENYLATION","REACTOME_MRNA_POLYADENYLATION",53,0.632709983558524,1.75155229479785,0.00055259894674284,0.00871206776974259,0.00550270886957918,1130,"tags=47%, list=18%, signal=39%","YBX1/SRRT/TRA2B/SNRPA/GTF2F2/NUDT21/HNRNPF/HNRNPA2B1/HNRNPA1/RBM39/RPS27A/HNRNPD/NCBP1/UBB/SNRPF/SF3B6/HNRNPK/SRSF7/PUF60/SNRPA1/PCBP1/POLR2E/CSTF1/RBM17/HNRNPM",0.477270815362862
"REACTOME_PLATELET_ACTIVATION_SIGNALING_AND_AGGREGATION","REACTOME_PLATELET_ACTIVATION_SIGNALING_AND_AGGREGATION",158,0.560746157767383,1.7479443639546,1.39304316174676e-06,8.26812088354399e-05,5.22230351313883e-05,961,"tags=35%, list=15%, signal=31%","ITIH4/FGG/SERPING1/VWF/APOA1/SERPINF2/ECM1/SERPINA3/PTPN1/F5/TMX3/PLEK/ALDOA/LYN/FN1/MAPK14/A2M/MANF/TF/ACTN1/RHOA/CYRIB/CFL1/VAV3/CDC42/APOH/ALB/HSPA5/CAP1/PRKCB/A1BG/SRC/QSOX1/ITIH3/VAV1/PLA2G4A/MAPK3/F8/PPIA/YWHAZ/CSK/OLA1/LGALS3BP/COL1A1/ACTN4/PIK3CG/THBS1/GRB2/LCK/SERPINA1/TIMP1/SERPINA4/PFN1/PROS1/SERPINE1/RHOB",0.643551836150722
"REACTOME_CO_INHIBITION_BY_PD_1","REACTOME_CO_INHIBITION_BY_PD_1",86,0.587264422550189,1.74642102717158,0.000212009933071516,0.00465039179280782,0.00293727652741364,1180,"tags=41%, list=19%, signal=34%","STAT1/RBBP4/EED/PSMB2/PSMA2/RBBP5/WDR5/H2BC26/CREBBP/H3C1/H2BC21/RPN1/CSNK2A1/VCP/STAT3/PSMA7/RPS27A/PSMB1/H2BC12/CSK/PSMD11/YWHAG/PSMC3/UBB/PSMB4/LCK/PSMA4/ERLEC1/NFKB1/CSNK2A2/PSMD7/AGO3/PTPN11/SPOP/AGO1",0.518848077743792
"REACTOME_REGULATION_OF_EXPRESSION_OF_SLITS_AND_ROBOS","REACTOME_REGULATION_OF_EXPRESSION_OF_SLITS_AND_ROBOS",57,0.634581052382277,1.74203862838224,0.000176582109713274,0.00395936330445986,0.00250080969858908,1234,"tags=49%, list=19%, signal=40%","RPL5/PSMB2/RPL12/PSMA2/RPL30/EIF4G1/RPL26L1/MAGOHB/RPS20/MAGOH/RPS25/PSMA7/RPS27A/PSMB1/PSMD11/RPS19/RPL11/RPS3/RPLP2/PSMC3/NCBP1/UBB/PSMB4/PSMA4/RPS4X/PSMD7/RPS14/RPS12",0.518848077743792
"REACTOME_PLASMA_LIPOPROTEIN_CLEARANCE","REACTOME_PLASMA_LIPOPROTEIN_CLEARANCE",21,0.746534298163712,1.73762957382423,0.00040643480714794,0.00732308429307627,0.00462540030188234,800,"tags=48%, list=13%, signal=42%","APOE/APOA1/PCSK9/CLTC/APOC1/APOB/RPS27A/AP2A2/AP2B1/UBB",0.49849310876659
"REACTOME_OXIDATIVE_STRESS_INDUCED_SENESCENCE","REACTOME_OXIDATIVE_STRESS_INDUCED_SENESCENCE",38,0.667703549159479,1.73504991935881,0.000730379699514733,0.0108560983510478,0.00685691965032768,1180,"tags=42%, list=19%, signal=34%","RBBP4/EED/MAPK14/H2BC26/MAPK10/H3C1/MAPKAPK3/H2BC21/RPS27A/MAPK3/H2BC12/MAP2K4/UBB/CDKN2D/AGO3/AGO1",0.477270815362862
"REACTOME_PLASMA_LIPOPROTEIN_ASSEMBLY_REMODELING_AND_CLEARANCE","REACTOME_PLASMA_LIPOPROTEIN_ASSEMBLY_REMODELING_AND_CLEARANCE",42,0.65610424946206,1.73182022243903,0.000702636692392344,0.0108560983510478,0.00685691965032768,1016,"tags=45%, list=16%, signal=38%","APOE/APOA1/APOA4/PCSK9/A2M/CLTC/ALB/LPL/APOC1/APOB/ANGPTL3/RPS27A/CETP/AP2A2/APOF/AP2B1/UBB/ANGPTL4/APOC3",0.477270815362862
"REACTOME_REGULATION_OF_CDH1_GENE_TRANSCRIPTION","REACTOME_REGULATION_OF_CDH1_GENE_TRANSCRIPTION",24,0.719467156699403,1.73150334490875,0.00153017977167623,0.0181641339955449,0.0114728149375338,724,"tags=46%, list=11%, signal=41%","RBBP4/HDAC2/PKM/EED/H2BC26/H3C1/H2BC21/MAPK3/H2BC12/ARID1A/SIRT1",0.45505986738723
"REACTOME_REGULATION_OF_ENDOGENOUS_RETROELEMENTS_BY_KRAB_ZFP_PROTEINS","REACTOME_REGULATION_OF_ENDOGENOUS_RETROELEMENTS_BY_KRAB_ZFP_PROTEINS",12,0.823024415237063,1.73135631668374,0.000935125011799297,0.0131362231141669,0.00829709012298384,907,"tags=75%, list=14%, signal=64%","RBBP4/HDAC2/H2BC26/H3C1/UBE2I/H2BC21/SUMO2/H2BC12/TRIM28",0.477270815362862
"REACTOME_REGULATION_OF_PD_L1_CD274_EXPRESSION","REACTOME_REGULATION_OF_PD_L1_CD274_EXPRESSION",76,0.598342283622264,1.73131994449936,0.000176154051528446,0.00395936330445986,0.00250080969858908,1180,"tags=42%, list=19%, signal=35%","STAT1/RBBP4/EED/PSMB2/PSMA2/RBBP5/WDR5/H2BC26/CREBBP/H3C1/H2BC21/RPN1/CSNK2A1/VCP/STAT3/PSMA7/RPS27A/PSMB1/H2BC12/PSMD11/YWHAG/PSMC3/UBB/PSMB4/PSMA4/ERLEC1/NFKB1/CSNK2A2/PSMD7/AGO3/SPOP/AGO1",0.518848077743792
"REACTOME_MATURATION_OF_DENV_PROTEINS","REACTOME_MATURATION_OF_DENV_PROTEINS",26,0.70558300391753,1.73124921742001,0.00177282693002649,0.0196569491472168,0.0124157055798996,800,"tags=46%, list=13%, signal=41%","APOA1/DNAJB11/UBE2I/KPNB1/RPN1/KPNA2/PDIA3/HSPA5/RPS27A/PRKG1/HYOU1/UBB",0.45505986738723
"REACTOME_RESPONSE_OF_EIF2AK4_GCN2_TO_AMINO_ACID_DEFICIENCY","REACTOME_RESPONSE_OF_EIF2AK4_GCN2_TO_AMINO_ACID_DEFICIENCY",29,0.687927921066423,1.72935226063287,0.00163936538839155,0.0190128698492767,0.0120088927589759,1234,"tags=55%, list=19%, signal=45%","RPL5/RPL12/RPL30/EIF2S1/RPL26L1/RPS20/RPS25/RPS27A/RPS19/RPL11/RPS3/RPLP2/RPS4X/RPS14/EIF2AK4/RPS12",0.45505986738723
"REACTOME_RESPONSE_TO_ELEVATED_PLATELET_CYTOSOLIC_CA2","REACTOME_RESPONSE_TO_ELEVATED_PLATELET_CYTOSOLIC_CA2",101,0.575017534804481,1.72826040620878,0.000101428693947954,0.00267191310664567,0.00168763149452846,925,"tags=39%, list=15%, signal=34%","ITIH4/FGG/SERPING1/VWF/APOA1/SERPINF2/ECM1/SERPINA3/F5/TMX3/PLEK/ALDOA/FN1/A2M/MANF/TF/ACTN1/CYRIB/CFL1/APOH/ALB/HSPA5/CAP1/PRKCB/A1BG/QSOX1/ITIH3/F8/PPIA/OLA1/LGALS3BP/ACTN4/THBS1/SERPINA1/TIMP1/SERPINA4/PFN1/PROS1/SERPINE1",0.538434096309916
"REACTOME_HCMV_EARLY_EVENTS","REACTOME_HCMV_EARLY_EVENTS",26,0.703334477160367,1.72573213414693,0.00195781312426879,0.0205774316915334,0.0129970999853122,997,"tags=46%, list=16%, signal=39%","RBBP4/PML/EED/H2AC1/H2BC26/H3C1/H2AC11/H2BC21/H2AC25/H2BC12/TRIM28/NFKB1",0.431707695803346
"REACTOME_RMTS_METHYLATE_HISTONE_ARGININES","REACTOME_RMTS_METHYLATE_HISTONE_ARGININES",11,0.838384487901304,1.71855856561182,0.00150706882511754,0.0181117299365682,0.0114397155301652,697,"tags=73%, list=11%, signal=65%","H2AC1/WDR5/H3C1/H2AC11/PRMT1/H2AC25/ARID1A/PBRM1",0.45505986738723
"REACTOME_NEGATIVE_REGULATORS_OF_DDX58_IFIH1_SIGNALING","REACTOME_NEGATIVE_REGULATORS_OF_DDX58_IFIH1_SIGNALING",23,0.721161714138911,1.71675941130485,0.00202435335682882,0.0209512698799349,0.0132332233454,1089,"tags=43%, list=17%, signal=36%","ISG15/UBA7/RIGI/IFIH1/CYLD/RPS27A/UBE2L6/UBB/UBE2D2/HERC5",0.431707695803346
"REACTOME_ESTROGEN_DEPENDENT_GENE_EXPRESSION","REACTOME_ESTROGEN_DEPENDENT_GENE_EXPRESSION",49,0.626703028862881,1.71224045717459,0.000900684095827237,0.0129827178955669,0.00820013328676058,1383,"tags=49%, list=22%, signal=39%","SMC3/HSP90AA1/H2BC26/FKBP4/HSP90AB1/GTF2F2/CREBBP/H3C1/PRMT1/H2BC21/KPNA2/H2BC12/TFF3/CTSD/PGR/TBP/USF1/POLR2E/KDM1A/AGO3/AGO1/GTF2A2/NCOA2/AGO2",0.477270815362862
"REACTOME_SARS_COV_1_HOST_INTERACTIONS","REACTOME_SARS_COV_1_HOST_INTERACTIONS",56,0.614236458689809,1.71215489488576,0.000510224210551381,0.00843961030239908,0.0053306195147028,1035,"tags=45%, list=16%, signal=38%","NMI/RIGI/UBE2I/KPNB1/KPNA2/IFIH1/HNRNPA1/PYCARD/RPS20/RPS25/PPIH/YWHAB/RPS27A/PPIA/YWHAZ/RPS19/YWHAG/EEF1A1/RPS3/UBB/RCAN3/SFN/SERPINE1/NFKB1/RPS4X",0.477270815362862
"REACTOME_CIRCADIAN_CLOCK","REACTOME_CIRCADIAN_CLOCK",50,0.630735999630891,1.70734499096102,0.000440761625547208,0.00766773241684712,0.0048430866580588,1115,"tags=42%, list=18%, signal=35%","PSMB2/PSMA2/CREBBP/CSNK2A1/PPP1CC/PSMA7/RPS27A/PSMB1/PSMD11/PPARA/NAMPT/F7/SIRT1/RBM4/PSMC3/UBB/PSMB4/PSMA4/SERPINE1/CSNK2A2/PSMD7",0.49849310876659
"REACTOME_MODULATION_OF_HOST_RESPONSES_BY_IFN_STIMULATED_GENES","REACTOME_MODULATION_OF_HOST_RESPONSES_BY_IFN_STIMULATED_GENES",11,0.832882557473736,1.70728045896726,0.00186268797136524,0.020209163044167,0.0127644944540181,631,"tags=64%, list=10%, signal=57%","ISG15/UBA7/FKBP5/RIGI/IFIH1/HSPA5/UBE2L6",0.45505986738723
"REACTOME_AMYLOID_FIBER_FORMATION","REACTOME_AMYLOID_FIBER_FORMATION",38,0.656339241334454,1.70551938683401,0.00112294017164002,0.0153780947195967,0.00971309916856324,801,"tags=42%, list=13%, signal=37%","SAA1/APCS/APOE/APOA1/APOA4/B2M/H2BC26/TGFBI/H3C1/H2BC21/LYZ/RPS27A/H2BC12/UBE2L6/UBB/HSPG2",0.45505986738723
"REACTOME_PTEN_REGULATION","REACTOME_PTEN_REGULATION",58,0.608079334064451,1.70481847761817,0.000850856418500828,0.0124422337140194,0.00785875312555497,1180,"tags=40%, list=19%, signal=33%","RBBP4/HDAC2/PML/EED/PSMB2/PSMA2/CSNK2A1/PSMA7/RPS27A/PSMB1/MAPK3/PSMD11/AKT3/PSMC3/UBB/PSMB4/PSMA4/CSNK2A2/KDM1A/PSMD7/AGO3/PTEN/AGO1",0.477270815362862
"REACTOME_NS1_MEDIATED_EFFECTS_ON_HOST_PATHWAYS","REACTOME_NS1_MEDIATED_EFFECTS_ON_HOST_PATHWAYS",11,0.830833672498278,1.7030805615749,0.00192981007802884,0.0204966144076958,0.0129460542409101,361,"tags=36%, list=6%, signal=34%","ISG15/GBP1/KPNB1/KPNA2",0.45505986738723
"REACTOME_REGULATION_OF_HOMOTYPIC_CELL_CELL_ADHESION","REACTOME_REGULATION_OF_HOMOTYPIC_CELL_CELL_ADHESION",81,0.586858353490159,1.69686566914872,0.000238442904404929,0.00501226855301195,0.0031658448203493,1180,"tags=38%, list=19%, signal=32%","RBBP4/RACK1/HDAC2/PKM/EED/PSMB2/PSMA2/H2BC26/H3C1/H2BC21/RPN1/CSNK2A1/SRC/PSMA7/RPS27A/PSMB1/MAPK3/H2BC12/PSMD11/ARID1A/SIRT1/PSMC3/UBB/PSMB4/PSMA4/ANGPTL4/CSNK2A2/KDM1A/PSMD7/AGO3/AGO1",0.518848077743792
"REACTOME_SARS_COV_1_INFECTION","REACTOME_SARS_COV_1_INFECTION",81,0.585376320788554,1.69258046063638,0.000245304454002547,0.00505126926711368,0.00319047841837442,1241,"tags=42%, list=20%, signal=34%","NMI/RIGI/UBE2I/ST3GAL2/KPNB1/KPNA2/IFIH1/HNRNPA1/VCP/GSK3A/PYCARD/RPS20/RPS25/PPIH/YWHAB/RPS27A/PPIA/YWHAZ/RPS19/YWHAG/EEF1A1/CHMP6/RPS3/UBB/RCAN3/SFN/SERPINE1/MAP1LC3B/NFKB1/RPS4X/RPS14/GALNT1/RPS12/ST6GAL1",0.49849310876659
"REACTOME_NEUREXINS_AND_NEUROLIGINS","REACTOME_NEUREXINS_AND_NEUROLIGINS",36,-0.548706935566763,-1.68991555303107,0.00957991015146625,0.0578810140289188,0.0365587570821409,843,"tags=31%, list=13%, signal=27%","LIN7C/SHANK1/HOMER1/EPB41L1/DLG2/CASK/HOMER2/DLG4/SYT1/DLGAP4/NRXN3",0.380730400722792
"REACTOME_POSITIVE_EPIGENETIC_REGULATION_OF_RRNA_EXPRESSION","REACTOME_POSITIVE_EPIGENETIC_REGULATION_OF_RRNA_EXPRESSION",16,0.761010417067456,1.68926098568439,0.00294931685838382,0.0282846151595879,0.0178651046829376,1084,"tags=62%, list=17%, signal=52%","RBBP4/HDAC2/H2BC26/H3C1/H2BC21/H2BC12/TBP/POLR2E/EHMT2/CBX3",0.431707695803346
"REACTOME_SURFACTANT_METABOLISM","REACTOME_SURFACTANT_METABOLISM",11,-0.71927701781898,-1.68719423650763,0.0283710541892685,0.110526616513405,0.0698107279565916,302,"tags=36%, list=5%, signal=35%","SFTPD/DMBT1/CTSH/SFTPB",0.352487857583619
"REACTOME_TRNA_AMINOACYLATION","REACTOME_TRNA_AMINOACYLATION",24,0.70049240767399,1.68583782550266,0.0031076056828965,0.0287667351747024,0.0181696209187486,1278,"tags=54%, list=20%, signal=43%","WARS1/YARS1/PPA1/GARS1/TARS1/HARS1/KARS1/AARS1/DARS1/NARS1/DARS2/EEF1E1/AIMP1",0.431707695803346
"REACTOME_DISEASES_OF_HEMOSTASIS","REACTOME_DISEASES_OF_HEMOSTASIS",15,0.760397140307347,1.68314278218707,0.00251821654957521,0.0251572326586276,0.0158897899951468,666,"tags=53%, list=10%, signal=48%","SERPING1/VWF/F11/F10/F8/ADAMTS13/F9/COL1A1",0.431707695803346
"REACTOME_THE_ROLE_OF_GTSE1_IN_G2_M_PROGRESSION_AFTER_G2_CHECKPOINT","REACTOME_THE_ROLE_OF_GTSE1_IN_G2_M_PROGRESSION_AFTER_G2_CHECKPOINT",31,0.664012817479536,1.68202910336569,0.00346020718830085,0.030896894274297,0.0195150702059618,891,"tags=42%, list=14%, signal=36%","PSMB2/PSMA2/HSP90AA1/HSP90AB1/PSMA7/RPS27A/PSMB1/PSMD11/PSMC3/UBB/PSMB4/MAPRE1/PSMA4",0.431707695803346
"REACTOME_TRIGLYCERIDE_CATABOLISM","REACTOME_TRIGLYCERIDE_CATABOLISM",12,-0.714181435447124,-1.67725221063743,0.0159473800053483,0.0766233639304591,0.0483967842607344,10,"tags=17%, list=0%, signal=17%","FABP3/FABP4",0.352487857583619
"REACTOME_DNA_REPLICATION_PRE_INITIATION","REACTOME_DNA_REPLICATION_PRE_INITIATION",44,0.626563011375384,1.67459212138671,0.00114306947866179,0.0153780947195967,0.00971309916856324,891,"tags=39%, list=14%, signal=33%","PSMB2/PSMA2/H2BC26/H3C1/H2BC21/KPNB1/PSMA7/RPS27A/PSMB1/H2BC12/PSMD11/KPNA6/PSMC3/CDK2/UBB/PSMB4/PSMA4",0.45505986738723
"REACTOME_DNA_REPLICATION","REACTOME_DNA_REPLICATION",58,0.5953479193016,1.66912453125618,0.0013227508523915,0.0169931392016321,0.0107331921971008,1115,"tags=38%, list=18%, signal=32%","PCNA/PSMB2/PSMA2/H2BC26/H3C1/H2BC21/KPNB1/PSMA7/RPS27A/PSMB1/H2BC12/PSMD11/KPNA6/PSMC3/CDK2/UBB/PSMB4/RNASEH1/PSMA4/SKP2/EXOG/PSMD7",0.45505986738723
"REACTOME_CELLULAR_RESPONSE_TO_STARVATION","REACTOME_CELLULAR_RESPONSE_TO_STARVATION",38,0.641325726722927,1.66650626888846,0.00203491025593025,0.0209512698799349,0.0132332233454,1234,"tags=47%, list=19%, signal=38%","RPL5/RPL12/RPL30/EIF2S1/RPL26L1/RPS20/RPS25/ATP6V1C2/RPS27A/RPS19/RPL11/RPS3/RPLP2/RPS4X/CASTOR1/RPS14/EIF2AK4/RPS12",0.431707695803346
"REACTOME_EUKARYOTIC_TRANSLATION_INITIATION","REACTOME_EUKARYOTIC_TRANSLATION_INITIATION",36,0.651141616949349,1.66610884393397,0.00232708693129853,0.0237174819563658,0.0149804158753961,1234,"tags=53%, list=19%, signal=43%","RPL5/RPL12/EIF4E/RPL30/EIF2S1/EIF4G1/RPL26L1/RPS20/RPS25/RPS27A/RPS19/RPL11/RPS3/RPLP2/RPS4X/EIF4A2/EIF3G/RPS14/RPS12",0.431707695803346
"REACTOME_PLASMA_LIPOPROTEIN_REMODELING","REACTOME_PLASMA_LIPOPROTEIN_REMODELING",20,0.716744710814791,1.66479632810677,0.00445541981539743,0.0377774671742521,0.0238609718363262,1140,"tags=60%, list=18%, signal=49%","APOE/APOA1/APOA4/ALB/LPL/APOB/ANGPTL3/CETP/APOF/ANGPTL4/APOC3/P4HB",0.407017918923954
"REACTOME_INTERLEUKIN_4_AND_INTERLEUKIN_13_SIGNALING","REACTOME_INTERLEUKIN_4_AND_INTERLEUKIN_13_SIGNALING",84,0.569511646173043,1.65848307453241,0.000482785191355074,0.00825644505215711,0.00521492883440235,759,"tags=27%, list=12%, signal=24%","STAT1/MMP1/SAA1/HMOX1/IL6/MMP2/TNFRSF1B/HSP90AA1/ICAM1/FN1/LBP/HSP90B1/CCL2/MMP3/VIM/LCN2/STAT3/HSPA8/MMP9/IGHE/FCER2/VCAM1/CXCL8",0.49849310876659
"REACTOME_REGULATION_OF_MRNA_STABILITY_BY_PROTEINS_THAT_BIND_AU_RICH_ELEMENTS","REACTOME_REGULATION_OF_MRNA_STABILITY_BY_PROTEINS_THAT_BIND_AU_RICH_ELEMENTS",46,0.610672514068274,1.65804526975219,0.00293973765523015,0.0282846151595879,0.0178651046829376,1203,"tags=43%, list=19%, signal=35%","PSMB2/PSMA2/MAPK14/EIF4G1/PSMA7/HSPA8/YWHAB/RPS27A/PSMB1/YWHAZ/PSMD11/PSMC3/HNRNPD/UBB/PSMB4/EXOSC5/PSMA4/SET/PSMD7/EXOSC3",0.431707695803346
"REACTOME_SARS_COV_1_MODULATES_HOST_TRANSLATION_MACHINERY","REACTOME_SARS_COV_1_MODULATES_HOST_TRANSLATION_MACHINERY",15,0.748569914676813,1.65696316051557,0.00396419529965219,0.0344816642874919,0.0217792796070317,1234,"tags=67%, list=19%, signal=54%","HNRNPA1/RPS20/RPS25/RPS27A/RPS19/EEF1A1/RPS3/RPS4X/RPS14/RPS12",0.407017918923954
"REACTOME_ONCOGENIC_MAPK_SIGNALING","REACTOME_ONCOGENIC_MAPK_SIGNALING",42,0.627466205001212,1.65622866123657,0.00302749101807284,0.0282846151595879,0.0178651046829376,596,"tags=26%, list=9%, signal=24%","FGG/VWF/PAPSS1/FN1/CAMK2D/PPP1CC/SRC/YWHAB/CAMK2B/MAPK3/CSK",0.431707695803346
"REACTOME_RNA_POLYMERASE_I_TRANSCRIPTION","REACTOME_RNA_POLYMERASE_I_TRANSCRIPTION",19,0.72593239914129,1.65367162674282,0.00439106448511606,0.0375739172204884,0.0237324057868439,1084,"tags=58%, list=17%, signal=48%","RBBP4/HDAC2/H2BC26/H3C1/H2BC21/MAPK3/H2BC12/TBP/POLR2E/EHMT2/CBX3",0.407017918923954
"REACTOME_UB_SPECIFIC_PROCESSING_PROTEASES","REACTOME_UB_SPECIFIC_PROCESSING_PROTEASES",95,0.557542954547912,1.65344879115323,0.000273731798894659,0.00552390770169421,0.00348900590631512,1141,"tags=33%, list=18%, signal=27%","RIGI/PSMB2/PSMA2/IDE/H2AC1/H2BC26/H2AC11/USP14/H2BC21/H2AC25/IFIH1/CYLD/PSMA7/RPS27A/RHOT1/PSMB1/H2BC12/PSMD11/PSMC3/UBB/PSMB4/MAT2B/PSMA4/USP25/WDR48/ARRB1/USP4/SKP2/TADA3/PSMD7/PTEN",0.49849310876659
"REACTOME_SIGNALING_BY_BRAF_AND_RAF1_FUSIONS","REACTOME_SIGNALING_BY_BRAF_AND_RAF1_FUSIONS",35,0.63723869224112,1.65330717164688,0.00370427800186289,0.0327861096831549,0.0207083348432014,596,"tags=29%, list=9%, signal=26%","FGG/VWF/PAPSS1/FN1/CAMK2D/SRC/YWHAB/CAMK2B/MAPK3/CSK",0.431707695803346
"REACTOME_DEADENYLATION_DEPENDENT_MRNA_DECAY","REACTOME_DEADENYLATION_DEPENDENT_MRNA_DECAY",22,0.702616382878617,1.6506367761607,0.00320248244199365,0.0293754980361053,0.0185541272019236,1644,"tags=73%, list=26%, signal=54%","EIF4E/DCPS/EIF4G1/CNOT1/DDX6/CNOT9/EDC4/EXOSC5/EIF4A2/EXOSC3/EIF4A1/EIF4B/EXOSC8/EIF4A3/LSM4/LSM3",0.431707695803346
"REACTOME_FORMATION_OF_THE_BETA_CATENIN_TCF_TRANSACTIVATING_COMPLEX","REACTOME_FORMATION_OF_THE_BETA_CATENIN_TCF_TRANSACTIVATING_COMPLEX",17,0.728664511259813,1.64912092825905,0.00523233493424918,0.0418313292585318,0.0264214687742277,591,"tags=41%, list=9%, signal=37%","RBBP5/WDR5/H2BC26/CREBBP/H3C1/H2BC21/H2BC12",0.407017918923954
"REACTOME_ACTIVATION_OF_ANTERIOR_HOX_GENES_IN_HINDBRAIN_DEVELOPMENT_DURING_EARLY_EMBRYOGENESIS","REACTOME_ACTIVATION_OF_ANTERIOR_HOX_GENES_IN_HINDBRAIN_DEVELOPMENT_DURING_EARLY_EMBRYOGENESIS",28,0.664360111695643,1.64836007171736,0.00285472144044857,0.0279651838195399,0.017663345730349,623,"tags=36%, list=10%, signal=32%","RBBP4/EED/RBBP5/WDR5/H2BC26/CREBBP/H3C1/H2BC21/H2BC12/CNOT9",0.431707695803346
"REACTOME_PROCESSING_OF_CAPPED_INTRON_CONTAINING_PRE_MRNA","REACTOME_PROCESSING_OF_CAPPED_INTRON_CONTAINING_PRE_MRNA",99,0.548767348230055,1.64738887453785,0.000523904101860071,0.00852611675446471,0.00538525864672501,1130,"tags=36%, list=18%, signal=30%","NXT1/EIF4E/YBX1/DDX39B/SRRT/TRA2B/SNRPA/GTF2F2/NUDT21/HNRNPF/HNRNPA2B1/MAGOHB/HNRNPA1/PRPF19/SLBP/MAGOH/RBM39/HSPA8/PPIH/RPS27A/PPIL2/HNRNPD/NCBP1/UBB/SNRPF/SF3B6/THOC1/HNRNPK/SRSF7/PUF60/SNRPA1/PCBP1/POLR2E/CSTF1/RBM17/HNRNPM",0.477270815362862
"REACTOME_KEAP1_NFE2L2_PATHWAY","REACTOME_KEAP1_NFE2L2_PATHWAY",75,0.569950249346311,1.64702358170195,0.00133048364413175,0.0169931392016321,0.0107331921971008,1115,"tags=43%, list=18%, signal=36%","PGD/HMOX1/PSMB2/PSMA2/IDH1/NQO1/NOTCH1/TRIM21/GSR/CCL2/CREBBP/G6PD/TALDO1/CSNK2A1/VCP/PSMA7/RPS27A/PSMB1/PSMD11/TXNRD1/GCLM/AKT3/PSMC3/UBB/PSMB4/PSMA4/TKT/MAP1LC3B/NFKB1/CSNK2A2/SKP2/PSMD7",0.45505986738723
"REACTOME_HATS_ACETYLATE_HISTONES","REACTOME_HATS_ACETYLATE_HISTONES",32,0.649400456721101,1.64688708920239,0.00451910259834051,0.0379981210143798,0.0240003410280345,1410,"tags=44%, list=22%, signal=34%","H2AC1/WDR5/H2BC26/CREBBP/H3C1/H2AC11/H2BC21/H2AC25/H2BC12/MORF4L2/TADA3/HAT1/NCOA2/KAT2A",0.407017918923954
"REACTOME_INTEGRIN_CELL_SURFACE_INTERACTIONS","REACTOME_INTEGRIN_CELL_SURFACE_INTERACTIONS",59,0.591649585223762,1.64485987955861,0.00150781497985305,0.0181117299365682,0.0114397155301652,1179,"tags=39%, list=19%, signal=32%","COL3A1/FGG/VWF/TNC/ICAM1/FN1/AGRN/VTN/ITGB7/COMP/COL1A1/VCAM1/THBS1/HSPG2/MADCAM1/COL6A3/IBSP/COL2A1/COL9A3/COL5A1/COL18A1/SPP1/LUM",0.45505986738723
"REACTOME_RUNX1_REGULATES_TRANSCRIPTION_OF_GENES_INVOLVED_IN_DIFFERENTIATION_OF_HSCS","REACTOME_RUNX1_REGULATES_TRANSCRIPTION_OF_GENES_INVOLVED_IN_DIFFERENTIATION_OF_HSCS",37,0.641468710164045,1.64414332750134,0.00339401343819265,0.0307898523236713,0.0194474604597234,891,"tags=41%, list=14%, signal=35%","PSMB2/PSMA2/H2BC26/SPI1/H3C1/H2BC21/PSMA7/RPS27A/PSMB1/H2BC12/PSMD11/PSMC3/UBB/PSMB4/PSMA4",0.431707695803346
"REACTOME_DNA_DOUBLE_STRAND_BREAK_RESPONSE","REACTOME_DNA_DOUBLE_STRAND_BREAK_RESPONSE",23,0.690473590182272,1.64370488749287,0.00611578121868588,0.0453432593451114,0.0286396710825111,1090,"tags=43%, list=17%, signal=36%","H2BC26/UBE2I/H2BC21/KPNA2/RPS27A/H2BC12/UBB/CHEK2/MRE11/EYA2",0.407017918923954
"REACTOME_TOLL_LIKE_RECEPTOR_TLR1_TLR2_CASCADE","REACTOME_TOLL_LIKE_RECEPTOR_TLR1_TLR2_CASCADE",66,0.584599343432233,1.64233920133906,0.00143347428122271,0.0176387262165088,0.0111409573209196,1014,"tags=29%, list=16%, signal=24%","TIFA/SAA1/FGG/S100A8/S100A12/MAPK14/S100A9/MAPK10/MAPKAPK3/USP14/RPS27A/MAPK3/MAP2K4/NKIRAS1/UBB/CD14/TLR2/NFKB1/TLR1",0.45505986738723
"REACTOME_UBIQUITIN_MEDIATED_DEGRADATION_OF_PHOSPHORYLATED_CDC25A","REACTOME_UBIQUITIN_MEDIATED_DEGRADATION_OF_PHOSPHORYLATED_CDC25A",31,0.647751367906288,1.64083677887271,0.00624649459759216,0.0453432593451114,0.0286396710825111,902,"tags=42%, list=14%, signal=36%","PSMB2/PSMA2/MAPK14/PSMA7/RPS27A/PSMB1/PSMD11/PSMC3/UBB/PSMB4/CHEK1/PSMA4/CHEK2",0.407017918923954
"REACTOME_SIGNALING_BY_ROBO_RECEPTORS","REACTOME_SIGNALING_BY_ROBO_RECEPTORS",88,0.557308629077806,1.63929037199679,0.000937371718751255,0.0131362231141669,0.00829709012298384,1163,"tags=39%, list=18%, signal=32%","RPL5/PSMB2/RPL12/PSMA2/RPL30/RHOA/EIF4G1/CDC42/RPL26L1/MAGOHB/CAP1/RPS20/SRC/MAGOH/RPS25/PSMA7/RPS27A/PSMB1/PSMD11/RPS19/RPL11/RPS3/RPLP2/PSMC3/NCBP1/UBB/PSMB4/PFN1/PSMA4/RPS4X/ABL2/SLIT3/PSMD7/RPS14",0.477270815362862
"REACTOME_HEMOSTASIS","REACTOME_HEMOSTASIS",347,0.496998538919009,1.63906194341201,3.0059562615313e-07,2.77569990495585e-05,1.75318522421709e-05,1509,"tags=38%, list=24%, signal=31%","MMP1/ITIH4/SERPINB8/FGG/SERPING1/VWF/APOA1/HDAC2/SERPINF2/ECM1/SELL/SERPINA3/PTPN1/F5/PRCP/SERPINB2/CEACAM8/IGHM/SELE/FGR/SERPINA5/TMX3/PLEK/ALDOA/LYN/FN1/MAPK14/A2M/F13B/MANF/TF/ACTN1/RHOA/CYRIB/SERPINC1/CD177/F11/CFL1/VAV3/H3C1/CDC42/F10/APOH/ALB/EHD1/HSPA5/PRKAR1A/PRTN3/EHD3/CAP1/PRKCB/SERPIND1/A1BG/APOB/CD48/SRC/PLAUR/QSOX1/CAPZA1/ITIH3/VAV1/PLA2G4A/MAPK3/F8/PPIA/YWHAZ/ADAMTS13/CSK/MFN1/OLA1/PRKG1/LGALS3BP/F7/SERPINE2/F9/COL1A1/PPIL2/ACTN4/PIK3CG/ATP1B3/ITPK1/THBS1/GRB2/CDK2/LCK/SERPINA1/KLC1/TIMP1/SERPINA4/PFN1/PROC/PROS1/SERPINE1/RHOB/RAD51C/DOCK2/CXADR/ARRB1/PLCG1/KDM1A/PLAU/KNG1/PRKAR1B/PTPN11/PCYOX1L/SHC1/YES1/KLKB1/GP5/PPP2R1A/CD109/IGF1/PLAT/SYK/IRAG1/PECAM1/IGF2/NRAS/KIF23/SPARC/FYN/SIRPA/TGFB1/CD63/PDE11A/RAB5A/F2/CD2/TNFRSF10D/ATP1B1/PDE2A/CD36",0.674962860011025
"REACTOME_NEGATIVE_EPIGENETIC_REGULATION_OF_RRNA_EXPRESSION","REACTOME_NEGATIVE_EPIGENETIC_REGULATION_OF_RRNA_EXPRESSION",17,0.723669317494573,1.63781575495684,0.00643209129113161,0.0463570008053699,0.0292799696054631,1018,"tags=53%, list=16%, signal=45%","HDAC2/H2BC26/H3C1/H2BC21/SAP30/H2BC12/SIRT1/TBP/POLR2E",0.407017918923954
"REACTOME_SCAVENGING_BY_CLASS_A_RECEPTORS","REACTOME_SCAVENGING_BY_CLASS_A_RECEPTORS",15,0.739595765007965,1.63709883641346,0.00583701097871642,0.0446177581630672,0.0281814306400767,666,"tags=47%, list=10%, signal=42%","COL3A1/APOE/APOA1/FTL/HSP90B1/APOB/COL1A1",0.407017918923954
"REACTOME_TRIGLYCERIDE_METABOLISM","REACTOME_TRIGLYCERIDE_METABOLISM",13,-0.677709481479509,-1.63508127033026,0.0310902613517473,0.117405514202517,0.0741555714917016,10,"tags=15%, list=0%, signal=15%","FABP3/FABP4",0.352487857583619
"REACTOME_G2_M_CHECKPOINTS","REACTOME_G2_M_CHECKPOINTS",58,0.581084833088906,1.62913637253891,0.00269149331512287,0.0266246740682253,0.0168166540960237,1115,"tags=40%, list=18%, signal=33%","PSMB2/PSMA2/H2BC26/H2BC21/RAD1/PSMA7/YWHAB/RPS27A/PSMB1/YWHAZ/H2BC12/PSMD11/YWHAG/PSMC3/CDK2/UBB/PSMB4/SFN/CHEK1/PSMA4/CHEK2/MRE11/PSMD7",0.431707695803346
"REACTOME_SIGNALING_BY_CSF1_M_CSF_IN_MYELOID_CELLS","REACTOME_SIGNALING_BY_CSF1_M_CSF_IN_MYELOID_CELLS",23,0.682669818987847,1.62512764277918,0.00821256519597656,0.0543582921567979,0.0343337384754097,1749,"tags=74%, list=28%, signal=54%","STAT1/LYN/STAT3/SRC/RPS27A/GRB2/UBB/PTPN11/SHC1/YES1/CSF1/IL34/CSF1R/FYN/CBL/PLCG2/PIK3R1",0.380730400722792
"REACTOME_TERMINATION_OF_TRANSLESION_DNA_SYNTHESIS","REACTOME_TERMINATION_OF_TRANSLESION_DNA_SYNTHESIS",16,0.732106305964374,1.62510077694444,0.00694871548878643,0.0490587728359857,0.0309864605682727,800,"tags=38%, list=13%, signal=33%","ISG15/PCNA/UBA7/RPS27A/UBE2L6/UBB",0.407017918923954
"REACTOME_PLATELET_AGGREGATION_PLUG_FORMATION","REACTOME_PLATELET_AGGREGATION_PLUG_FORMATION",24,0.674661314198511,1.62367150652761,0.0085030588399732,0.0549076781385617,0.0346807411841321,1291,"tags=46%, list=20%, signal=37%","FGG/VWF/PTPN1/FN1/SRC/CSK/COL1A1/GRB2/SHC1/GP5/SYK",0.380730400722792
"REACTOME_INTERLEUKIN_1_SIGNALING","REACTOME_INTERLEUKIN_1_SIGNALING",60,0.584554323278176,1.62314139013349,0.00177016643059238,0.0196569491472168,0.0124157055798996,1162,"tags=37%, list=18%, signal=30%","TIFA/SAA1/IL1RN/PSMB2/PSMA2/S100A12/IL1R2/USP14/PSMA7/RPS27A/PSMB1/PSMD11/MAP2K4/PSMC3/NKIRAS1/UBB/PSMB4/IL1RAP/PSMA4/NFKB1/PSMD7/HMGB1",0.45505986738723
"REACTOME_SIGNALING_BY_ALK_IN_CANCER","REACTOME_SIGNALING_BY_ALK_IN_CANCER",57,0.591176544431031,1.62288548125763,0.00191095633171115,0.0204966144076958,0.0129460542409101,1407,"tags=46%, list=22%, signal=36%","GZMB/STAT1/NOTCH1/FN1/CLTC/PRKAR1A/STAT3/RRBP1/RPS27A/MAPK3/ATIC/PPM1B/GRB2/UBB/KLC1/TPM4/STAT5A/PLCG1/ZAP70/IL10/AGO3/SHC1/AGO1/EEF1G/AGO2/IL22",0.45505986738723
"REACTOME_NUCLEAR_EVENTS_MEDIATED_BY_NFE2L2","REACTOME_NUCLEAR_EVENTS_MEDIATED_BY_NFE2L2",58,0.578261821708059,1.6212217441426,0.00302722214274227,0.0282846151595879,0.0178651046829376,903,"tags=40%, list=14%, signal=34%","PGD/HMOX1/PSMB2/PSMA2/IDH1/NQO1/NOTCH1/GSR/CCL2/CREBBP/G6PD/TALDO1/PSMA7/RPS27A/PSMB1/PSMD11/TXNRD1/GCLM/PSMC3/UBB/PSMB4/PSMA4/TKT",0.431707695803346
"REACTOME_INTEGRIN_SIGNALING","REACTOME_INTEGRIN_SIGNALING",17,0.716025515507784,1.62051622460632,0.00794761844179408,0.0534609800518015,0.0337669789632657,791,"tags=41%, list=12%, signal=36%","FGG/VWF/PTPN1/FN1/SRC/CSK/GRB2",0.380730400722792
"REACTOME_VLDLR_INTERNALISATION_AND_DEGRADATION","REACTOME_VLDLR_INTERNALISATION_AND_DEGRADATION",10,0.806655757095098,1.61940677003724,0.0117885147749228,0.0660811744883172,0.0417381354897123,800,"tags=60%, list=13%, signal=53%","PCSK9/CLTC/RPS27A/AP2A2/AP2B1/UBB",0.380730400722792
"REACTOME_CYTOSOLIC_SENSORS_OF_PATHOGEN_ASSOCIATED_DNA","REACTOME_CYTOSOLIC_SENSORS_OF_PATHOGEN_ASSOCIATED_DNA",32,0.638133109003065,1.61831296472444,0.00695282905405943,0.0490587728359857,0.0309864605682727,1037,"tags=31%, list=16%, signal=26%","ZBP1/IFI16/TRIM21/CREBBP/RPS27A/NKIRAS1/UBB/NFKB1/POLR2E/MRE11",0.407017918923954
"REACTOME_MEIOSIS","REACTOME_MEIOSIS",20,0.695674016042746,1.61585503177368,0.00829650841639928,0.0543582921567979,0.0343337384754097,1283,"tags=65%, list=20%, signal=52%","SMC3/H2BC26/H3C1/UBE2I/H2BC21/HSPA2/H2BC12/CDK2/RAD51C/MRE11/FKBP6/SYNE2/RAD51",0.380730400722792
"REACTOME_ABC_TRANSPORTER_DISORDERS","REACTOME_ABC_TRANSPORTER_DISORDERS",31,0.637595533418994,1.61511075562901,0.00853873051827759,0.0549076781385617,0.0346807411841321,1115,"tags=45%, list=18%, signal=37%","APOA1/PSMB2/PSMA2/VCP/PSMA7/RPS27A/PSMB1/PSMD11/PSMC3/UBB/PSMB4/PSMA4/ERLEC1/PSMD7",0.380730400722792
"REACTOME_TRANSCRIPTIONAL_REGULATION_BY_RUNX1","REACTOME_TRANSCRIPTIONAL_REGULATION_BY_RUNX1",89,0.545595885913161,1.61273942830314,0.00113127924802404,0.0153780947195967,0.00971309916856324,1180,"tags=38%, list=19%, signal=32%","CR1/PML/PSMB2/PSMA2/RBBP5/WDR5/H2BC26/SPI1/SERPINB13/CREBBP/H3C1/PRMT1/H2BC21/CSNK2A1/PRKCB/SRC/PSMA7/RPS27A/PSMB1/H2BC12/PSMD11/ARID1A/PBRM1/PSMC3/THBS1/UBB/PSMB4/PSMA4/CSNK2A2/PSMD7/AGO3/PTPN11/LGALS3/AGO1",0.45505986738723
"REACTOME_SIGNALING_BY_KIT_IN_DISEASE","REACTOME_SIGNALING_BY_KIT_IN_DISEASE",17,0.712424896868571,1.61236726790423,0.00873579487243379,0.0554365850709792,0.0350148089330429,1396,"tags=65%, list=22%, signal=51%","STAT1/LYN/STAT3/SRC/KIT/GRB2/LCK/STAT5A/YES1/NRAS/FYN",0.380730400722792
"REACTOME_RNA_POLYMERASE_II_TRANSCRIPTION_TERMINATION","REACTOME_RNA_POLYMERASE_II_TRANSCRIPTION_TERMINATION",19,0.707518393767934,1.61172458283538,0.00788489143434588,0.0534609800518015,0.0337669789632657,1021,"tags=53%, list=16%, signal=44%","DDX39B/NUDT21/MAGOHB/SLBP/MAGOH/NCBP1/SNRPF/THOC1/SRSF7/CSTF1",0.380730400722792
"REACTOME_HOST_INTERACTIONS_OF_HIV_FACTORS","REACTOME_HOST_INTERACTIONS_OF_HIV_FACTORS",53,0.581892568794713,1.61087273898519,0.00519559173580837,0.0418313292585318,0.0264214687742277,986,"tags=40%, list=16%, signal=34%","PSMB2/PSMA2/B2M/APOBEC3G/KPNB1/RAN/RANGAP1/PSMA7/RPS27A/PSMB1/PPIA/PSMD11/AP2A2/PSMC3/PSIP1/AP2B1/UBB/PSMB4/LCK/PSMA4/DOCK2",0.407017918923954
"REACTOME_GRB2_SOS_PROVIDES_LINKAGE_TO_MAPK_SIGNALING_FOR_INTEGRINS","REACTOME_GRB2_SOS_PROVIDES_LINKAGE_TO_MAPK_SIGNALING_FOR_INTEGRINS",10,0.800490483174966,1.60702963612655,0.0128080524644327,0.0687410900883649,0.0434181891292798,791,"tags=50%, list=12%, signal=44%","FGG/VWF/FN1/SRC/GRB2",0.380730400722792
"REACTOME_REGULATION_OF_CHOLESTEROL_BIOSYNTHESIS_BY_SREBP_SREBF","REACTOME_REGULATION_OF_CHOLESTEROL_BIOSYNTHESIS_BY_SREBP_SREBF",20,0.690824478836923,1.6045909211197,0.00938654238331052,0.0574788182659861,0.0363047225348336,1315,"tags=55%, list=21%, signal=44%","IDI1/CREBBP/FASN/KPNB1/RAN/FDPS/PPARA/MVD/MVK/HMGCS1/NCOA2",0.380730400722792
"REACTOME_NOTCH1_INTRACELLULAR_DOMAIN_REGULATES_TRANSCRIPTION","REACTOME_NOTCH1_INTRACELLULAR_DOMAIN_REGULATES_TRANSCRIPTION",19,0.7038789943393,1.60343404286136,0.00826951200818894,0.0543582921567979,0.0343337384754097,1512,"tags=53%, list=24%, signal=40%","HDAC2/NOTCH1/CREBBP/RPS27A/HES1/UBB/HES5/KAT2A/HDAC8/CDK8",0.380730400722792
"REACTOME_GLYCOGEN_METABOLISM","REACTOME_GLYCOGEN_METABOLISM",10,0.797634386116398,1.60129586075602,0.0131866615654461,0.0701063067924684,0.0442804861482101,800,"tags=50%, list=13%, signal=44%","PYGB/PYGL/RPS27A/UGP2/UBB",0.380730400722792
"REACTOME_RAB_GEFS_EXCHANGE_GTP_FOR_GDP_ON_RABS","REACTOME_RAB_GEFS_EXCHANGE_GTP_FOR_GDP_ON_RABS",37,0.624575916344611,1.60084554258838,0.00610744909168494,0.0453432593451114,0.0286396710825111,952,"tags=41%, list=15%, signal=35%","RAB21/RAB32/GDI2/RAB1B/RAB31/RAB1A/RAB8B/RAB7A/RAB14/AKT3/RAB27A/RAB5B/RAB5C/RAB18/TRAPPC6B",0.407017918923954
"REACTOME_RHO_GTPASES_ACTIVATE_NADPH_OXIDASES","REACTOME_RHO_GTPASES_ACTIVATE_NADPH_OXIDASES",17,0.707320054877496,1.60081393762281,0.0105748779417128,0.0620351851348153,0.0391826111193601,698,"tags=35%, list=11%, signal=31%","S100A8/MAPK14/S100A9/PRKCB/MAPK3/NCF1",0.380730400722792
"REACTOME_SARS_COV_1_ACTIVATES_MODULATES_INNATE_IMMUNE_RESPONSES","REACTOME_SARS_COV_1_ACTIVATES_MODULATES_INNATE_IMMUNE_RESPONSES",25,0.663237899897432,1.60013200917373,0.0090347528576593,0.056648105753765,0.0357800286010989,997,"tags=48%, list=16%, signal=41%","NMI/RIGI/KPNB1/KPNA2/IFIH1/PYCARD/PPIH/RPS27A/PPIA/UBB/RCAN3/NFKB1",0.380730400722792
"REACTOME_TRANSPORT_OF_MATURE_TRANSCRIPT_TO_CYTOPLASM","REACTOME_TRANSPORT_OF_MATURE_TRANSCRIPT_TO_CYTOPLASM",18,0.711418196959026,1.60009236006708,0.00858889637821071,0.0549076781385617,0.0346807411841321,905,"tags=50%, list=14%, signal=43%","NXT1/EIF4E/DDX39B/MAGOHB/SLBP/MAGOH/NCBP1/THOC1/SRSF7",0.380730400722792
"REACTOME_RESPIRATORY_SYNCYTIAL_VIRUS_INFECTION_PATHWAY","REACTOME_RESPIRATORY_SYNCYTIAL_VIRUS_INFECTION_PATHWAY",63,0.566046860497836,1.60000776120496,0.00379709675202381,0.0333153967199307,0.0210426426733051,896,"tags=33%, list=14%, signal=29%","ISG15/RIGI/HSP90AA1/HSP90AB1/CREBBP/KPNB1/IFIH1/CSNK2A1/AGRN/PPP1CC/HSPA8/RPS27A/IGF1R/UBE2L6/CLEC4M/UBB/HSPG2/CD14/RAB5B/RAB5C/TLR2",0.431707695803346
"REACTOME_VIF_MEDIATED_DEGRADATION_OF_APOBEC3G","REACTOME_VIF_MEDIATED_DEGRADATION_OF_APOBEC3G",24,0.664716093511536,1.59973687278512,0.0115950365568353,0.0653597312058481,0.0412824580943724,1115,"tags=50%, list=18%, signal=41%","PSMB2/PSMA2/APOBEC3G/PSMA7/RPS27A/PSMB1/PSMD11/PSMC3/UBB/PSMB4/PSMA4/PSMD7",0.380730400722792
"REACTOME_SIGNALING_BY_MODERATE_KINASE_ACTIVITY_BRAF_MUTANTS","REACTOME_SIGNALING_BY_MODERATE_KINASE_ACTIVITY_BRAF_MUTANTS",28,0.644295654983133,1.59857765895151,0.00508467321513184,0.0417108558867319,0.0263453754851175,596,"tags=32%, list=9%, signal=29%","FGG/VWF/FN1/CAMK2D/SRC/YWHAB/CAMK2B/MAPK3/CSK",0.407017918923954
"REACTOME_SARS_COV_INFECTIONS","REACTOME_SARS_COV_INFECTIONS",217,0.497049893403434,1.59827005219041,5.19439771245253e-05,0.00154151390937194,0.000973649710478697,1035,"tags=29%, list=16%, signal=25%","ISG15/STAT1/ZBP1/RBBP4/NMI/HDAC2/RIGI/SMN1/IGHM/B2M/IL17RA/HSP90AA1/HLA-G/FKBP4/G3BP2/HSP90AB1/CREBBP/UBE2I/PRMT1/ST3GAL2/KPNB1/RPN1/KPNA2/IFIH1/HNRNPA1/SAP30/VCP/AGRN/GSK3A/PYCARD/RPS20/RPS25/PPIH/YWHAB/VAV1/HLA-C/RPS27A/PPIA/YWHAZ/SRPK1/RPS19/YWHAG/AP2A2/EEF1A1/CHMP6/RPS3/AKT3/ATP1B3/AP2B1/GRB2/UBB/HSPG2/GEMIN7/SNRPF/RCAN3/SFN/TLR2/SERPINE1/MAP1LC3B/FXYD2/NFKB1/TLR1/RPS4X",0.557332238758646
"REACTOME_NR1H2_AND_NR1H3_MEDIATED_SIGNALING","REACTOME_NR1H2_AND_NR1H3_MEDIATED_SIGNALING",17,0.7060260319026,1.59788529167316,0.0109689677952428,0.0632439343165714,0.0399460802542819,1400,"tags=59%, list=22%, signal=46%","APOE/FASN/APOC1/ANGPTL3/CETP/KDM1A/AGO3/AGO1/AGO2/PLTP",0.380730400722792
"REACTOME_NEGATIVE_REGULATION_OF_NOTCH4_SIGNALING","REACTOME_NEGATIVE_REGULATION_OF_NOTCH4_SIGNALING",28,0.643704807012596,1.59711169164561,0.00526519208705009,0.0418313292585318,0.0264214687742277,1115,"tags=43%, list=18%, signal=35%","PSMB2/PSMA2/PSMA7/RPS27A/PSMB1/YWHAZ/PSMD11/PSMC3/UBB/PSMB4/PSMA4/PSMD7",0.407017918923954
"REACTOME_ADHERENS_JUNCTIONS_INTERACTIONS","REACTOME_ADHERENS_JUNCTIONS_INTERACTIONS",101,0.530219697963355,1.59361698577353,0.00139723151746689,0.0176225825140511,0.0111307606492397,1180,"tags=33%, list=19%, signal=27%","RBBP4/RACK1/HDAC2/PKM/EED/PSMB2/PSMA2/H2BC26/H3C1/H2BC21/RPN1/CSNK2A1/SRC/PSMA7/RPS27A/PSMB1/MAPK3/H2BC12/PSMD11/ARID1A/CDH5/SIRT1/PSMC3/UBB/PSMB4/PSMA4/CDH7/ANGPTL4/CSNK2A2/KDM1A/PSMD7/AGO3/AGO1",0.45505986738723
"REACTOME_COBALAMIN_CBL_VITAMIN_B12_TRANSPORT_AND_METABOLISM","REACTOME_COBALAMIN_CBL_VITAMIN_B12_TRANSPORT_AND_METABOLISM",16,-0.65509718299009,-1.59297993946103,0.0281354535250497,0.110226964858464,0.0696214622319658,489,"tags=44%, list=8%, signal=40%","MMAB/LDLRAP1/TCN2/CBLIF/PRSS1/CTRB2/LRP2",0.352487857583619
"REACTOME_PROTEIN_PROTEIN_INTERACTIONS_AT_SYNAPSES","REACTOME_PROTEIN_PROTEIN_INTERACTIONS_AT_SYNAPSES",55,-0.488624662076078,-1.59221831342294,0.00807255645644882,0.0539417845334891,0.0340706642829673,703,"tags=25%, list=11%, signal=23%","SHANK1/HOMER1/EPB41L1/DLG2/CASK/HOMER2/SLITRK6/LRFN4/PTPRS/DLG4/SYT1/DLGAP4/SLITRK5/NRXN3",0.380730400722792
"REACTOME_ABC_FAMILY_PROTEINS_MEDIATED_TRANSPORT","REACTOME_ABC_FAMILY_PROTEINS_MEDIATED_TRANSPORT",32,0.627329085440861,1.59091383567875,0.0100556847590651,0.0596834465993921,0.0376972080164653,1115,"tags=47%, list=18%, signal=39%","APOA1/PSMB2/PSMA2/EIF2S1/VCP/PSMA7/RPS27A/PSMB1/PSMD11/PSMC3/UBB/PSMB4/PSMA4/ERLEC1/PSMD7",0.380730400722792
"REACTOME_SIGNALING_BY_NOTCH4","REACTOME_SIGNALING_BY_NOTCH4",42,0.601677433443831,1.58815789941549,0.0100216927840294,0.0596834465993921,0.0376972080164653,1275,"tags=40%, list=20%, signal=33%","PSMB2/PSMA2/NOTCH1/CREBBP/PSMA7/RPS27A/PSMB1/YWHAZ/PSMD11/HES1/PSMC3/UBB/PSMB4/PSMA4/PSMD7/HES5/FLT4",0.380730400722792
"REACTOME_TOLL_LIKE_RECEPTOR_CASCADES","REACTOME_TOLL_LIKE_RECEPTOR_CASCADES",102,0.524554596546327,1.58599270338888,0.00183631751673165,0.0201396127650243,0.0127205651655834,1216,"tags=27%, list=19%, signal=23%","TIFA/SAA1/FGG/S100A8/BPI/S100A12/MAPK14/LBP/HSP90B1/S100A9/MAPK10/MAPKAPK3/USP14/APOB/RPS27A/MAPK3/MAP2K4/NKIRAS1/UBB/CD14/TLR2/UBE2D2/NFKB1/TLR1/PTPN11/HMGB1/LY86/PPP2R1A",0.45505986738723
"REACTOME_REGULATION_OF_PTEN_STABILITY_AND_ACTIVITY","REACTOME_REGULATION_OF_PTEN_STABILITY_AND_ACTIVITY",36,0.618167873295713,1.58173726563381,0.00903899407963941,0.056648105753765,0.0357800286010989,1141,"tags=42%, list=18%, signal=34%","PSMB2/PSMA2/CSNK2A1/PSMA7/RPS27A/PSMB1/PSMD11/AKT3/PSMC3/UBB/PSMB4/PSMA4/CSNK2A2/PSMD7/PTEN",0.380730400722792
"REACTOME_SIGNALING_BY_INTERLEUKINS","REACTOME_SIGNALING_BY_INTERLEUKINS",328,0.480910813685574,1.5816099641014,3.18683874211262e-06,0.000153120013847221,9.67135335234064e-05,1033,"tags=27%, list=16%, signal=24%","TIFA/CXCL10/STAT1/MMP1/SAA1/IFNL3/HMOX1/IL1RN/PSMB2/IL6/PSMA2/CASP3/MMP2/TNFRSF1B/S100A12/SERPINB2/IL17RA/HSP90AA1/LGALS9/ICAM1/LYN/FN1/MAPK14/LBP/HSP90B1/PSME2/IL18R1/CCL2/MMP3/CFL1/LCP1/MAPK10/H3C1/MAPKAPK3/IL1R2/USP14/CDC42/HNRNPF/HNRNPA2B1/TALDO1/VIM/RALA/LCN2/PRTN3/CCL5/STAT3/GSTO1/PSMA7/SOD2/CAPZA1/HSPA8/MMP9/VAV1/RPS27A/PSMB1/MAPK3/PPIA/YWHAZ/CTSG/IGHE/MTAP/PSMD11/IFNL1/PTPN2/MAP2K4/FCER2/VCAM1/CXCL8/PSMC3/IL18BP/NKIRAS1/GRB2/UBB/PSMB4/LCK/IL19/IL9/TIMP1/STX3/IL1RAP/PSMA4/IL36A/EBI3/ANXA1/IL15RA/SNRPA1/HSPA9/NFKB1/CCL19/STAT5A",0.627256739718528
"REACTOME_ERBB2_ACTIVATES_PTK6_SIGNALING","REACTOME_ERBB2_ACTIVATES_PTK6_SIGNALING",13,-0.655489835456111,-1.58147286135993,0.0442106086444074,0.141819944262692,0.0895761931384286,1509,"tags=54%, list=24%, signal=41%","NRG1/NRG3/PTK6/EGF/ERBB3/NRG2/BTC",0.321775918075361
"REACTOME_SPOP_MEDIATED_PROTEASOMAL_DEGRADATION_OF_PD_L1_CD274","REACTOME_SPOP_MEDIATED_PROTEASOMAL_DEGRADATION_OF_PD_L1_CD274",30,0.63745316532653,1.58064188104727,0.00784290976116293,0.0534609800518015,0.0337669789632657,1166,"tags=50%, list=18%, signal=41%","PSMB2/PSMA2/CSNK2A1/PSMA7/RPS27A/PSMB1/PSMD11/YWHAG/PSMC3/UBB/PSMB4/PSMA4/CSNK2A2/PSMD7/SPOP",0.380730400722792
"REACTOME_PENTOSE_PHOSPHATE_PATHWAY","REACTOME_PENTOSE_PHOSPHATE_PATHWAY",11,0.770475935405179,1.57935653330483,0.0142594032918292,0.073406826129876,0.0463651573780698,903,"tags=64%, list=14%, signal=55%","PGD/G6PD/TALDO1/PGM2/RPIA/PGLS/TKT",0.380730400722792
"REACTOME_ACTIVATION_OF_GENE_EXPRESSION_BY_SREBF_SREBP","REACTOME_ACTIVATION_OF_GENE_EXPRESSION_BY_SREBF_SREBP",15,0.71336245952099,1.57903128665194,0.0124881577328502,0.0681793400691518,0.0430633770576903,1315,"tags=60%, list=21%, signal=48%","IDI1/CREBBP/FASN/FDPS/PPARA/MVD/MVK/HMGCS1/NCOA2",0.380730400722792
"REACTOME_SPHINGOLIPID_METABOLISM","REACTOME_SPHINGOLIPID_METABOLISM",42,-0.500856462206141,-1.57818939558165,0.02368289894946,0.0983792420159723,0.0621382135598059,1088,"tags=33%, list=17%, signal=28%","SUMF1/PPM1L/ARSK/GLB1/B4GALT6/GM2A/GLA/NEU1/A4GALT/SMPD1/VAPA/PSAP/ST6GALNAC6/ALDH3B1",0.352487857583619
"REACTOME_STABILIZATION_OF_P53","REACTOME_STABILIZATION_OF_P53",27,0.636062231217748,1.57589435999985,0.0127165891638643,0.06861517896438,0.0433386612517377,1115,"tags=44%, list=18%, signal=37%","PSMB2/PSMA2/PSMA7/RPS27A/PSMB1/PSMD11/PSMC3/UBB/PSMB4/PSMA4/CHEK2/PSMD7",0.380730400722792
"REACTOME_PKR_MEDIATED_SIGNALING","REACTOME_PKR_MEDIATED_SIGNALING",33,0.623345698095052,1.57503813484421,0.00794706308907811,0.0534609800518015,0.0337669789632657,784,"tags=33%, list=12%, signal=29%","ISG15/STAT1/EIF2S1/UBE2I/HSPA2/STAT3/HSPA8/UBE2L6/PTPN2/SPHK1/HSPA1B",0.380730400722792
"REACTOME_FORMATION_OF_PARAXIAL_MESODERM","REACTOME_FORMATION_OF_PARAXIAL_MESODERM",32,0.621033620935914,1.57494846468705,0.0125705372222721,0.0681917852541533,0.0430712376749056,1115,"tags=41%, list=18%, signal=34%","PSMB2/PSMA2/NOTCH1/CREBBP/PSMA7/PSMB1/PSMD11/FGFR1/PSMC3/PSMB4/PSMA4/DLL1/PSMD7",0.380730400722792
"REACTOME_METALLOPROTEASE_DUBS","REACTOME_METALLOPROTEASE_DUBS",13,0.752654518988561,1.57324839062781,0.00615863888021678,0.0453432593451114,0.0286396710825111,943,"tags=46%, list=15%, signal=39%","H2AC1/H2AC11/H2AC25/RPS27A/UBB/STAMBPL1",0.407017918923954
"REACTOME_MEIOTIC_SYNAPSIS","REACTOME_MEIOTIC_SYNAPSIS",12,0.747230738622612,1.57191285626912,0.0136002192266101,0.0711016642468893,0.0449091729809579,1237,"tags=67%, list=19%, signal=54%","SMC3/H2BC26/UBE2I/H2BC21/HSPA2/H2BC12/FKBP6/SYNE2",0.380730400722792
"REACTOME_FC_EPSILON_RECEPTOR_FCERI_SIGNALING","REACTOME_FC_EPSILON_RECEPTOR_FCERI_SIGNALING",72,0.546449454372572,1.57004239628214,0.00622064840472773,0.0453432593451114,0.0286396710825111,1890,"tags=50%, list=30%, signal=36%","PSMB2/PSMA2/LYN/VAV3/MAPK10/PSMA7/VAV1/RPS27A/PSMB1/MAPK3/IGHE/PSMD11/MAP2K4/PSMC3/GRB2/UBB/PSMB4/PSMA4/UBE2D2/NFKB1/PPP3R1/PLCG1/PSMD7/SHC1/SYK/NRAS/FYN/PLCG2/MAPK9/PSMC5/PSMD6/PIK3R1/BTK/AHCYL1/TAB1/MAPK1",0.407017918923954
"REACTOME_SIGNALING_BY_NOTCH","REACTOME_SIGNALING_BY_NOTCH",94,0.533128108852301,1.56814205064482,0.00142557052640652,0.0176387262165088,0.0111409573209196,1438,"tags=38%, list=23%, signal=30%","GZMB/STAT1/HDAC2/PSMB2/ELANE/PSMA2/NOTCH1/YBX1/H2BC26/CREBBP/H3C1/H2BC21/PSMA7/RPS27A/PSMB1/YWHAZ/H2BC12/PSMD11/HES1/FCER2/PSMC3/UBB/PSMB4/POFUT1/PSMA4/ARRB1/DLL1/PSMD7/AGO3/AGO1/HES5/FLT4/DLK1/AGO2/KAT2A/HDAC8",0.45505986738723
"REACTOME_TAK1_DEPENDENT_IKK_AND_NF_KAPPA_B_ACTIVATION","REACTOME_TAK1_DEPENDENT_IKK_AND_NF_KAPPA_B_ACTIVATION",23,0.658662665575795,1.56797748387482,0.0187111358944851,0.0849997348034646,0.0536874605405787,1162,"tags=39%, list=18%, signal=32%","TIFA/SAA1/S100A12/USP14/RPS27A/NKIRAS1/UBB/NFKB1/HMGB1",0.352487857583619
"REACTOME_G1_S_DNA_DAMAGE_CHECKPOINTS","REACTOME_G1_S_DNA_DAMAGE_CHECKPOINTS",40,0.600663153842251,1.56740928431049,0.00942961623856075,0.0574788182659861,0.0363047225348336,902,"tags=35%, list=14%, signal=30%","PSMB2/PSMA2/MAPK14/PSMA7/RPS27A/PSMB1/PSMD11/PSMC3/CDK2/UBB/PSMB4/CHEK1/PSMA4/CHEK2",0.380730400722792
"REACTOME_AMPK_INDUCED_ERAD_AND_LYSOSOME_MEDIATED_DEGRADATION_OF_PD_L1_CD274","REACTOME_AMPK_INDUCED_ERAD_AND_LYSOSOME_MEDIATED_DEGRADATION_OF_PD_L1_CD274",29,0.623224139829208,1.56669622222028,0.013744990785137,0.0714881221763053,0.0451532672111821,1115,"tags=45%, list=18%, signal=37%","PSMB2/PSMA2/VCP/PSMA7/RPS27A/PSMB1/PSMD11/PSMC3/UBB/PSMB4/PSMA4/ERLEC1/PSMD7",0.380730400722792
"REACTOME_TOLL_LIKE_RECEPTOR_9_TLR9_CASCADE","REACTOME_TOLL_LIKE_RECEPTOR_9_TLR9_CASCADE",59,0.563377238915442,1.56625921912554,0.00558225344655546,0.043084356658808,0.0272129048800478,828,"tags=22%, list=13%, signal=19%","TIFA/SAA1/S100A12/MAPK14/MAPK10/MAPKAPK3/USP14/RPS27A/MAPK3/MAP2K4/NKIRAS1/UBB/CD14",0.407017918923954
"REACTOME_GPVI_MEDIATED_ACTIVATION_CASCADE","REACTOME_GPVI_MEDIATED_ACTIVATION_CASCADE",24,0.650779639328851,1.5661967496415,0.0151176196467079,0.0754474344850301,0.0476540446998882,1816,"tags=67%, list=29%, signal=48%","LYN/RHOA/VAV3/CDC42/VAV1/COL1A1/PIK3CG/LCK/RHOB/PTPN11/SYK/FYN/PRKCZ/PLCG2/PIK3R1/PTPN6",0.380730400722792
"REACTOME_REGULATION_OF_TP53_ACTIVITY_THROUGH_ACETYLATION","REACTOME_REGULATION_OF_TP53_ACTIVITY_THROUGH_ACETYLATION",13,0.748960276538719,1.56552644006194,0.007186090963495,0.0503525401539337,0.0318036287864045,91,"tags=23%, list=1%, signal=23%","RBBP4/HDAC2/PML",0.407017918923954
"REACTOME_SIGNALING_BY_CSF3_G_CSF","REACTOME_SIGNALING_BY_CSF3_G_CSF",22,0.666287168954833,1.56528958242473,0.0106890210815054,0.0623423252672771,0.0393766067098181,1291,"tags=50%, list=20%, signal=40%","STAT1/LYN/STAT3/RPS27A/GRB2/UBB/UBE2D2/STAT5A/PTPN11/SHC1/SYK",0.380730400722792
"REACTOME_ANTIGEN_PRESENTATION_FOLDING_ASSEMBLY_AND_PEPTIDE_LOADING_OF_CLASS_I_MHC","REACTOME_ANTIGEN_PRESENTATION_FOLDING_ASSEMBLY_AND_PEPTIDE_LOADING_OF_CLASS_I_MHC",16,0.70448145805108,1.56378022630702,0.0123322911166523,0.0679960750639464,0.0429476233702443,558,"tags=38%, list=9%, signal=34%","ERAP1/B2M/HLA-G/PDIA3/HSPA5/HLA-C",0.380730400722792
"REACTOME_DEFECTS_OF_CONTACT_ACTIVATION_SYSTEM_CAS_AND_KALLIKREIN_KININ_SYSTEM_KKS","REACTOME_DEFECTS_OF_CONTACT_ACTIVATION_SYSTEM_CAS_AND_KALLIKREIN_KININ_SYSTEM_KKS",13,0.747447580917839,1.56236450335524,0.00730686278241323,0.0508456865341721,0.0321151094856207,1192,"tags=62%, list=19%, signal=50%","SERPING1/VWF/F11/F10/F8/F9/KLKB1/GP5",0.407017918923954
"REACTOME_METHYLATION","REACTOME_METHYLATION",11,0.761339789273205,1.56062884640417,0.018370123497242,0.0838708353335621,0.0529744260130615,1228,"tags=73%, list=19%, signal=59%","AHCY/GSTO1/TRMT112/MAT1A/MAT2B/NNMT/MAT2A/TPMT",0.352487857583619
"REACTOME_DEGRADATION_OF_CRY_AND_PER_PROTEINS","REACTOME_DEGRADATION_OF_CRY_AND_PER_PROTEINS",26,0.635870678142432,1.56020001587664,0.0227763181850479,0.0965601052466949,0.0609892119335736,1115,"tags=42%, list=18%, signal=35%","PSMB2/PSMA2/PSMA7/RPS27A/PSMB1/PSMD11/PSMC3/UBB/PSMB4/PSMA4/PSMD7",0.352487857583619
"REACTOME_CELLULAR_RESPONSES_TO_STIMULI","REACTOME_CELLULAR_RESPONSES_TO_STIMULI",390,0.468944665849578,1.55886327135386,2.48368897211339e-06,0.000139224565159023,8.79369019860704e-05,1275,"tags=33%, list=20%, signal=28%","STAT1/RBBP4/PGD/APOA1/RPL5/HMOX1/FKBP5/EED/PSMB2/IL6/RPL12/PSMA2/DNAJB11/PTPN1/IDH1/NQO1/NOTCH1/TRIM21/HSP90AA1/RPL30/FN1/MAPK14/HSP90B1/H2BC26/GSR/CCL2/FKBP4/EIF2S1/HSP90AB1/CREBBP/MAPK10/H3C1/PDIA6/MAPKAPK3/CAMK2D/G6PD/H2BC21/PDIA5/EGLN2/HSPA2/TALDO1/RPL26L1/ALB/HSPA5/LONP1/PRKAR1A/CSNK2A1/VCP/STIP1/STAT3/GSK3A/GFPT1/RPS20/APOB/RPS25/PSMA7/SOD2/CAPZA1/HSPA8/ATP6V1C2/HMOX2/CAMK2B/RPS27A/PSMB1/MAPK3/H2BC12/PSMD11/PPARA/RPS19/ERO1A/HYOU1/TXNRD1/RPL11/CDH5/EEF1A1/NCF1/GCLM/RPS3/PGR/MAP2K4/SIRT1/CAPNS1/RPLP2/CXCL8/AKT3/PSMC3/HSPA1B/CDK2/HSPA12A/UBB/HSPG2/PSMB4/EXOSC5/PSMA4/TKT/ARNT/BLVRB/MAP1LC3B/UBE2D2/HSPA9/NFKB1/BLVRA/RPS4X/MRE11/CSNK2A2/CASTOR1/SKP2/EHMT2/CDKN2D/PSMD7/PRDX6/PRKAR1B/AGO3/P4HB/RPS14/SPP1/ACADVL/SHC1/AGO1/EXOSC3/EIF2AK4/PPP2R1A/GRB10/RPS12/CAMK2A/STOML2/FLT4",0.627256739718528
"REACTOME_ESR_MEDIATED_SIGNALING","REACTOME_ESR_MEDIATED_SIGNALING",89,0.527316779149367,1.55870779618628,0.0034177041231429,0.0307898523236713,0.0194474604597234,1387,"tags=39%, list=22%, signal=31%","FKBP5/MMP2/SMC3/HSP90AA1/H2BC26/FKBP4/MMP3/HSP90AB1/GTF2F2/CREBBP/H3C1/PRMT1/H2BC21/KPNA2/SRC/MMP9/MAPK3/IGF1R/H2BC12/TFF3/CTSD/PGR/AKT3/SPHK1/TBP/USF1/POLR2E/KDM1A/AGO3/SHC1/AGO1/GTF2A2/NCOA2/AGO2/NRAS",0.431707695803346
"REACTOME_RESPONSE_OF_MTB_TO_PHAGOCYTOSIS","REACTOME_RESPONSE_OF_MTB_TO_PHAGOCYTOSIS",16,0.702049681917689,1.5583822653121,0.0132013858182051,0.0701063067924684,0.0442804861482101,1030,"tags=56%, list=16%, signal=47%","KPNB1/GSK3A/RAB7A/RPS27A/MAPK3/CTSG/ENO1/UBB/PGK1",0.380730400722792
"REACTOME_PYRUVATE_METABOLISM","REACTOME_PYRUVATE_METABOLISM",29,0.619838711969198,1.55818574148003,0.0151792162541736,0.0754474344850301,0.0476540446998882,999,"tags=34%, list=16%, signal=29%","PKM/DLD/ME2/LDHA/LDHB/RPS27A/FAHD1/UBB/PDHB/DLAT",0.380730400722792
"REACTOME_FBXL7_DOWN_REGULATES_AURKA_DURING_MITOTIC_ENTRY_AND_IN_EARLY_MITOSIS","REACTOME_FBXL7_DOWN_REGULATES_AURKA_DURING_MITOTIC_ENTRY_AND_IN_EARLY_MITOSIS",26,0.634277495685256,1.55629091394692,0.023720405995536,0.0983792420159723,0.0621382135598059,1115,"tags=42%, list=18%, signal=35%","PSMB2/PSMA2/PSMA7/RPS27A/PSMB1/PSMD11/PSMC3/UBB/PSMB4/PSMA4/PSMD7",0.352487857583619
"REACTOME_AUF1_HNRNP_D0_BINDS_AND_DESTABILIZES_MRNA","REACTOME_AUF1_HNRNP_D0_BINDS_AND_DESTABILIZES_MRNA",28,0.626238457647138,1.55377550636621,0.00859803086808002,0.0549076781385617,0.0346807411841321,891,"tags=46%, list=14%, signal=40%","PSMB2/PSMA2/EIF4G1/PSMA7/HSPA8/RPS27A/PSMB1/PSMD11/PSMC3/HNRNPD/UBB/PSMB4/PSMA4",0.380730400722792
"REACTOME_ANTIGEN_PROCESSING_UB_ATP_INDEPENDENT_PROTEASOMAL_DEGRADATION","REACTOME_ANTIGEN_PROCESSING_UB_ATP_INDEPENDENT_PROTEASOMAL_DEGRADATION",18,0.690369216786902,1.55274986516804,0.0156918770087198,0.0764884246463685,0.0483115540243492,1244,"tags=56%, list=20%, signal=45%","PSMB2/PSMA2/PSME2/PSMB10/PSMA7/PSMB1/PSMB4/PSMA4/PSME1/PSMB9",0.352487857583619
"REACTOME_MITOTIC_G1_PHASE_AND_G1_S_TRANSITION","REACTOME_MITOTIC_G1_PHASE_AND_G1_S_TRANSITION",69,0.545410703627764,1.55041429629104,0.00749103834000093,0.0517702581168558,0.0326990866059852,1718,"tags=42%, list=27%, signal=31%","RBBP4/PCNA/PSMB2/PSMA2/LYN/SRC/PSMA7/RPS27A/PSMB1/PSMD11/AKT3/PSMC3/CDK2/UBB/PSMB4/TYMS/PSMA4/SKP2/CDKN2D/PSMD7/PPP2R1A/CCNA2/POLE3/CCNH/MAX/MNAT1/PSMC5/PSMD6/TK1",0.407017918923954
"REACTOME_GROWTH_HORMONE_RECEPTOR_SIGNALING","REACTOME_GROWTH_HORMONE_RECEPTOR_SIGNALING",18,0.68912055487115,1.54994142647439,0.0159389881150312,0.0766233639304591,0.0483967842607344,628,"tags=33%, list=10%, signal=30%","STAT1/PTPN1/LYN/STAT3/MAPK3/CSH1",0.352487857583619
"REACTOME_SIGNALING_BY_NOTCH1_PEST_DOMAIN_MUTANTS_IN_CANCER","REACTOME_SIGNALING_BY_NOTCH1_PEST_DOMAIN_MUTANTS_IN_CANCER",26,0.630383208462848,1.54673572105144,0.027212545335157,0.10827757040676,0.0683901873586279,1512,"tags=42%, list=24%, signal=32%","HDAC2/NOTCH1/CREBBP/RPS27A/HES1/UBB/DLL1/HES5/KAT2A/HDAC8/CDK8",0.352487857583619
"REACTOME_HCMV_INFECTION","REACTOME_HCMV_INFECTION",39,0.59072396341309,1.54611890777872,0.00987431494897011,0.0593046653780408,0.0374579625420903,997,"tags=36%, list=16%, signal=30%","RBBP4/PML/EED/H2AC1/H2BC26/H3C1/H2AC11/H2BC21/H2AC25/H2BC12/CHMP6/HNRNPK/TRIM28/NFKB1",0.380730400722792
"REACTOME_DISEASES_OF_SIGNAL_TRANSDUCTION_BY_GROWTH_FACTOR_RECEPTORS_AND_SECOND_MESSENGERS","REACTOME_DISEASES_OF_SIGNAL_TRANSDUCTION_BY_GROWTH_FACTOR_RECEPTORS_AND_SECOND_MESSENGERS",270,0.47536307721209,1.54511381771272,5.59360234308729e-05,0.00161255564690717,0.00101852103260076,1454,"tags=30%, list=23%, signal=24%","GZMB/STAT1/FGG/VWF/HDAC2/PAPSS1/PSMB2/PSMA2/NOTCH1/HSP90AA1/LYN/FN1/GTF2F2/CREBBP/CAMK2D/CLTC/PRKAR1A/VCP/STAT3/GSK3A/PPP1CC/RRBP1/SRC/PSMA7/YWHAB/VAV1/CAMK2B/RPS27A/PSMB1/MAPK3/ATIC/CSK/PSMD11/HES1/BIN2/FGFR1/KIT/AKT3/PSMC3/PIK3CG/PPM1B/GRB2/NCBP1/UBB/PSMB4/LCK/KLC1/PSMA4/KITLG/ERLEC1/POLR2E/TPM4/STAT5A/WDR48/FLT3/ARRB1/PLCG1/DLL1/KREMEN2/ZAP70/SND1/IL10/PSMD7/AGO3/PTEN/PTPN11/SHC1/AGO1/YES1/PPP2R1A/HES5/EEF1G/CAMK2A/AGO2/NRAS/FYN/IL22/CEP43/KAT2A/TGFB1/HDAC8/KDR",0.557332238758646
"REACTOME_SYNDECAN_INTERACTIONS","REACTOME_SYNDECAN_INTERACTIONS",20,0.665136827440947,1.54492573339464,0.0218412722842276,0.0945767602314373,0.0597364932340247,1548,"tags=60%, list=24%, signal=46%","COL3A1/TNC/FN1/ACTN1/VTN/COL1A1/THBS1/COL5A1/TGFB1/TRAPPC4/FGF2/SDC3",0.352487857583619
"REACTOME_INTRINSIC_PATHWAY_FOR_APOPTOSIS","REACTOME_INTRINSIC_PATHWAY_FOR_APOPTOSIS",35,0.595304239648653,1.54450880134331,0.0176112809268226,0.0821567339780418,0.0518917667659494,1238,"tags=37%, list=20%, signal=30%","GZMB/CASP3/STAT3/YWHAB/MAPK3/YWHAZ/YWHAG/AKT3/SFN/PPP3R1/APAF1/NMT1/DIABLO",0.352487857583619
"REACTOME_SARS_COV_2_MODULATES_HOST_TRANSLATION_MACHINERY","REACTOME_SARS_COV_2_MODULATES_HOST_TRANSLATION_MACHINERY",21,0.66345639186936,1.54425784627795,0.0123282808913201,0.0679960750639464,0.0429476233702443,1594,"tags=62%, list=25%, signal=47%","SMN1/RPS20/RPS25/RPS27A/RPS19/RPS3/GEMIN7/SNRPF/RPS4X/RPS14/RPS12/SNRPD2/RPS5",0.380730400722792
"REACTOME_CHROMOSOME_MAINTENANCE","REACTOME_CHROMOSOME_MAINTENANCE",29,0.613968593137087,1.54342910352186,0.0190038295803004,0.085602071636264,0.054067908021007,1018,"tags=24%, list=16%, signal=20%","RBBP4/PCNA/H2BC26/H2BC21/H2BC12/CDK2/POLR2E",0.352487857583619
"REACTOME_DEUBIQUITINATION","REACTOME_DEUBIQUITINATION",129,0.504284877816909,1.54310463964179,0.00125289766311248,0.0166338650273749,0.0105062677472978,1704,"tags=38%, list=27%, signal=28%","RIGI/PSMB2/PSMA2/IDE/H2AC1/H2BC26/RHOA/H2AC11/USP14/H2BC21/H2AC25/IFIH1/VCP/CYLD/PSMA7/VCPIP1/RPS27A/RHOT1/PSMB1/H2BC12/PSMD11/PSMC3/UBB/PSMB4/MAT2B/PSMA4/STAMBPL1/INO80E/USP25/WDR48/ARRB1/USP4/SKP2/TADA3/PSMD7/PTEN/SMURF2/CCNA2/KAT2A/TGFB1/USP3/RIPK2/NEDD8/OTUD5/TNFAIP3/MUL1/ZRANB1/PSMC5/PSMD6",0.45505986738723
"REACTOME_ANTIMICROBIAL_PEPTIDES","REACTOME_ANTIMICROBIAL_PEPTIDES",65,0.541579906558913,1.54278351795304,0.00933404298433538,0.0574788182659861,0.0363047225348336,1370,"tags=40%, list=22%, signal=32%","GNLY/DEFB4A/DEFA3/RNASE3/S100A8/ELANE/BPI/DEFA1/S100A9/HTN1/LYZ/LCN2/PRTN3/CTSG/DEFB1/BPIFB1/PI3/TLR2/CAMP/TLR1/LTF/DEFB113/BPIFA1/RNASE6/PGLYRP1/PGLYRP2",0.380730400722792
"REACTOME_INTERLEUKIN_1_FAMILY_SIGNALING","REACTOME_INTERLEUKIN_1_FAMILY_SIGNALING",89,0.521885623884428,1.54265371941782,0.00439417466007694,0.0375739172204884,0.0237324057868439,1162,"tags=33%, list=18%, signal=27%","TIFA/SAA1/IL1RN/PSMB2/PSMA2/S100A12/IL18R1/IL1R2/USP14/STAT3/PSMA7/RPS27A/PSMB1/CTSG/PSMD11/PTPN2/MAP2K4/PSMC3/IL18BP/NKIRAS1/UBB/PSMB4/IL1RAP/PSMA4/IL36A/NFKB1/PSMD7/PTPN11/HMGB1",0.407017918923954
"REACTOME_DISSOLUTION_OF_FIBRIN_CLOT","REACTOME_DISSOLUTION_OF_FIBRIN_CLOT",12,0.732820955894132,1.5415996992265,0.0204637149609561,0.0917683928693545,0.0579626746181915,1264,"tags=67%, list=20%, signal=53%","SERPINB8/SERPINF2/SERPINB2/PLAUR/SERPINE2/SERPINE1/PLAU/PLAT",0.352487857583619
"REACTOME_SUMOYLATION_OF_DNA_REPLICATION_PROTEINS","REACTOME_SUMOYLATION_OF_DNA_REPLICATION_PROTEINS",14,0.714264430202221,1.54010871916796,0.0269544759246956,0.10827757040676,0.0683901873586279,665,"tags=43%, list=10%, signal=38%","PCNA/UBE2I/RANGAP1/SUMO2/SUMO3/TOP1",0.352487857583619
"REACTOME_MYD88_INDEPENDENT_TLR4_CASCADE","REACTOME_MYD88_INDEPENDENT_TLR4_CASCADE",64,0.554348980171231,1.53995904906875,0.00518074267563264,0.0418313292585318,0.0264214687742277,1216,"tags=28%, list=19%, signal=23%","TIFA/SAA1/S100A12/MAPK14/MAPK10/MAPKAPK3/USP14/RPS27A/MAPK3/MAP2K4/NKIRAS1/UBB/CD14/UBE2D2/NFKB1/PTPN11/HMGB1/PPP2R1A",0.407017918923954
"REACTOME_SCF_BETA_TRCP_MEDIATED_DEGRADATION_OF_EMI1","REACTOME_SCF_BETA_TRCP_MEDIATED_DEGRADATION_OF_EMI1",25,0.638221138270073,1.53977640969428,0.0175733930791687,0.0821567339780418,0.0518917667659494,1115,"tags=44%, list=18%, signal=36%","PSMB2/PSMA2/PSMA7/RPS27A/PSMB1/PSMD11/PSMC3/UBB/PSMB4/PSMA4/PSMD7",0.352487857583619
"REACTOME_ORC1_REMOVAL_FROM_CHROMATIN","REACTOME_ORC1_REMOVAL_FROM_CHROMATIN",31,0.607854147848193,1.53977203506877,0.021798006531462,0.0945767602314373,0.0597364932340247,1115,"tags=42%, list=18%, signal=35%","PSMB2/PSMA2/PSMA7/RPS27A/PSMB1/PSMD11/PSMC3/CDK2/UBB/PSMB4/PSMA4/SKP2/PSMD7",0.352487857583619
"REACTOME_HSP90_CHAPERONE_CYCLE_FOR_STEROID_HORMONE_RECEPTORS_SHR_IN_THE_PRESENCE_OF_LIGAND","REACTOME_HSP90_CHAPERONE_CYCLE_FOR_STEROID_HORMONE_RECEPTORS_SHR_IN_THE_PRESENCE_OF_LIGAND",25,0.637743190112511,1.53862330890531,0.018038906708299,0.0831107619574141,0.0524943491106542,784,"tags=40%, list=12%, signal=35%","FKBP5/HSP90AA1/FKBP4/HSP90AB1/HSPA2/STIP1/CAPZA1/HSPA8/PGR/HSPA1B",0.352487857583619
"REACTOME_FCERI_MEDIATED_NF_KB_ACTIVATION","REACTOME_FCERI_MEDIATED_NF_KB_ACTIVATION",43,0.582853305921999,1.53753380682535,0.00945637644415629,0.0574788182659861,0.0363047225348336,1115,"tags=35%, list=18%, signal=29%","PSMB2/PSMA2/LYN/PSMA7/RPS27A/PSMB1/IGHE/PSMD11/PSMC3/UBB/PSMB4/PSMA4/UBE2D2/NFKB1/PSMD7",0.380730400722792
"REACTOME_M_DECAY_DEGRADATION_OF_MATERNAL_MRNAS_BY_MATERNALLY_STORED_FACTORS","REACTOME_M_DECAY_DEGRADATION_OF_MATERNAL_MRNAS_BY_MATERNALLY_STORED_FACTORS",12,0.730874797495328,1.53750566073304,0.0209721237810692,0.0932197043836952,0.0588793507682808,1515,"tags=75%, list=24%, signal=57%","EIF4E/EIF4G1/CNOT1/CNOT9/EIF4A2/EIF4A1/AGO2/EIF4B/EIF4A3",0.352487857583619
"REACTOME_REGULATION_OF_APOPTOSIS","REACTOME_REGULATION_OF_APOPTOSIS",23,0.645583001861248,1.53684072863891,0.0251126431189904,0.102172003657505,0.0645337944570927,1115,"tags=48%, list=18%, signal=40%","PSMB2/PSMA2/PSMA7/RPS27A/PSMB1/PSMD11/PSMC3/UBB/PSMB4/PSMA4/PSMD7",0.352487857583619
"REACTOME_GENE_SILENCING_BY_RNA","REACTOME_GENE_SILENCING_BY_RNA",25,0.636898209525037,1.53658470332298,0.0182716635861971,0.0838004934476039,0.0529299967306001,1383,"tags=52%, list=22%, signal=41%","HSP90AA1/H2BC26/H3C1/H2BC21/RAN/H2BC12/POLR2E/BCDIN3D/AGO3/AGO1/XPO5/FKBP6/AGO2",0.352487857583619
"REACTOME_MAP2K_AND_MAPK_ACTIVATION","REACTOME_MAP2K_AND_MAPK_ACTIVATION",26,0.626039995746997,1.53607902499491,0.0295383495100491,0.113323934051861,0.0715775672921801,596,"tags=27%, list=9%, signal=24%","FGG/VWF/FN1/SRC/YWHAB/MAPK3/CSK",0.352487857583619
"REACTOME_RUNX1_REGULATES_GENES_INVOLVED_IN_MEGAKARYOCYTE_DIFFERENTIATION_AND_PLATELET_FUNCTION","REACTOME_RUNX1_REGULATES_GENES_INVOLVED_IN_MEGAKARYOCYTE_DIFFERENTIATION_AND_PLATELET_FUNCTION",21,0.659692354081311,1.53549669036911,0.0147220527498234,0.0746459860531249,0.0471478345197893,1301,"tags=52%, list=21%, signal=42%","RBBP5/WDR5/H2BC26/H3C1/PRMT1/H2BC21/H2BC12/THBS1/AGO3/AGO1/MYL9",0.380730400722792
"REACTOME_UCH_PROTEINASES","REACTOME_UCH_PROTEINASES",40,0.588379064270192,1.53535438645071,0.0151639788449362,0.0754474344850301,0.0476540446998882,948,"tags=35%, list=15%, signal=30%","PSMB2/PSMA2/H2AC1/H2AC11/H2AC25/PSMA7/RPS27A/PSMB1/PSMD11/PSMC3/UBB/PSMB4/PSMA4/INO80E",0.380730400722792
"REACTOME_CYCLIN_A_CDK2_ASSOCIATED_EVENTS_AT_S_PHASE_ENTRY","REACTOME_CYCLIN_A_CDK2_ASSOCIATED_EVENTS_AT_S_PHASE_ENTRY",47,0.563896234421148,1.53426040744373,0.0115189872866348,0.0652958324281714,0.0412420984025094,1704,"tags=45%, list=27%, signal=33%","RBBP4/PSMB2/PSMA2/PSMA7/RPS27A/PSMB1/PSMD11/AKT3/PSMC3/CDK2/UBB/PSMB4/PSMA4/SKP2/PSMD7/CCNA2/CCNH/MAX/MNAT1/PSMC5/PSMD6",0.380730400722792
"REACTOME_DNA_REPAIR","REACTOME_DNA_REPAIR",121,0.500591588130071,1.53354451902696,0.00173084320619354,0.0196227055623515,0.0123940766758157,1107,"tags=30%, list=17%, signal=25%","ISG15/PCNA/UBA7/MPG/H2BC26/ADPRS/APEX1/UBE2I/H2BC21/KPNA2/PRPF19/VCP/RAD1/SUMO2/SUMO3/RPS27A/H2BC12/UBE2L6/MGMT/PNKP/XRCC4/CDK2/UBB/CHEK1/TDP1/CHEK2/OGG1/INO80E/COPS2/RAD51C/NEIL1/POLR2E/MRE11/WDR48/EYA2/CETN2",0.45505986738723
"REACTOME_GLUCONEOGENESIS","REACTOME_GLUCONEOGENESIS",19,0.672501748462869,1.53195677956169,0.0165506510840796,0.0791450566058591,0.0499895336536477,638,"tags=42%, list=10%, signal=38%","GPI/GAPDH/ALDOA/ALDOC/TPI1/PGAM2/PGAM1/ENO1",0.352487857583619
"REACTOME_UBIQUITIN_DEPENDENT_DEGRADATION_OF_CYCLIN_D","REACTOME_UBIQUITIN_DEPENDENT_DEGRADATION_OF_CYCLIN_D",24,0.636224681112001,1.53116810573078,0.0219145739159471,0.0945767602314373,0.0597364932340247,1115,"tags=46%, list=18%, signal=38%","PSMB2/PSMA2/PSMA7/RPS27A/PSMB1/PSMD11/PSMC3/UBB/PSMB4/PSMA4/PSMD7",0.352487857583619
"REACTOME_SIGNALING_BY_THE_B_CELL_RECEPTOR_BCR","REACTOME_SIGNALING_BY_THE_B_CELL_RECEPTOR_BCR",65,0.537242839057045,1.53042863517933,0.010438651246569,0.0615941468291704,0.0389040428781068,1816,"tags=49%, list=29%, signal=36%","PSMB2/PSMA2/IGHM/LYN/PRKCB/PSMA7/VAV1/RPS27A/PSMB1/PPIA/PSMD11/DAPP1/PSMC3/GRB2/UBB/PSMB4/PSMA4/NFKB1/PPP3R1/PSMD7/SYK/NRAS/FYN/NFKBIE/PLCG2/CD22/PSMC5/PSMD6/PIK3R1/BTK/AHCYL1/PTPN6",0.380730400722792
"REACTOME_RNA_POLYMERASE_II_TRANSCRIPTION","REACTOME_RNA_POLYMERASE_II_TRANSCRIPTION",453,0.45485863168673,1.5278089104081,2.92804190512993e-06,0.000153120013847221,9.67135335234064e-05,1515,"tags=31%, list=24%, signal=26%","STAT1/APOE/RBBP4/GPI/CR1/HDAC2/PCNA/FKBP5/RETN/PML/EED/PSMB2/IL6/PSMA2/PTPN1/NOTCH1/RBBP5/YBX1/WDR5/MAPK14/DDX39B/H2BC26/SRRT/GSR/SPI1/SERPINB13/GTF2F2/CREBBP/H3C1/UBE2I/NUDT21/CAMK2D/PRMT1/G6PD/H2BC21/MAGOHB/CSNK2A1/SLBP/PRKCB/RAD1/CNOT1/SRC/MAGOH/PSMA7/SOD2/YWHAB/CAMK2B/RPS27A/PSMB1/MAPK3/PRDM1/YWHAZ/H2BC12/PSMD11/HES1/ARID1A/PPARA/NAMPT/CNOT9/YWHAG/TXNRD1/COL1A1/NABP1/PBRM1/KIT/PGR/SIRT1/GTF2E2/NRBF2/AKT3/PSMC3/THBS1/NCBP1/CDK2/UBB/PSMB4/SNRPF/TBP/SSU72/SFN/THOC1/CHEK1/PSMA4/CHEK2/SRSF7/TRIM28/ARNT/SERPINE1/IGFBP3/NPY/NFKB1/RUNX3/POLR2E/CSTF1/MRE11/CSNK2A2/DLL1/SKP2/EHMT2/CBX3/PSMD7/TAF8/AGO3/PTEN/APAF1/PTPN11/LGALS3/SPP1/AGO1/YES1/SST/PPP2R1A/RNGTT/CAMK2A/GTF2A2/RAD51/SMURF2/MYL9/HNF4A/CAT/CCNA2/CDK5R1/AGO2/ZNF18/CSF1R/KAT2A/TGFB1/ANAPC10/GEM/HDAC8/EZH2/CCNH/TBX5/MMP13/FAS/FOXP3/TNFRSF10D/AURKB/CDK8/IL2RA/EIF4A3",0.627256739718528
"REACTOME_ADAPTIVE_IMMUNE_SYSTEM","REACTOME_ADAPTIVE_IMMUNE_SYSTEM",448,0.458263674677978,1.52667192981308,5.09063619701178e-06,0.000233475087399313,0.000147467337056302,1293,"tags=30%, list=20%, signal=26%","STAT1/COL3A1/FGG/RBBP4/DTX3L/S100A8/UBA7/SELL/EED/PSMB2/PSMA2/LILRA5/UBA1/TRIM21/RBBP5/LILRB1/IGHM/ERAP1/B2M/LILRA1/ICAM1/WDR5/UBA6/LYN/OSBPL1A/C3/H2BC26/PSME2/HLA-G/S100A9/FCGR1A/SIGLEC5/CREBBP/H3C1/LILRA3/CLTC/H2BC21/CDC42/PSMB10/RPN1/PDIA3/HSPA5/TREML2/CSNK2A1/SIGLEC9/VCP/LILRA6/SH2D1A/STAT3/RAB7A/PRKCB/LILRB2/SIGLEC7/SRC/ITGB7/PSMA7/CAPZA1/YWHAB/VAV1/HLA-C/RPS27A/PSMB1/PPIA/YWHAZ/HECW2/H2BC12/CSK/PSMD11/PRKG1/UBE2L6/UBE2D4/YWHAG/AP2A2/CD8A/COL1A1/DAPP1/NCF1/CTSD/CD300A/VCAM1/AKT3/PSMC3/PIK3CG/AP2B1/GRB2/UBB/PSMB4/LCK/LILRA2/CD14/HERC1/KLC1/CD300C/MADCAM1/PSMA4/TLR2/ICOSLG/UBE2D2/ERLEC1/NFKB1/TLR1/COL2A1/CXADR/MRC2/PPP3R1/CSNK2A2/PLCG1/PSME1/ZAP70/SKP2/HERC5/RNF41/PSMD7/PTPRJ/KLHL2/AGO3/PTEN/CLEC4G/PTPN11/HMGB1/SPOP/AGO1/LRSAM1/YES1/UBE2W/PPP2R1A/CD300E/PSMB9/UBE2R2/UBE3A/SIGLEC12/KIR2DS2/UBE2G1/SYK/SMURF2",0.610526878385931
"REACTOME_DEGRADATION_OF_DVL","REACTOME_DEGRADATION_OF_DVL",27,0.616105426422467,1.52644980162655,0.0215110359207792,0.0945332519275397,0.0597090125559486,1115,"tags=44%, list=18%, signal=37%","PSMB2/PSMA2/PSMA7/RPS27A/PSMB1/PSMD11/PSMC3/UBB/PSMB4/PSMA4/KLHL12/PSMD7",0.352487857583619
"REACTOME_ACTIVATION_OF_NF_KAPPAB_IN_B_CELLS","REACTOME_ACTIVATION_OF_NF_KAPPAB_IN_B_CELLS",34,0.604278698846721,1.52397542886634,0.0170137509942081,0.0802190409025982,0.0506678827059795,1115,"tags=38%, list=18%, signal=32%","PSMB2/PSMA2/PRKCB/PSMA7/RPS27A/PSMB1/PSMD11/PSMC3/UBB/PSMB4/PSMA4/NFKB1/PSMD7",0.352487857583619
"REACTOME_IMMUNOREGULATORY_INTERACTIONS_BETWEEN_A_LYMPHOID_AND_A_NON_LYMPHOID_CELL","REACTOME_IMMUNOREGULATORY_INTERACTIONS_BETWEEN_A_LYMPHOID_AND_A_NON_LYMPHOID_CELL",112,0.50168445029193,1.52396360349811,0.00301979104523813,0.0282846151595879,0.0178651046829376,864,"tags=24%, list=14%, signal=21%","COL3A1/SELL/LILRA5/LILRB1/B2M/LILRA1/ICAM1/C3/HLA-G/FCGR1A/SIGLEC5/LILRA3/TREML2/SIGLEC9/LILRA6/SH2D1A/LILRB2/SIGLEC7/ITGB7/HLA-C/CD8A/COL1A1/CD300A/VCAM1/LILRA2/CD300C/MADCAM1",0.431707695803346
"REACTOME_REGULATION_OF_CDH1_FUNCTION","REACTOME_REGULATION_OF_CDH1_FUNCTION",35,0.58588122652622,1.5200609211949,0.0226758989617244,0.0965400086598308,0.0609765185443911,891,"tags=34%, list=14%, signal=30%","RACK1/PSMB2/PSMA2/SRC/PSMA7/RPS27A/PSMB1/PSMD11/PSMC3/UBB/PSMB4/PSMA4",0.352487857583619
"REACTOME_DOWNSTREAM_SIGNALING_EVENTS_OF_B_CELL_RECEPTOR_BCR","REACTOME_DOWNSTREAM_SIGNALING_EVENTS_OF_B_CELL_RECEPTOR_BCR",41,0.577711928546795,1.51973673616439,0.0108195957523264,0.0627412190465364,0.0396285556609928,1115,"tags=37%, list=18%, signal=30%","PSMB2/PSMA2/PRKCB/PSMA7/RPS27A/PSMB1/PPIA/PSMD11/PSMC3/UBB/PSMB4/PSMA4/NFKB1/PPP3R1/PSMD7",0.380730400722792
"REACTOME_SARS_COV_2_INFECTION","REACTOME_SARS_COV_2_INFECTION",142,0.491806420951942,1.51885385082971,0.00163067482563119,0.0190128698492767,0.0120088927589759,939,"tags=27%, list=15%, signal=24%","ISG15/STAT1/RIGI/SMN1/B2M/IL17RA/HSP90AA1/HLA-G/G3BP2/HSP90AB1/CREBBP/UBE2I/PRMT1/ST3GAL2/RPN1/KPNA2/IFIH1/VCP/AGRN/GSK3A/RPS20/RPS25/YWHAB/HLA-C/RPS27A/YWHAZ/SRPK1/RPS19/YWHAG/CHMP6/RPS3/AKT3/UBB/HSPG2/GEMIN7/SNRPF/SFN/TLR2/MAP1LC3B",0.45505986738723
"REACTOME_BASE_EXCISION_REPAIR","REACTOME_BASE_EXCISION_REPAIR",25,0.629397383367624,1.51848816204936,0.0212975061692676,0.0942508058104869,0.0595306141785987,973,"tags=40%, list=15%, signal=34%","PCNA/MPG/H2BC26/ADPRS/APEX1/H2BC21/H2BC12/PNKP/OGG1/NEIL1",0.352487857583619
"REACTOME_DEGRADATION_OF_AXIN","REACTOME_DEGRADATION_OF_AXIN",27,0.612629423055302,1.51783772904496,0.0238879229870299,0.0983792420159723,0.0621382135598059,1293,"tags=44%, list=20%, signal=36%","PSMB2/PSMA2/PSMA7/RPS27A/PSMB1/PSMD11/PSMC3/UBB/PSMB4/PSMA4/PSMD7/SMURF2",0.352487857583619
"REACTOME_SOMITOGENESIS","REACTOME_SOMITOGENESIS",25,0.627756647234118,1.51452971153524,0.0222285356176618,0.0950364086365286,0.060026815970536,1115,"tags=44%, list=18%, signal=36%","PSMB2/PSMA2/NOTCH1/PSMA7/PSMB1/PSMD11/PSMC3/PSMB4/PSMA4/DLL1/PSMD7",0.352487857583619
"REACTOME_PLATELET_ADHESION_TO_EXPOSED_COLLAGEN","REACTOME_PLATELET_ADHESION_TO_EXPOSED_COLLAGEN",11,0.738624781728276,1.51406659322843,0.0321539590849848,0.120607229430296,0.0761778361534795,1396,"tags=55%, list=22%, signal=43%","VWF/LYN/ADAMTS13/COL1A1/GP5/FYN",0.321775918075361
"REACTOME_PKMTS_METHYLATE_HISTONE_LYSINES","REACTOME_PKMTS_METHYLATE_HISTONE_LYSINES",18,0.672300714369389,1.5121109374604,0.0238465710219371,0.0983792420159723,0.0621382135598059,1122,"tags=44%, list=18%, signal=37%","RBBP4/EED/RBBP5/WDR5/H3C1/NFKB1/EHMT2/SETD3",0.352487857583619
"REACTOME_MRNA_SPLICING","REACTOME_MRNA_SPLICING",80,0.518909172504332,1.5105157080715,0.00597820259370781,0.0450894623268842,0.0284793680247086,1130,"tags=35%, list=18%, signal=29%","YBX1/DDX39B/SRRT/TRA2B/SNRPA/GTF2F2/HNRNPF/HNRNPA2B1/MAGOHB/HNRNPA1/PRPF19/MAGOH/RBM39/HSPA8/PPIH/PPIL2/HNRNPD/NCBP1/SNRPF/SF3B6/HNRNPK/SRSF7/PUF60/SNRPA1/PCBP1/POLR2E/RBM17/HNRNPM",0.407017918923954
"REACTOME_ANTIGEN_PROCESSING_CROSS_PRESENTATION","REACTOME_ANTIGEN_PROCESSING_CROSS_PRESENTATION",65,0.530101711535277,1.51008590512831,0.0138242797450688,0.0715317859629458,0.0451808460951367,1162,"tags=43%, list=18%, signal=36%","FGG/S100A8/PSMB2/PSMA2/B2M/PSME2/HLA-G/S100A9/FCGR1A/PSMB10/PDIA3/PSMA7/HLA-C/RPS27A/PSMB1/PSMD11/NCF1/PSMC3/UBB/PSMB4/CD14/PSMA4/TLR2/TLR1/MRC2/PSME1/PSMD7/HMGB1",0.380730400722792
"REACTOME_APOPTOSIS","REACTOME_APOPTOSIS",108,0.497513279075498,1.50911191892087,0.0048740597480128,0.0406440188904539,0.0256715408046524,1335,"tags=30%, list=21%, signal=24%","GZMB/PSMB2/PSMA2/CASP3/KPNB1/VIM/STAT3/PSMA7/YWHAB/RPS27A/PSMB1/MAPK3/YWHAZ/PSMD11/YWHAG/AKT3/PSMC3/UBB/PSMB4/CD14/SFN/PSMA4/PPP3R1/PSMD7/APAF1/HMGB1/NMT1/DAPK2/DIABLO/DSG1/DBNL/CFLAR",0.407017918923954
"REACTOME_PLASMA_LIPOPROTEIN_ASSEMBLY","REACTOME_PLASMA_LIPOPROTEIN_ASSEMBLY",13,0.720882274806097,1.50683593874501,0.0144007363397891,0.0737580861261279,0.0465870199195455,495,"tags=46%, list=8%, signal=43%","APOE/APOA1/APOA4/A2M/APOC1/APOB",0.380730400722792
"REACTOME_FCGAMMA_RECEPTOR_FCGR_DEPENDENT_PHAGOCYTOSIS","REACTOME_FCGAMMA_RECEPTOR_FCGR_DEPENDENT_PHAGOCYTOSIS",49,0.551304735398822,1.50624175838846,0.0155457763445653,0.0761441181148853,0.0480940834244043,840,"tags=37%, list=13%, signal=32%","FGR/HSP90AA1/LYN/FCGR1A/HSP90AB1/CFL1/VAV3/FCGR2A/ELMO2/CDC42/ARPC1B/ARPC3/SRC/VAV1/MAPK3/ARPC2/GRB2/WASL",0.380730400722792
"REACTOME_HEDGEHOG_LIGAND_BIOGENESIS","REACTOME_HEDGEHOG_LIGAND_BIOGENESIS",32,0.593690676546833,1.50560644062609,0.0287920635558263,0.111307249531911,0.0703037907229005,1140,"tags=47%, list=18%, signal=39%","PSMB2/PSMA2/VCP/PSMA7/RPS27A/PSMB1/PSMD11/PSMC3/UBB/PSMB4/PSMA4/ERLEC1/NOTUM/PSMD7/P4HB",0.352487857583619
"REACTOME_TRANSCRIPTIONAL_REGULATION_BY_SMALL_RNAS","REACTOME_TRANSCRIPTIONAL_REGULATION_BY_SMALL_RNAS",13,0.720281852633914,1.50558089650152,0.0146387596649588,0.0745985277875931,0.0471178589702897,1383,"tags=62%, list=22%, signal=48%","H2BC26/H3C1/H2BC21/RAN/H2BC12/POLR2E/AGO1/AGO2",0.380730400722792
"REACTOME_B_WICH_COMPLEX_POSITIVELY_REGULATES_RRNA_EXPRESSION","REACTOME_B_WICH_COMPLEX_POSITIVELY_REGULATES_RRNA_EXPRESSION",12,0.714802918840607,1.50369603356443,0.0308119690138027,0.116876980206492,0.0738217392965593,1018,"tags=50%, list=16%, signal=42%","H2BC26/H3C1/H2BC21/H2BC12/TBP/POLR2E",0.352487857583619
"REACTOME_RAB_GERANYLGERANYLATION","REACTOME_RAB_GERANYLGERANYLATION",40,0.576217591875182,1.50361945378356,0.0215487095573183,0.0945332519275397,0.0597090125559486,1462,"tags=55%, list=23%, signal=43%","RAB21/RAB32/RAB1B/RAB31/RAB1A/RAB8B/RAB7A/RAB4B/RAB11B/RAB14/RAB27A/RAB24/RAB5B/RAB5C/RAB18/RAB2A/RAB33A/RAB11A/RAB43/RAB3C/RAB22A/RAB5A",0.352487857583619
"REACTOME_ACTIVATION_OF_THE_MRNA_UPON_BINDING_OF_THE_CAP_BINDING_COMPLEX_AND_EIFS_AND_SUBSEQUENT_BINDING_TO_43S","REACTOME_ACTIVATION_OF_THE_MRNA_UPON_BINDING_OF_THE_CAP_BINDING_COMPLEX_AND_EIFS_AND_SUBSEQUENT_BINDING_TO_43S",27,0.606720305405238,1.50319742386682,0.0292785074679325,0.112755778760091,0.0712187095277605,1594,"tags=59%, list=25%, signal=45%","EIF4E/EIF2S1/EIF4G1/RPS20/RPS25/RPS27A/RPS19/RPS3/RPS4X/EIF4A2/EIF3G/RPS14/RPS12/EIF4A1/EIF4B/RPS5",0.352487857583619
"REACTOME_RAB_REGULATION_OF_TRAFFICKING","REACTOME_RAB_REGULATION_OF_TRAFFICKING",54,0.549002038040917,1.5030630784751,0.012147850461941,0.067719232685627,0.0427727644216094,1172,"tags=41%, list=18%, signal=34%","RAB21/RAB32/GDI2/RAB1B/RAB31/RAB1A/RAB8B/RAB7A/GABARAPL2/RAB11B/RAB14/GABARAP/AKT3/RAB27A/RAB5B/RAB5C/RAB18/MAP1LC3B/TRAPPC6B/RAB33A/RAB11A/TBC1D25",0.380730400722792
"REACTOME_SUMOYLATION","REACTOME_SUMOYLATION",65,0.527499701068555,1.50267363075664,0.015348186166122,0.0759133325569467,0.0479483148456691,907,"tags=25%, list=14%, signal=21%","HDAC2/PCNA/PML/SMC3/CREBBP/UBE2I/RANGAP1/SUMO2/SUMO3/PPARA/TOP1/SENP1/PGR/XRCC4/HNRNPK/TRIM28",0.380730400722792
"REACTOME_MATERNAL_TO_ZYGOTIC_TRANSITION_MZT","REACTOME_MATERNAL_TO_ZYGOTIC_TRANSITION_MZT",25,0.622769088533657,1.5024966954403,0.024542531013921,0.100256736004236,0.0633240747232924,623,"tags=40%, list=10%, signal=36%","EIF4E/H2BC26/CREBBP/EIF4G1/H3C1/H2BC21/CNOT1/H2BC12/SRPK1/CNOT9",0.352487857583619
"REACTOME_REGULATION_OF_TP53_ACTIVITY","REACTOME_REGULATION_OF_TP53_ACTIVITY",60,0.540847325366996,1.50177946614622,0.0125006718659991,0.0681793400691518,0.0430633770576903,1362,"tags=35%, list=21%, signal=28%","RBBP4/HDAC2/PML/MAPK14/CSNK2A1/RAD1/RPS27A/PRDM1/AKT3/CDK2/UBB/TBP/CHEK1/CHEK2/MRE11/CSNK2A2/EHMT2/TAF8/PPP2R1A/CCNA2/CDK5R1",0.380730400722792
"REACTOME_S_PHASE","REACTOME_S_PHASE",67,0.530087030280436,1.50131589916481,0.0135210100826439,0.0710557248613944,0.0448801567851814,1704,"tags=39%, list=27%, signal=29%","RBBP4/PCNA/PSMB2/PSMA2/SMC3/PSMA7/RPS27A/PSMB1/PSMD11/AKT3/PSMC3/CDK2/UBB/PSMB4/PSMA4/SKP2/PSMD7/CCNA2/ANAPC10/POLE3/CCNH/UBE2E1/MAX/MNAT1/PSMC5/PSMD6",0.380730400722792
"REACTOME_P53_DEPENDENT_G1_DNA_DAMAGE_RESPONSE","REACTOME_P53_DEPENDENT_G1_DNA_DAMAGE_RESPONSE",33,0.594162229045185,1.50129883287894,0.0206926812933583,0.092384581526542,0.0583518711762137,902,"tags=36%, list=14%, signal=31%","PSMB2/PSMA2/PSMA7/RPS27A/PSMB1/PSMD11/PSMC3/CDK2/UBB/PSMB4/PSMA4/CHEK2",0.352487857583619
"REACTOME_CELLULAR_RESPONSE_TO_HEAT_STRESS","REACTOME_CELLULAR_RESPONSE_TO_HEAT_STRESS",47,0.5516568655912,1.50095928241109,0.0150294420595428,0.0754474344850301,0.0476540446998882,800,"tags=34%, list=13%, signal=30%","HSP90AA1/FKBP4/HSP90AB1/CREBBP/CAMK2D/HSPA2/HSPA5/VCP/HSPA8/CAMK2B/MAPK3/EEF1A1/SIRT1/HSPA1B/HSPA12A/UBB",0.380730400722792
"REACTOME_NUCLEOTIDE_SALVAGE","REACTOME_NUCLEOTIDE_SALVAGE",18,0.665757336241557,1.49739384223269,0.0425844346549192,0.14058708014457,0.0887974925478132,1025,"tags=56%, list=16%, signal=47%","PNP/HPRT1/UPP1/TYMP/ADK/TK2/CDA/DCK/GMPR2/APRT",0.266350657088526
"REACTOME_CLASS_I_MHC_MEDIATED_ANTIGEN_PROCESSING_PRESENTATION","REACTOME_CLASS_I_MHC_MEDIATED_ANTIGEN_PROCESSING_PRESENTATION",159,0.482738450006607,1.49681254399762,0.00251551395751937,0.0251572326586276,0.0158897899951468,1576,"tags=39%, list=25%, signal=30%","FGG/DTX3L/S100A8/UBA7/PSMB2/PSMA2/UBA1/TRIM21/ERAP1/B2M/UBA6/PSME2/HLA-G/S100A9/FCGR1A/PSMB10/PDIA3/HSPA5/PSMA7/HLA-C/RPS27A/PSMB1/HECW2/PSMD11/UBE2L6/UBE2D4/NCF1/PSMC3/UBB/PSMB4/CD14/HERC1/PSMA4/TLR2/UBE2D2/TLR1/MRC2/PSME1/SKP2/HERC5/RNF41/PSMD7/KLHL2/HMGB1/LRSAM1/UBE2W/PSMB9/UBE2R2/UBE3A/UBE2G1/SMURF2/ERAP2/NCF2/ANAPC10/CALR/CTSS/SIAH1/CD36/UBE2D3/CUL3/UBE2E1/SEC13",0.431707695803346
"REACTOME_SIGNALING_BY_NOTCH3","REACTOME_SIGNALING_BY_NOTCH3",26,0.608944427336428,1.49413259308282,0.0420757363253857,0.139652690632612,0.0882073142352723,1410,"tags=38%, list=22%, signal=30%","STAT1/NOTCH1/YBX1/CREBBP/RPS27A/HES1/UBB/DLL1/HES5/KAT2A",0.261663521711573
"REACTOME_DEVELOPMENTAL_CELL_LINEAGES","REACTOME_DEVELOPMENTAL_CELL_LINEAGES",91,-0.424760784853087,-1.49397852591046,0.00532206074586962,0.0419528069733004,0.0264981964255937,550,"tags=18%, list=9%, signal=16%","KLK7/KRT1/YAP1/MME/SOX9/CPB1/COL11A2/LRIG1/PLA2G1B/SHH/REG1A/PNLIP/PRSS1/AMY2A/CEL/RNASE1",0.407017918923954
"REACTOME_REGULATION_OF_ORNITHINE_DECARBOXYLASE_ODC","REACTOME_REGULATION_OF_ORNITHINE_DECARBOXYLASE_ODC",24,0.620340612129028,1.49294076162108,0.0417827298050139,0.139652690632612,0.0882073142352723,1115,"tags=42%, list=18%, signal=34%","PSMB2/PSMA2/NQO1/PSMA7/PSMB1/PSMD11/PSMC3/PSMB4/PSMA4/PSMD7",0.261663521711573
"REACTOME_DISEASES_OF_IMMUNE_SYSTEM","REACTOME_DISEASES_OF_IMMUNE_SYSTEM",21,0.640310958844596,1.4903846497996,0.0455192034139403,0.144886044935854,0.0915128010500229,1808,"tags=57%, list=28%, signal=41%","FGG/S100A8/S100A9/CD14/TLR2/NFKB1/TLR1/HMGB1/CD36/TLR5/BTK/TLR4",0.252961123069611
"REACTOME_SCAVENGING_OF_HEME_FROM_PLASMA","REACTOME_SCAVENGING_OF_HEME_FROM_PLASMA",12,0.708108720735833,1.48961377554236,0.0377643504531722,0.133306909763509,0.0841991974947097,375,"tags=50%, list=6%, signal=47%","HP/HPX/APOL1/APOA1/AMBP/ALB",0.287857117255149
"REACTOME_TRANSCRIPTIONAL_REGULATION_OF_BROWN_AND_BEIGE_ADIPOCYTE_DIFFERENTIATION","REACTOME_TRANSCRIPTIONAL_REGULATION_OF_BROWN_AND_BEIGE_ADIPOCYTE_DIFFERENTIATION",10,0.741773925117084,1.48915284569163,0.0492537313432836,0.150597014925373,0.0951199590802176,618,"tags=30%, list=10%, signal=27%","RBBP4/HDAC2/PPARA",0.248911114434702
"REACTOME_SCF_SKP2_MEDIATED_DEGRADATION_OF_P27_P21","REACTOME_SCF_SKP2_MEDIATED_DEGRADATION_OF_P27_P21",34,0.589463100687851,1.48661086910084,0.0276009130753801,0.109213024678661,0.0689810381939432,1115,"tags=38%, list=18%, signal=32%","PSMB2/PSMA2/PSMA7/RPS27A/PSMB1/PSMD11/PSMC3/CDK2/UBB/PSMB4/PSMA4/SKP2/PSMD7",0.352487857583619
"REACTOME_SELECTIVE_AUTOPHAGY","REACTOME_SELECTIVE_AUTOPHAGY",39,0.56723562540774,1.48464220164927,0.018785868048734,0.0849997348034646,0.0536874605405787,1537,"tags=41%, list=24%, signal=31%","HSP90AA1/VIM/CSNK2A1/VCP/SRC/HSPA8/RPS27A/MFN1/UBB/MAP1LC3B/UBE2D2/CSNK2A2/NBR1/PARK7/MAP1LC3A/UBE2D3",0.352487857583619
"REACTOME_RHO_GTPASES_ACTIVATE_PKNS","REACTOME_RHO_GTPASES_ACTIVATE_PKNS",27,0.599195504279971,1.48455413540946,0.0367736617863344,0.131111748206401,0.0828126914103091,1379,"tags=56%, list=22%, signal=44%","H2BC26/RHOA/H3C1/H2BC21/YWHAB/YWHAZ/H2BC12/YWHAG/SFN/RHOB/KDM1A/MYL9/KDM4C/NCOA2/PKN1",0.321775918075361
"REACTOME_DNA_DOUBLE_STRAND_BREAK_REPAIR","REACTOME_DNA_DOUBLE_STRAND_BREAK_REPAIR",57,0.54072925295907,1.4843986321601,0.0169780406402684,0.0802190409025982,0.0506678827059795,1616,"tags=42%, list=25%, signal=32%","PCNA/H2BC26/UBE2I/H2BC21/KPNA2/RAD1/SUMO2/RPS27A/H2BC12/XRCC4/CDK2/UBB/CHEK1/TDP1/CHEK2/RAD51C/MRE11/EYA2/RAD51/CCNA2/POLE3/PAXIP1/RAD51D/SIRT6",0.352487857583619
"REACTOME_DAP12_INTERACTIONS","REACTOME_DAP12_INTERACTIONS",32,0.584765660758373,1.48297249708506,0.03593415203407,0.128572905682187,0.081209109844406,1768,"tags=50%, list=28%, signal=36%","B2M/VAV3/SIGLEC14/HLA-C/GRB2/LCK/PLCG1/SHC1/CD300E/KIR2DS2/SYK/NRAS/FYN/PLCG2/PIK3R1/BTK",0.321775918075361
"REACTOME_PROTEASOME_ASSEMBLY","REACTOME_PROTEASOME_ASSEMBLY",32,0.584743818418588,1.48291710465807,0.03593415203407,0.128572905682187,0.081209109844406,1244,"tags=41%, list=20%, signal=33%","PSMB2/PSMA2/PSME2/PSMB10/PSMA7/PSMB1/PSMD11/PSMC3/PSMB4/PSMA4/PSME1/PSMD7/PSMB9",0.321775918075361
"REACTOME_REGULATION_OF_RUNX3_EXPRESSION_AND_ACTIVITY","REACTOME_REGULATION_OF_RUNX3_EXPRESSION_AND_ACTIVITY",30,0.597903862657873,1.48257462283188,0.0272571881896104,0.10827757040676,0.0683901873586279,1421,"tags=50%, list=22%, signal=39%","PSMB2/PSMA2/SRC/PSMA7/RPS27A/PSMB1/PSMD11/PSMC3/UBB/PSMB4/PSMA4/RUNX3/PSMD7/SMURF2/TGFB1",0.352487857583619
"REACTOME_EVASION_BY_RSV_OF_HOST_INTERFERON_RESPONSES","REACTOME_EVASION_BY_RSV_OF_HOST_INTERFERON_RESPONSES",21,0.635978661159228,1.48030081493867,0.0483641536273115,0.149233733975405,0.0942588847206754,800,"tags=24%, list=13%, signal=21%","RIGI/CREBBP/IFIH1/RPS27A/UBB",0.245041785430996
"REACTOME_PROCESSING_OF_DNA_DOUBLE_STRAND_BREAK_ENDS","REACTOME_PROCESSING_OF_DNA_DOUBLE_STRAND_BREAK_ENDS",30,0.596444471297102,1.47895588622322,0.028173374982234,0.110226964858464,0.0696214622319658,1037,"tags=37%, list=16%, signal=31%","H2BC26/UBE2I/H2BC21/RAD1/SUMO2/RPS27A/H2BC12/CDK2/UBB/CHEK1/MRE11",0.352487857583619
"REACTOME_VEGFR2_MEDIATED_VASCULAR_PERMEABILITY","REACTOME_VEGFR2_MEDIATED_VASCULAR_PERMEABILITY",15,0.666163203783445,1.47455550365894,0.0379933915353253,0.133306909763509,0.0841991974947097,762,"tags=33%, list=12%, signal=29%","HSP90AA1/VAV3/VAV1/CDH5/AKT3",0.321775918075361
"REACTOME_TRAF6_MEDIATED_NF_KB_ACTIVATION","REACTOME_TRAF6_MEDIATED_NF_KB_ACTIVATION",14,0.683425674178258,1.47361368591066,0.043343653250774,0.14172721108205,0.0895176210853739,1162,"tags=50%, list=18%, signal=41%","SAA1/RIGI/S100A12/IFIH1/NKIRAS1/NFKB1/HMGB1",0.271288554688953
"REACTOME_FLT3_SIGNALING","REACTOME_FLT3_SIGNALING",31,0.581553740697969,1.47314975144334,0.0389539664344941,0.134145229120835,0.0847286960575097,1563,"tags=52%, list=25%, signal=39%","RPS27A/CSK/AKT3/GRB2/UBB/LCK/STAT5A/FLT3/ABL2/PTPRJ/PTPN11/GRB10/SYK/NRAS/FYN/CBL",0.321775918075361
"REACTOME_REGULATION_OF_PD_L1_CD274_POST_TRANSLATIONAL_MODIFICATION","REACTOME_REGULATION_OF_PD_L1_CD274_POST_TRANSLATIONAL_MODIFICATION",44,0.550935053499732,1.47246403511949,0.0220791768600747,0.094799529582193,0.059877198622765,1166,"tags=41%, list=18%, signal=34%","PSMB2/PSMA2/RPN1/CSNK2A1/VCP/PSMA7/RPS27A/PSMB1/PSMD11/YWHAG/PSMC3/UBB/PSMB4/PSMA4/ERLEC1/CSNK2A2/PSMD7/SPOP",0.352487857583619
"REACTOME_CLEC7A_DECTIN_1_SIGNALING","REACTOME_CLEC7A_DECTIN_1_SIGNALING",55,0.532285265975211,1.47153438092802,0.0180226841138733,0.0831107619574141,0.0524943491106542,1115,"tags=31%, list=18%, signal=26%","PSMB2/PSMA2/PYCARD/SRC/PSMA7/RPS27A/PSMB1/PSMD11/PSMC3/UBB/PSMB4/PSMA4/UBE2D2/NFKB1/CARD9/PPP3R1/PSMD7",0.352487857583619
"REACTOME_RNA_POLYMERASE_II_TRANSCRIBES_SNRNA_GENES","REACTOME_RNA_POLYMERASE_II_TRANSCRIBES_SNRNA_GENES",26,0.59961971301181,1.47125306751669,0.0490883590462833,0.150547581391185,0.0950887359132014,1282,"tags=38%, list=20%, signal=31%","SRRT/GTF2F2/NABP1/GTF2E2/NCBP1/TBP/SSU72/POLR2E/TAF8/GTF2A2",0.241339976815091
"REACTOME_GENE_AND_PROTEIN_EXPRESSION_BY_JAK_STAT_SIGNALING_AFTER_INTERLEUKIN_12_STIMULATION","REACTOME_GENE_AND_PROTEIN_EXPRESSION_BY_JAK_STAT_SIGNALING_AFTER_INTERLEUKIN_12_STIMULATION",33,0.580918519088038,1.46783530165851,0.0339673913043478,0.124629446640316,0.07871834558269,588,"tags=42%, list=9%, signal=39%","SERPINB2/PSME2/CFL1/LCP1/CDC42/HNRNPF/HNRNPA2B1/TALDO1/RALA/GSTO1/SOD2/CAPZA1/PPIA/MTAP",0.287857117255149
"REACTOME_CELLULAR_RESPONSE_TO_CHEMICAL_STRESS","REACTOME_CELLULAR_RESPONSE_TO_CHEMICAL_STRESS",116,0.482322574497731,1.46732739952202,0.0113974953035765,0.0649721624932694,0.0410376622722273,1140,"tags=37%, list=18%, signal=31%","PGD/HMOX1/PSMB2/PSMA2/IDH1/NQO1/NOTCH1/TRIM21/GSR/CCL2/CREBBP/G6PD/TALDO1/ALB/CSNK2A1/VCP/STAT3/PSMA7/SOD2/HMOX2/RPS27A/PSMB1/PSMD11/PPARA/ERO1A/TXNRD1/NCF1/GCLM/AKT3/PSMC3/UBB/PSMB4/PSMA4/TKT/BLVRB/MAP1LC3B/NFKB1/BLVRA/CSNK2A2/SKP2/PSMD7/PRDX6/P4HB",0.380730400722792
"REACTOME_CELL_JUNCTION_ORGANIZATION","REACTOME_CELL_JUNCTION_ORGANIZATION",117,0.484933739235098,1.46699069605709,0.0111598489384564,0.0639789066983099,0.0404103028878493,1180,"tags=29%, list=19%, signal=24%","RBBP4/RACK1/HDAC2/PKM/EED/PSMB2/PSMA2/H2BC26/ACTN1/H3C1/H2BC21/RPN1/CSNK2A1/SRC/PSMA7/RPS27A/PSMB1/MAPK3/H2BC12/PSMD11/ARID1A/CDH5/SIRT1/PSMC3/UBB/PSMB4/PSMA4/CDH7/ANGPTL4/CSNK2A2/KDM1A/PSMD7/AGO3/AGO1",0.380730400722792
"REACTOME_REGULATION_OF_RUNX2_EXPRESSION_AND_ACTIVITY","REACTOME_REGULATION_OF_RUNX2_EXPRESSION_AND_ACTIVITY",37,0.571595823786582,1.46505269051395,0.0386340352831983,0.133822164118305,0.0845246420141004,1115,"tags=35%, list=18%, signal=29%","STAT1/PSMB2/PSMA2/PSMA7/RPS27A/PSMB1/PSMD11/PSMC3/UBB/PSMB4/PSMA4/SKP2/PSMD7",0.321775918075361
"REACTOME_IRAK4_DEFICIENCY_TLR2_4","REACTOME_IRAK4_DEFICIENCY_TLR2_4",13,0.700827679638389,1.46491649393162,0.0452616690240453,0.144522227991334,0.0912830072995124,1162,"tags=54%, list=18%, signal=44%","FGG/S100A8/S100A9/CD14/TLR2/TLR1/HMGB1",0.252961123069611
"REACTOME_DEGRADATION_OF_GLI1_BY_THE_PROTEASOME","REACTOME_DEGRADATION_OF_GLI1_BY_THE_PROTEASOME",29,0.582274624502361,1.46375500594791,0.0398092619538705,0.136161170547306,0.0860020032747153,1115,"tags=38%, list=18%, signal=31%","PSMB2/PSMA2/PSMA7/RPS27A/PSMB1/PSMD11/PSMC3/UBB/PSMB4/PSMA4/PSMD7",0.321775918075361
"REACTOME_METABOLISM_OF_NUCLEOTIDES","REACTOME_METABOLISM_OF_NUCLEOTIDES",72,0.509234923219188,1.46311870699845,0.0233365210396573,0.0981106238708927,0.0619685491944077,1025,"tags=38%, list=16%, signal=32%","PNP/HPRT1/CTPS1/GMPS/UPP1/RRM1/GSR/TYMP/NT5C2/DCTPP1/NME2/ADK/AK2/DPYS/ATIC/TK2/TXNRD1/CDA/ENTPD1/TYMS/DCK/GMPR2/DUT/NUDT9/NUDT16/ENTPD2/APRT",0.352487857583619
"REACTOME_REGULATION_OF_SIGNALING_BY_CBL","REACTOME_REGULATION_OF_SIGNALING_BY_CBL",16,0.658684865941878,1.46212275277927,0.0381231671554252,0.133306909763509,0.0841991974947097,1749,"tags=69%, list=28%, signal=50%","LYN/VAV1/RPS27A/GRB2/UBB/YES1/SYK/FYN/CRKL/CBL/PIK3R1",0.282013350011725
"REACTOME_OVARIAN_TUMOR_DOMAIN_PROTEASES","REACTOME_OVARIAN_TUMOR_DOMAIN_PROTEASES",22,0.622279917058643,1.4619045914571,0.0439238653001464,0.141819944262692,0.0895761931384286,1675,"tags=55%, list=26%, signal=40%","RIGI/RHOA/IFIH1/VCP/VCPIP1/RPS27A/UBB/PTEN/RIPK2/OTUD5/TNFAIP3/ZRANB1",0.261663521711573
"REACTOME_EPIGENETIC_REGULATION_OF_GENE_EXPRESSION","REACTOME_EPIGENETIC_REGULATION_OF_GENE_EXPRESSION",74,0.506477928375777,1.46179461704249,0.0219335598554572,0.0945767602314373,0.0597364932340247,1093,"tags=38%, list=17%, signal=32%","RBBP4/HDAC2/ADIPOQ/EED/RBBP5/WDR5/H2BC26/BCL7A/CREBBP/H3C1/UBE2I/H2BC21/SAP30/LPL/SUMO2/H2BC12/PNPLA2/ARID1A/SIRT1/PSIP1/LPIN1/TBP/TRIM28/ANGPTL4/POLR2E/EHMT2/CBX3/TADA3",0.352487857583619
"REACTOME_REGULATION_OF_PYRUVATE_METABOLISM","REACTOME_REGULATION_OF_PYRUVATE_METABOLISM",19,0.641206697332637,1.46066675562455,0.0336148406691036,0.124314667652313,0.0785195251447617,2071,"tags=68%, list=33%, signal=46%","PKM/DLD/LDHA/RPS27A/UBB/PDHB/DLAT/GSTZ1/PDP1/GID8/ARMC8/PDHX/WDR26",0.321775918075361
"REACTOME_NR1H3_NR1H2_REGULATE_GENE_EXPRESSION_LINKED_TO_CHOLESTEROL_TRANSPORT_AND_EFFLUX","REACTOME_NR1H3_NR1H2_REGULATE_GENE_EXPRESSION_LINKED_TO_CHOLESTEROL_TRANSPORT_AND_EFFLUX",13,0.698391876851335,1.45982501740695,0.0466760961810467,0.146622878400372,0.0926098183325764,1400,"tags=62%, list=22%, signal=48%","APOE/APOC1/CETP/KDM1A/AGO3/AGO1/AGO2/PLTP",0.248911114434702
"REACTOME_SIGNALING_BY_NUCLEAR_RECEPTORS","REACTOME_SIGNALING_BY_NUCLEAR_RECEPTORS",124,0.475759050952827,1.45931409874903,0.00651092062818051,0.0465923327222279,0.0294286097515702,1180,"tags=32%, list=19%, signal=27%","APOE/FKBP5/MMP2/SMC3/HSP90AA1/H2BC26/DLD/FKBP4/MMP3/HSP90AB1/GTF2F2/CREBBP/H3C1/FASN/PRMT1/H2BC21/KPNA2/APOC1/SRC/ANGPTL3/MMP9/MAPK3/IGF1R/CETP/H2BC12/TFF3/CTSD/PGR/AKT3/SPHK1/TBP/USF1/ALDH1A2/PDHB/DLAT/POLR2E/KDM1A/AGO3/SHC1/AGO1",0.407017918923954
"REACTOME_HH_MUTANTS_ABROGATE_LIGAND_SECRETION","REACTOME_HH_MUTANTS_ABROGATE_LIGAND_SECRETION",28,0.587864662938918,1.45856534867648,0.0347222222222222,0.126937399355878,0.0801760927231102,1115,"tags=46%, list=18%, signal=38%","PSMB2/PSMA2/VCP/PSMA7/RPS27A/PSMB1/PSMD11/PSMC3/UBB/PSMB4/PSMA4/ERLEC1/PSMD7",0.287857117255149
"REACTOME_CHOLESTEROL_BIOSYNTHESIS","REACTOME_CHOLESTEROL_BIOSYNTHESIS",13,0.696895465831913,1.45669711985418,0.0466760961810467,0.146622878400372,0.0926098183325764,1164,"tags=38%, list=18%, signal=31%","IDI1/FDPS/MVD/MVK/HMGCS1",0.248911114434702
"REACTOME_APC_C_MEDIATED_DEGRADATION_OF_CELL_CYCLE_PROTEINS","REACTOME_APC_C_MEDIATED_DEGRADATION_OF_CELL_CYCLE_PROTEINS",42,0.551657498944072,1.45612776218839,0.033921302578019,0.124629446640316,0.07871834558269,1704,"tags=48%, list=27%, signal=35%","PSMB2/PSMA2/PSMA7/RPS27A/PSMB1/PSMD11/PSMC3/CDK2/UBB/PSMB4/PSMA4/SKP2/PSMD7/CCNA2/ANAPC10/AURKB/UBE2E1/PSMC5/MAD2L1/PSMD6",0.287857117255149
"REACTOME_TRANSCRIPTIONAL_REGULATION_BY_TP53","REACTOME_TRANSCRIPTIONAL_REGULATION_BY_TP53",145,0.465910226763261,1.4558774988031,0.0133906861246189,0.0707392790562327,0.0446802835536103,1484,"tags=32%, list=23%, signal=25%","RBBP4/GPI/HDAC2/PCNA/PML/MAPK14/GSR/GTF2F2/CREBBP/PRMT1/G6PD/CSNK2A1/RAD1/CNOT1/YWHAB/RPS27A/PRDM1/YWHAZ/CNOT9/YWHAG/TXNRD1/AKT3/CDK2/UBB/TBP/SFN/CHEK1/CHEK2/IGFBP3/POLR2E/MRE11/CSNK2A2/EHMT2/TAF8/AGO3/PTEN/APAF1/AGO1/PPP2R1A/CCNA2/CDK5R1/AGO2/CCNH/FAS/TNFRSF10D/AURKB",0.380730400722792
"REACTOME_REPRODUCTION","REACTOME_REPRODUCTION",29,0.578879073643152,1.4552190774376,0.0426359232153006,0.14058708014457,0.0887974925478132,1283,"tags=48%, list=20%, signal=39%","SMC3/H2BC26/H3C1/UBE2I/H2BC21/HSPA2/PRDM1/H2BC12/CDK2/RAD51C/MRE11/FKBP6/SYNE2/RAD51",0.321775918075361
"REACTOME_CDK_MEDIATED_PHOSPHORYLATION_AND_REMOVAL_OF_CDC6","REACTOME_CDK_MEDIATED_PHOSPHORYLATION_AND_REMOVAL_OF_CDC6",33,0.575842486885784,1.45500944224105,0.0353260869565217,0.12821590553644,0.0809836217145659,1704,"tags=52%, list=27%, signal=38%","PSMB2/PSMA2/PSMA7/RPS27A/PSMB1/PSMD11/PSMC3/CDK2/UBB/PSMB4/PSMA4/PSMD7/CCNA2/ANAPC10/UBE2E1/PSMC5/PSMD6",0.282013350011725
"REACTOME_REGULATION_OF_RAS_BY_GAPS","REACTOME_REGULATION_OF_RAS_BY_GAPS",29,0.578301367266862,1.45376680635334,0.0431070336218904,0.141677514412011,0.0894862317167145,1704,"tags=52%, list=27%, signal=38%","PSMB2/PSMA2/PSMA7/RPS27A/PSMB1/PSMD11/PSMC3/UBB/PSMB4/PSMA4/PSMD7/NRAS/CUL3/PSMC5/PSMD6",0.321775918075361
"REACTOME_RHOBTB2_GTPASE_CYCLE","REACTOME_RHOBTB2_GTPASE_CYCLE",14,0.673688193171112,1.45261756911175,0.0464396284829721,0.146622878400372,0.0926098183325764,275,"tags=36%, list=4%, signal=34%","HSP90AA1/DDX39B/TRA2B/ACTN1/HSP90AB1",0.261663521711573
"REACTOME_CELLULAR_RESPONSE_TO_HYPOXIA","REACTOME_CELLULAR_RESPONSE_TO_HYPOXIA",38,0.558884672331419,1.45228044224144,0.0266678435801054,0.107631416689305,0.0679820642946067,1115,"tags=39%, list=18%, signal=33%","PSMB2/PSMA2/CREBBP/EGLN2/PSMA7/RPS27A/PSMB1/PSMD11/PSMC3/UBB/PSMB4/PSMA4/ARNT/UBE2D2/PSMD7",0.352487857583619
"REACTOME_NOTCH3_INTRACELLULAR_DOMAIN_REGULATES_TRANSCRIPTION","REACTOME_NOTCH3_INTRACELLULAR_DOMAIN_REGULATES_TRANSCRIPTION",11,0.708092235059389,1.45147959362982,0.0442748091603053,0.141819944262692,0.0895761931384286,604,"tags=36%, list=10%, signal=33%","STAT1/NOTCH1/CREBBP/HES1",0.266350657088526
"REACTOME_FCERI_MEDIATED_MAPK_ACTIVATION","REACTOME_FCERI_MEDIATED_MAPK_ACTIVATION",25,0.601441570929886,1.45104178974313,0.0387275242047026,0.133822164118305,0.0845246420141004,1682,"tags=56%, list=27%, signal=41%","LYN/VAV3/MAPK10/VAV1/MAPK3/IGHE/MAP2K4/GRB2/PLCG1/SHC1/SYK/NRAS/PLCG2/MAPK9",0.271288554688953
"REACTOME_TRANSCRIPTIONAL_REGULATION_BY_MECP2","REACTOME_TRANSCRIPTIONAL_REGULATION_BY_MECP2",30,0.5846582408115,1.44973050851931,0.0359116022099447,0.128572905682187,0.081209109844406,1484,"tags=47%, list=23%, signal=36%","HDAC2/FKBP5/PTPN1/NOTCH1/CAMK2D/CAMK2B/DLL1/AGO3/PTEN/AGO1/SST/CAMK2A/AGO2/AURKB",0.282013350011725
"REACTOME_SIGNALING_BY_SCF_KIT","REACTOME_SIGNALING_BY_SCF_KIT",35,0.558691017546275,1.44951629160403,0.0383036935704514,0.133306909763509,0.0841991974947097,1875,"tags=63%, list=30%, signal=45%","STAT1/LYN/STAT3/SRC/MMP9/VAV1/KIT/GRB2/LCK/CHEK1/KITLG/STAT5A/PTPN11/YES1/GRB10/NRAS/FYN/CBL/CMA1/PIK3R1/PTPN6/GRAP",0.271288554688953
"REACTOME_MITOTIC_PROPHASE","REACTOME_MITOTIC_PROPHASE",29,0.57659754220945,1.44948363420038,0.0440492545871725,0.141819944262692,0.0895761931384286,1216,"tags=45%, list=19%, signal=36%","H2BC26/RAB1B/H3C1/RAB1A/H2BC21/PRKCB/MAPK3/H2BC12/LPIN1/RAB2A/SET/TMPO/PPP2R1A",0.321775918075361
"REACTOME_APC_C_CDH1_MEDIATED_DEGRADATION_OF_CDC20_AND_OTHER_APC_C_CDH1_TARGETED_PROTEINS_IN_LATE_MITOSIS_EARLY_G1","REACTOME_APC_C_CDH1_MEDIATED_DEGRADATION_OF_CDC20_AND_OTHER_APC_C_CDH1_TARGETED_PROTEINS_IN_LATE_MITOSIS_EARLY_G1",35,0.558547327770963,1.44914349042465,0.0383036935704514,0.133306909763509,0.0841991974947097,1704,"tags=49%, list=27%, signal=36%","PSMB2/PSMA2/PSMA7/RPS27A/PSMB1/PSMD11/PSMC3/UBB/PSMB4/PSMA4/SKP2/PSMD7/ANAPC10/AURKB/UBE2E1/PSMC5/PSMD6",0.271288554688953
"REACTOME_DECTIN_1_MEDIATED_NONCANONICAL_NF_KB_SIGNALING","REACTOME_DECTIN_1_MEDIATED_NONCANONICAL_NF_KB_SIGNALING",30,0.583628885617275,1.44717809836753,0.0359116022099447,0.128572905682187,0.081209109844406,1115,"tags=37%, list=18%, signal=30%","PSMB2/PSMA2/PSMA7/RPS27A/PSMB1/PSMD11/PSMC3/UBB/PSMB4/PSMA4/PSMD7",0.282013350011725
"REACTOME_MEIOTIC_RECOMBINATION","REACTOME_MEIOTIC_RECOMBINATION",11,0.705729108012191,1.44663554857985,0.0473282442748092,0.146935995302408,0.092807588965173,1480,"tags=82%, list=23%, signal=63%","H2BC26/H3C1/H2BC21/H2BC12/CDK2/RAD51C/MRE11/RAD51/DMC1",0.257206466468838
"REACTOME_FOXO_MEDIATED_TRANSCRIPTION","REACTOME_FOXO_MEDIATED_TRANSCRIPTION",47,0.531640329750473,1.44649788231657,0.0235670255270821,0.0983792420159723,0.0621382135598059,982,"tags=23%, list=15%, signal=20%","HDAC2/RETN/CREBBP/SOD2/YWHAB/YWHAZ/YWHAG/SIRT1/AKT3/SFN/NPY",0.352487857583619
"REACTOME_BASIGIN_INTERACTIONS","REACTOME_BASIGIN_INTERACTIONS",15,0.653149047259138,1.4457486046597,0.0403458213256484,0.137346513089676,0.0867506883278828,776,"tags=27%, list=12%, signal=23%","MMP1/PPIA/PPIL2/ATP1B3",0.271288554688953
"REACTOME_METABOLISM_OF_AMINO_ACIDS_AND_DERIVATIVES","REACTOME_METABOLISM_OF_AMINO_ACIDS_AND_DERIVATIVES",164,0.45637130196966,1.44370928554887,0.00559370735609896,0.043084356658808,0.0272129048800478,823,"tags=26%, list=13%, signal=23%","PSAT1/IDO1/RPL5/PAPSS1/PSMB2/RPL12/PSMA2/NQO1/RPL30/SHMT1/DCT/GSR/DLD/GLUL/KARS1/RPL26L1/AHCY/RPS20/KYAT3/RPS25/QDPR/PSMA7/DARS1/FAH/GOT2/RPS27A/PSMB1/CKMT1A/ARG1/MTAP/PSMD11/BCAT2/PHGDH/HSD17B10/RPS19/TXNRD1/RPL11/CARNMT1/RPS3/RPLP2/PSMC3/MAT1A/PSMB4",0.407017918923954
"REACTOME_SWITCHING_OF_ORIGINS_TO_A_POST_REPLICATIVE_STATE","REACTOME_SWITCHING_OF_ORIGINS_TO_A_POST_REPLICATIVE_STATE",39,0.551439142054241,1.44329760907825,0.0334224598930481,0.124314667652313,0.0785195251447617,1704,"tags=46%, list=27%, signal=34%","PSMB2/PSMA2/PSMA7/RPS27A/PSMB1/PSMD11/PSMC3/CDK2/UBB/PSMB4/PSMA4/SKP2/PSMD7/CCNA2/ANAPC10/UBE2E1/PSMC5/PSMD6",0.287857117255149
"REACTOME_TRANSCRIPTIONAL_REGULATION_BY_RUNX3","REACTOME_TRANSCRIPTIONAL_REGULATION_BY_RUNX3",55,0.52200167427353,1.44310477801439,0.0285468637927658,0.110783790641926,0.0699731640619387,1421,"tags=36%, list=22%, signal=28%","PSMB2/PSMA2/NOTCH1/CREBBP/SRC/PSMA7/RPS27A/PSMB1/PSMD11/HES1/PSMC3/UBB/PSMB4/PSMA4/RUNX3/PSMD7/SPP1/SMURF2/KAT2A/TGFB1",0.352487857583619
"REACTOME_ACTIVATION_OF_APC_C_AND_APC_C_CDC20_MEDIATED_DEGRADATION_OF_MITOTIC_PROTEINS","REACTOME_ACTIVATION_OF_APC_C_AND_APC_C_CDC20_MEDIATED_DEGRADATION_OF_MITOTIC_PROTEINS",35,0.554747316207064,1.4392844117977,0.0410396716826265,0.13895647224084,0.08776756936404,1704,"tags=49%, list=27%, signal=36%","PSMB2/PSMA2/PSMA7/RPS27A/PSMB1/PSMD11/PSMC3/UBB/PSMB4/PSMA4/PSMD7/CCNA2/ANAPC10/UBE2E1/PSMC5/MAD2L1/PSMD6",0.261663521711573
"REACTOME_METABOLISM_OF_POLYAMINES","REACTOME_METABOLISM_OF_POLYAMINES",27,0.580419735511976,1.43803568697164,0.0494350282485876,0.150694693362009,0.0951816546516763,1115,"tags=37%, list=18%, signal=31%","PSMB2/PSMA2/NQO1/PSMA7/PSMB1/PSMD11/PSMC3/PSMB4/PSMA4/PSMD7",0.241339976815091
"REACTOME_SYNTHESIS_OF_DNA","REACTOME_SYNTHESIS_OF_DNA",48,0.531003437678307,1.43724945999987,0.0272455927563584,0.10827757040676,0.0683901873586279,1704,"tags=42%, list=27%, signal=31%","PCNA/PSMB2/PSMA2/PSMA7/RPS27A/PSMB1/PSMD11/PSMC3/CDK2/UBB/PSMB4/PSMA4/SKP2/PSMD7/CCNA2/ANAPC10/POLE3/UBE2E1/PSMC5/PSMD6",0.352487857583619
"REACTOME_IRON_UPTAKE_AND_TRANSPORT","REACTOME_IRON_UPTAKE_AND_TRANSPORT",25,0.595092752008264,1.43572458851186,0.04149377593361,0.139652690632612,0.0882073142352723,800,"tags=40%, list=13%, signal=35%","HMOX1/FTL/GLRX3/TF/CAND1/LCN2/ATP6V1C2/HMOX2/RPS27A/UBB",0.261663521711573
"REACTOME_MITOCHONDRIAL_PROTEIN_DEGRADATION","REACTOME_MITOCHONDRIAL_PROTEIN_DEGRADATION",49,0.525163983022628,1.43482156136034,0.0306384057018623,0.116657174917657,0.0736829060660999,624,"tags=22%, list=10%, signal=20%","SHMT2/CS/OXSM/DLD/ME2/MDH2/LONP1/OXCT1/HADH/MRPL32/HSD17B10",0.352487857583619
"REACTOME_HOMOLOGY_DIRECTED_REPAIR","REACTOME_HOMOLOGY_DIRECTED_REPAIR",44,0.536830313127627,1.43476680966489,0.0378590078328982,0.133306909763509,0.0841991974947097,1616,"tags=41%, list=25%, signal=31%","PCNA/H2BC26/UBE2I/H2BC21/RAD1/SUMO2/RPS27A/H2BC12/CDK2/UBB/CHEK1/RAD51C/MRE11/RAD51/CCNA2/POLE3/RAD51D/SIRT6",0.266350657088526
"REACTOME_CELLULAR_SENESCENCE","REACTOME_CELLULAR_SENESCENCE",72,0.499121553680257,1.43406127301561,0.0311840216117687,0.117405514202517,0.0741555714917016,1440,"tags=38%, list=23%, signal=29%","RBBP4/EED/IL6/MAPK14/H2BC26/MAPK10/H3C1/MAPKAPK3/H2BC21/STAT3/RPS27A/MAPK3/H2BC12/MAP2K4/CXCL8/CDK2/UBB/NFKB1/MRE11/EHMT2/CDKN2D/AGO3/AGO1/CCNA2/IL1A/ANAPC10/EZH2",0.352487857583619
"REACTOME_HSF1_DEPENDENT_TRANSACTIVATION","REACTOME_HSF1_DEPENDENT_TRANSACTIVATION",23,0.601990268880956,1.43306617552391,0.0477489768076398,0.147787477297266,0.0933454013019486,800,"tags=43%, list=13%, signal=38%","HSP90AA1/FKBP4/HSP90AB1/CREBBP/CAMK2D/HSPA2/HSPA8/CAMK2B/HSPA1B/UBB",0.241339976815091
"REACTOME_RHOBTB_GTPASE_CYCLE","REACTOME_RHOBTB_GTPASE_CYCLE",19,0.627526742830466,1.42950386409066,0.0435435435435435,0.14172721108205,0.0895176210853739,371,"tags=32%, list=6%, signal=30%","HSP90AA1/DDX39B/TRA2B/ACTN1/HSP90AB1/VIM",0.266350657088526
"REACTOME_TP53_REGULATES_TRANSCRIPTION_OF_CELL_CYCLE_GENES","REACTOME_TP53_REGULATES_TRANSCRIPTION_OF_CELL_CYCLE_GENES",19,0.626324143590657,1.42676434696267,0.0435435435435435,0.14172721108205,0.0895176210853739,881,"tags=32%, list=14%, signal=27%","PCNA/PRMT1/CNOT1/CNOT9/CDK2/SFN",0.266350657088526
"REACTOME_ANTIGEN_PROCESSING_UBIQUITINATION_PROTEASOME_DEGRADATION","REACTOME_ANTIGEN_PROCESSING_UBIQUITINATION_PROTEASOME_DEGRADATION",108,0.469964231461287,1.42554712204393,0.0155263447025002,0.0761441181148853,0.0480940834244043,1293,"tags=29%, list=20%, signal=23%","DTX3L/UBA7/PSMB2/PSMA2/UBA1/TRIM21/UBA6/PSMA7/RPS27A/PSMB1/HECW2/PSMD11/UBE2L6/UBE2D4/PSMC3/UBB/PSMB4/HERC1/PSMA4/UBE2D2/SKP2/HERC5/RNF41/PSMD7/KLHL2/LRSAM1/UBE2W/UBE2R2/UBE3A/UBE2G1/SMURF2",0.380730400722792
"REACTOME_TRANSCRIPTIONAL_REGULATION_BY_RUNX2","REACTOME_TRANSCRIPTIONAL_REGULATION_BY_RUNX2",65,0.499257137179338,1.42221982967331,0.0336351875808538,0.124314667652313,0.0785195251447617,1190,"tags=31%, list=19%, signal=25%","STAT1/PSMB2/PSMA2/SRC/PSMA7/RPS27A/PSMB1/MAPK3/PSMD11/HES1/COL1A1/AKT3/PSMC3/UBB/PSMB4/PSMA4/SKP2/PSMD7/LGALS3/YES1",0.282013350011725
"REACTOME_EPHB_MEDIATED_FORWARD_SIGNALING","REACTOME_EPHB_MEDIATED_FORWARD_SIGNALING",28,0.571401397861241,1.41771794028093,0.0486111111111111,0.149538448509485,0.0944513482567371,840,"tags=32%, list=13%, signal=28%","LYN/RHOA/CFL1/CDC42/ARPC1B/ARPC3/SRC/ARPC2/WASL",0.241339976815091
"REACTOME_REGULATION_OF_LIPID_METABOLISM_BY_PPARALPHA","REACTOME_REGULATION_OF_LIPID_METABOLISM_BY_PPARALPHA",39,0.541543276553403,1.41739687420492,0.0467914438502674,0.146622878400372,0.0926098183325764,1567,"tags=36%, list=25%, signal=27%","AGT/APOA1/ACADM/CREBBP/ACOX1/PPARA/TXNRD1/ARNT/ANGPTL4/HMGCS1/NCOA2/CD36/CDK8/ESRRA",0.241339976815091
"REACTOME_CELL_CYCLE","REACTOME_CELL_CYCLE",221,0.440855736195184,1.41728196092967,0.00491738754684305,0.0406692133997101,0.0256874541392606,1507,"tags=35%, list=24%, signal=28%","RBBP4/PCNA/PSMB2/PSMA2/SMC3/HSP90AA1/LYN/MAPK14/H2BC26/HSP90AB1/RAB1B/H3C1/RAB1A/UBE2I/H2BC21/KPNB1/SSNA1/HSPA2/CSNK2A1/RAN/PRKCB/PPP1CC/RAD1/RANGAP1/SRC/PSMA7/YWHAB/RPS27A/PSMB1/MAPK3/YWHAZ/H2BC12/PSMD11/YWHAG/ZW10/CHMP6/AKT3/PSMC3/CDK2/UBB/LPIN1/PSMB4/TYMS/MAPRE1/SFN/CHEK1/PSMA4/CHEK2/RAB2A/RAD51C/SET/POLR2E/MRE11/CSNK2A2/MAD1L1/SKP2/TMPO/CDKN2D/CETN2/PSMD7/SKA1/PPP2R1A/FKBP6/SYNE2/SPC25/RAD51/CCNA2/DCTN2/KIF23/CEP43/ANAPC10/POLE3/HDAC8/CCNH/LCMT1/DMC1/AURKB/SIRT2",0.407017918923954
"REACTOME_SIGNALING_BY_RHO_GTPASES_MIRO_GTPASES_AND_RHOBTB3","REACTOME_SIGNALING_BY_RHO_GTPASES_MIRO_GTPASES_AND_RHOBTB3",273,0.435464000834771,1.41475636633611,0.00168834541733859,0.0193584150692572,0.0122271457383009,1330,"tags=32%, list=21%, signal=27%","SHMT2/S100A8/HSP90AA1/MAPK14/DDX39B/H2BC26/TRA2B/S100A9/ACTN1/RHOA/HSP90AB1/CFL1/VAV3/H3C1/ELMO2/ARHGAP30/CLTC/H2BC21/CDC42/RHOQ/VIM/STMN2/VCP/STIP1/RAB7A/PRKCB/ARHGAP25/PPP1CC/RANGAP1/ARPC1B/ARPC3/SRC/TOR1AIP1/EFHD2/YWHAB/VAV1/HMOX2/RHOT1/MAPK3/YWHAZ/H2BC12/ARHGDIB/CSK/MFN1/YWHAG/ZW10/MCAM/DDRGK1/SENP1/NCF1/ARPC2/DEF6/GRB2/LCK/WASL/MAPRE1/KLC1/ARHGAP45/SFN/PFN1/FNBP1/TRIP10/BASP1/RHOB/COPS2/DOCK2/TPM4/TMOD3/ARHGEF1/MAD1L1/FAF2/ZAP70/ABL2/TMPO/KDM1A/OSBPL11/SWAP70/ARHGDIA/SKA1/ARHGEF2/PPP2R1A/DSG1/SPC25/OPHN1/MYL9/KDM4C/NCOA2/SHKBP1",0.45505986738723
"REACTOME_DISORDERS_OF_TRANSMEMBRANE_TRANSPORTERS","REACTOME_DISORDERS_OF_TRANSMEMBRANE_TRANSPORTERS",44,0.528631009162589,1.41285282883387,0.0469973890339426,0.14681227719891,0.0927294462413749,1115,"tags=32%, list=18%, signal=26%","APOA1/PSMB2/PSMA2/VCP/PSMA7/RPS27A/PSMB1/PSMD11/PSMC3/UBB/PSMB4/PSMA4/ERLEC1/PSMD7",0.237793834423688
"REACTOME_TCR_SIGNALING","REACTOME_TCR_SIGNALING",63,0.499814259814719,1.41279238641325,0.0353089533417402,0.12821590553644,0.0809836217145659,1829,"tags=44%, list=29%, signal=32%","PSMB2/PSMA2/PSMA7/RPS27A/PSMB1/CSK/PSMD11/PSMC3/UBB/PSMB4/LCK/PSMA4/UBE2D2/NFKB1/PLCG1/ZAP70/PSMD7/PTPRJ/PTEN/HLA-DRB3/RIPK2/EVL/PLCG2/PSMC5/PSMD6/PIK3R1/PAK3/VASP",0.271288554688953
"REACTOME_HIV_INFECTION","REACTOME_HIV_INFECTION",96,0.475613557858653,1.41205877868425,0.0168892179091984,0.0802190409025982,0.0506678827059795,1327,"tags=35%, list=21%, signal=28%","PSMB2/PSMA2/B2M/APOBEC3G/GTF2F2/KPNB1/RAN/RANGAP1/PSMA7/RPS27A/PSMB1/PPIA/PSMD11/AP2A2/CHMP6/GTF2E2/XRCC4/PSMC3/PSIP1/AP2B1/NCBP1/UBB/PSMB4/LCK/TBP/PSMA4/DOCK2/POLR2E/PSMD7/TAF8/NMT1/RNGTT/GTF2A2/VTA1",0.352487857583619
"REACTOME_SIGNALING_BY_NOTCH1","REACTOME_SIGNALING_BY_NOTCH1",34,0.559401368191071,1.41079594833385,0.0440165061898212,0.141819944262692,0.0895761931384286,1512,"tags=38%, list=24%, signal=29%","HDAC2/NOTCH1/CREBBP/RPS27A/HES1/UBB/ARRB1/DLL1/HES5/DLK1/KAT2A/HDAC8/CDK8",0.252961123069611
"REACTOME_RHO_GTPASE_CYCLE","REACTOME_RHO_GTPASE_CYCLE",177,0.439852812586156,1.40260509110296,0.0091919372038873,0.0572510162884092,0.0361608384426008,1137,"tags=29%, list=18%, signal=24%","SHMT2/HSP90AA1/DDX39B/TRA2B/ACTN1/RHOA/HSP90AB1/VAV3/ELMO2/ARHGAP30/CLTC/CDC42/RHOQ/VIM/STMN2/VCP/STIP1/RAB7A/ARHGAP25/SRC/TOR1AIP1/EFHD2/VAV1/HMOX2/ARHGDIB/CSK/MCAM/DDRGK1/SENP1/NCF1/DEF6/GRB2/LCK/WASL/ARHGAP45/FNBP1/TRIP10/BASP1/RHOB/COPS2/DOCK2/TPM4/TMOD3/ARHGEF1/FAF2/ZAP70/ABL2/TMPO/OSBPL11/SWAP70/ARHGDIA",0.380730400722792
"REACTOME_REGULATION_OF_TP53_ACTIVITY_THROUGH_PHOSPHORYLATION","REACTOME_REGULATION_OF_TP53_ACTIVITY_THROUGH_PHOSPHORYLATION",38,0.539622797190664,1.40222781791177,0.0418918918918919,0.139652690632612,0.0882073142352723,1484,"tags=39%, list=23%, signal=30%","MAPK14/CSNK2A1/RAD1/RPS27A/CDK2/UBB/TBP/CHEK1/CHEK2/MRE11/CSNK2A2/TAF8/CCNA2/CDK5R1/AURKB",0.257206466468838
"REACTOME_LEISHMANIA_INFECTION","REACTOME_LEISHMANIA_INFECTION",83,0.478508739382966,1.3973782385872,0.0298334823108965,0.114022665347328,0.072018899361516,1401,"tags=42%, list=22%, signal=33%","HMOX1/IL6/FGR/LYN/MAPK14/C3/FCGR1A/HSP90AB1/VAV3/FCGR2A/ELMO2/CDC42/PRKAR1A/PSTPIP1/PYCARD/ARPC1B/ARPC3/SRC/VAV1/MAPK3/CTSG/ARPC2/ENTPD1/GRB2/WASL/NFKB1/PLCG1/IL10/PRKAR1B/YES1/SUGT1/SYK/IL1A/FYN/CD163",0.352487857583619
"REACTOME_BACTERIAL_INFECTION_PATHWAYS","REACTOME_BACTERIAL_INFECTION_PATHWAYS",62,0.495478153166254,1.3958763520197,0.0383141762452107,0.133306909763509,0.0841991974947097,1123,"tags=39%, list=18%, signal=32%","GBP1/GBP2/B2M/HSP90AA1/FN1/HSP90AB1/KPNB1/GSK3A/RAB7A/SRC/RPS27A/MAPK3/CTSG/LAMC1/ENO1/TXNRD1/MAP2K4/GRB2/UBB/TLR2/UBE2D2/PGK1/COL5A1/LTF",0.261663521711573
"REACTOME_UNFOLDED_PROTEIN_RESPONSE_UPR","REACTOME_UNFOLDED_PROTEIN_RESPONSE_UPR",45,0.513535909521071,1.39579179565658,0.041994750656168,0.139652690632612,0.0882073142352723,1203,"tags=33%, list=19%, signal=27%","DNAJB11/HSP90B1/CCL2/EIF2S1/PDIA6/PDIA5/HSPA5/GSK3A/GFPT1/HYOU1/CXCL8/EXOSC5/ACADVL/SHC1/EXOSC3",0.252961123069611
"REACTOME_CELL_CYCLE_MITOTIC","REACTOME_CELL_CYCLE_MITOTIC",174,0.437275864328453,1.38385017331978,0.015898780206236,0.0766233639304591,0.0483967842607344,1736,"tags=43%, list=27%, signal=32%","RBBP4/PCNA/PSMB2/PSMA2/SMC3/HSP90AA1/LYN/H2BC26/HSP90AB1/RAB1B/H3C1/RAB1A/UBE2I/H2BC21/KPNB1/SSNA1/CSNK2A1/RAN/PRKCB/PPP1CC/RANGAP1/SRC/PSMA7/RPS27A/PSMB1/MAPK3/H2BC12/PSMD11/YWHAG/ZW10/CHMP6/AKT3/PSMC3/CDK2/UBB/LPIN1/PSMB4/TYMS/MAPRE1/PSMA4/RAB2A/SET/CSNK2A2/MAD1L1/SKP2/TMPO/CDKN2D/CETN2/PSMD7/SKA1/PPP2R1A/SPC25/CCNA2/DCTN2/KIF23/CEP43/ANAPC10/POLE3/HDAC8/CCNH/LCMT1/AURKB/SIRT2/UBE2E1/SEC13/BUB1/NEK7/MAX/MNAT1/PSMC5/MAD2L1/PSMD6/TK1/NDC80",0.352487857583619
"REACTOME_PROGRAMMED_CELL_DEATH","REACTOME_PROGRAMMED_CELL_DEATH",132,0.448547408729613,1.38360959586268,0.0176689903599951,0.0821567339780418,0.0518917667659494,1373,"tags=27%, list=22%, signal=22%","GZMB/PSMB2/ELANE/PSMA2/CASP3/HSP90AA1/KPNB1/VIM/STAT3/PSMA7/YWHAB/RPS27A/PSMB1/MAPK3/YWHAZ/PSMD11/YWHAG/CHMP6/AKT3/PSMC3/UBB/PSMB4/CD14/SFN/PSMA4/PPP3R1/PSMD7/APAF1/HMGB1/NMT1/DAPK2/DIABLO/DSG1/DBNL/CFLAR/IL1A",0.352487857583619
"REACTOME_REGULATION_OF_INSULIN_LIKE_GROWTH_FACTOR_IGF_TRANSPORT_AND_UPTAKE_BY_INSULIN_LIKE_GROWTH_FACTOR_BINDING_PROTEINS_IGFBPS","REACTOME_REGULATION_OF_INSULIN_LIKE_GROWTH_FACTOR_IGF_TRANSPORT_AND_UPTAKE_BY_INSULIN_LIKE_GROWTH_FACTOR_BINDING_PROTEINS_IGFBPS",95,0.463815844915162,1.37549177482573,0.024457462214793,0.100256736004236,0.0633240747232924,1375,"tags=47%, list=22%, signal=38%","MMP1/APOE/FGG/APOL1/APOA1/IGFALS/IL6/MMP2/TNC/F5/FN1/PCSK9/C3/HSP90B1/TF/SERPINC1/PDIA6/PAPPA/ITIH2/ALB/SERPIND1/APOB/FAM20C/QSOX1/CTSG/PNPLA2/LAMC1/VWA1/SERPINA1/TIMP1/IGFBP4/PROC/IGFBP3/CCN1/NOTUM/KNG1/FSTL3/P4HB/SPP1/IGF1/FSTL1/CST3/LGALS1/CSF1/IGF2",0.352487857583619
"REACTOME_NERVOUS_SYSTEM_DEVELOPMENT","REACTOME_NERVOUS_SYSTEM_DEVELOPMENT",282,0.414371653798153,1.36161312661917,0.00598809509593903,0.0450894623268842,0.0284793680247086,1234,"tags=30%, list=19%, signal=25%","COL3A1/HDAC2/RPL5/PSMB2/RPL12/PSMA2/MMP2/SEMA4A/HSP90AA1/RPL30/LYN/SEMA4D/RHOA/HSP90AB1/CFL1/VAV3/EIF4G1/CLTC/CDC42/RPL26L1/MAGOHB/CSNK2A1/AGRN/CAP1/RPS20/ARPC1B/ARPC3/SRC/MAGOH/RPS25/DPYSL3/PSMA7/HSPA8/MMP9/AGAP2/RPS27A/PSMB1/MAPK3/PSMD11/RPS19/LAMC1/NCAM1/AP2A2/RPL11/PLXNC1/ARPC2/FGFR1/RPS3/RPLP2/PSMC3/GFRA2/AP2B1/GRB2/EZR/NCBP1/UBB/PSMB4/WASL/PFN1/PSMA4/EPHA10/NTN4/RHOB/NCAN/COL6A3/RDX/COL2A1/COL9A3/RPS4X/SEMA7A/CSNK2A2/PLCG1/ABL2/COL5A1/SLIT3/PSMD7/RELN/PTPN11/DPYSL2/RPS14/SHC1/YES1/SCN4B/GRB10/RPS12",0.407017918923954
"REACTOME_CELL_CELL_COMMUNICATION","REACTOME_CELL_CELL_COMMUNICATION",140,0.437400596415417,1.3591728248154,0.028184892897407,0.110226964858464,0.0696214622319658,1180,"tags=27%, list=19%, signal=23%","RBBP4/RACK1/HDAC2/PKM/EED/PSMB2/PSMA2/H2BC26/ACTN1/H3C1/H2BC21/RPN1/CSNK2A1/SRC/PSMA7/RPS27A/PSMB1/MAPK3/H2BC12/PSMD11/ARID1A/CDH5/SIRT1/ACTN4/PSMC3/GRB2/UBB/PSMB4/WASL/PSMA4/CDH7/ANGPTL4/CSNK2A2/KDM1A/PSMD7/AGO3/PTPN11/AGO1",0.287857117255149
"REACTOME_TRANSPORT_OF_SMALL_MOLECULES","REACTOME_TRANSPORT_OF_SMALL_MOLECULES",182,0.419384628406498,1.33520832869985,0.0328227571115974,0.12265985898371,0.0774743162943664,1288,"tags=32%, list=20%, signal=26%","APOE/APOA1/HMOX1/PSMB2/PSMA2/APOA4/FTL/PCSK9/A2M/GLRX3/TF/EIF2S1/CAMK2D/CLTC/ALB/PRKAR1A/CAND1/LCN2/VCP/LPL/APOC1/APOB/ANGPTL3/PSMA7/ATP6V1C2/HMOX2/CAMK2B/RPS27A/PSMB1/CETP/PSMD11/AP2A2/SLC22A16/ATP13A1/APOF/CLCA2/PSMC3/ATP1B3/AP2B1/UBB/PSMB4/CYB5R4/PSMA4/PIP/SLC30A5/FXYD2/ERLEC1/ANGPTL4/APOC3/ARL2BP/PSMD7/PRKAR1B/P4HB/RAB11A/CLCNKB/CAMK2A/STOML2/SLC14A2",0.261663521711573
"REACTOME_CELL_SURFACE_INTERACTIONS_AT_THE_VASCULAR_WALL","REACTOME_CELL_SURFACE_INTERACTIONS_AT_THE_VASCULAR_WALL",108,0.438999459315179,1.33162137437505,0.0464285714285714,0.146622878400372,0.0926098183325764,1816,"tags=39%, list=29%, signal=28%","MMP1/SELL/CEACAM8/IGHM/SELE/LYN/FN1/CD177/APOB/CD48/SRC/PPIA/COL1A1/PPIL2/ATP1B3/GRB2/LCK/PROC/PROS1/CXADR/PLCG1/PTPN11/SHC1/YES1/PECAM1/NRAS/FYN/SIRPA/TGFB1/F2/CD2/TNFRSF10D/ATP1B1/SDC3/BSG/PF4/MIF/PIK3R1/L1CAM/IGLL1/ANGPT4/PTPN6",0.227987202850442
"REACTOME_M_PHASE","REACTOME_M_PHASE",119,0.435104044505969,1.32857555048799,0.0392390011890606,0.134667184352933,0.0850583729793497,1604,"tags=45%, list=25%, signal=34%","PSMB2/PSMA2/SMC3/HSP90AA1/H2BC26/RAB1B/H3C1/RAB1A/UBE2I/H2BC21/KPNB1/SSNA1/CSNK2A1/RAN/PRKCB/PPP1CC/RANGAP1/PSMA7/RPS27A/PSMB1/MAPK3/H2BC12/PSMD11/YWHAG/ZW10/CHMP6/PSMC3/UBB/LPIN1/PSMB4/MAPRE1/PSMA4/RAB2A/SET/CSNK2A2/MAD1L1/TMPO/CETN2/PSMD7/SKA1/PPP2R1A/SPC25/DCTN2/KIF23/CEP43/ANAPC10/HDAC8/AURKB/SIRT2/UBE2E1/SEC13/BUB1/NEK7",0.248911114434702
"REACTOME_RHO_GTPASE_EFFECTORS","REACTOME_RHO_GTPASE_EFFECTORS",119,0.431069807514906,1.31625714366352,0.0404280618311534,0.137346513089676,0.0867506883278828,1632,"tags=40%, list=26%, signal=31%","S100A8/MAPK14/H2BC26/S100A9/RHOA/CFL1/H3C1/H2BC21/CDC42/RHOQ/PRKCB/PPP1CC/RANGAP1/ARPC1B/ARPC3/SRC/YWHAB/MAPK3/YWHAZ/H2BC12/YWHAG/ZW10/NCF1/ARPC2/GRB2/WASL/MAPRE1/KLC1/SFN/PFN1/RHOB/MAD1L1/KDM1A/SKA1/PPP2R1A/SPC25/MYL9/KDM4C/NCOA2/PKN1/NCF2/AURKB/EVL/KLK2/SEC13/PRKCZ/BUB1/NCF4",0.245041785430996
"REACTOME_VESICLE_MEDIATED_TRANSPORT","REACTOME_VESICLE_MEDIATED_TRANSPORT",303,0.397366547422461,1.30767501072898,0.0260369951695784,0.105507341871906,0.0666404579565631,967,"tags=24%, list=15%, signal=22%","HP/COL3A1/SAA1/APOE/HPX/APOL1/APOA1/FTL/F5/AMBP/HSP90AA1/COPB2/HSP90B1/GRK2/S100A9/RAB21/TF/RAB32/GDI2/TXNDC5/RAB1B/RAB31/CD55/RAB1A/BICD1/CLTC/RHOQ/CD5L/ALB/RALA/RAB8B/RAB7A/SCARF1/APOB/ARPC3/SRC/GABARAPL2/CAPZA1/HSPA8/YWHAB/PLA2G4A/RPS27A/F8/YWHAZ/IGF2R/YWHAG/HYOU1/AP2A2/COL1A1/ZW10/RAB11B/ARPC2/CHMP6/RAB14/GABARAP/AKT3/AP2B1/GRB2/UBB/AP4M1/GNS/RAB27A/WASL/SERPINA1/KLC1/RAB5B/RAB5C/RAB18/SFN/FNBP1/TRIP10/MAP1LC3B/TRAPPC6B/COPS2",0.352487857583619
"REACTOME_INTRACELLULAR_SIGNALING_BY_SECOND_MESSENGERS","REACTOME_INTRACELLULAR_SIGNALING_BY_SECOND_MESSENGERS",174,0.409948977711867,1.29736857242299,0.0419889502762431,0.139652690632612,0.0882073142352723,1216,"tags=25%, list=19%, signal=21%","RBBP4/HDAC2/PML/EED/PSMB2/PSMA2/GRK2/CAMK2D/KPNA2/PRKAR1A/CSNK2A1/GSK3A/SRC/PSMA7/VAV1/CAMK2B/RPS27A/PSMB1/MAPK3/PSMD11/FGFR1/KIT/AKT3/PSMC3/PIK3CG/GRB2/UBB/PSMB4/LCK/IL1RAP/PSMA4/KITLG/FLT3/CSNK2A2/PLCG1/KDM1A/PSMD7/PRKAR1B/AGO3/PTEN/PTPN11/AGO1/PPP2R1A",0.231126709673834
"REACTOME_SIGNALING_BY_RECEPTOR_TYROSINE_KINASES","REACTOME_SIGNALING_BY_RECEPTOR_TYROSINE_KINASES",320,0.373889370868092,1.23124442636798,0.0473186119873817,0.146935995302408,0.092807588965173,1275,"tags=25%, list=20%, signal=21%","STAT1/COL3A1/APOE/HDAC2/PTPN1/IDE/HSP90AA1/LYN/FN1/MAPK14/FGFBP1/RHOA/GTF2F2/VAV3/MAPKAPK3/ELMO2/CLTC/CDC42/HNRNPF/MAP2K5/RALA/HNRNPA1/STAT3/PRKCB/SRC/MMP9/YWHAB/ATP6V1C2/VAV1/RPS27A/MAPK3/PRDM1/IGF1R/CSK/RAB4B/LAMC1/AP2A2/COL1A1/RALB/CDH5/NCF1/FGFR1/KIT/CTSD/PTPN2/PGR/AKT3/AP2B1/SPHK1/THBS1/GRB2/NCBP1/UBB/LCK/CHEK1/TIAL1/COL6A3/KITLG/POLR2E/COL2A1/COL9A3/STAT5A/FLT3/THBS3/PLCG1/ALKAL2/RNF41/COL5A1/PTPRJ/CILP/HNRNPM/PTPN11/SPP1/SHC1/YES1/PPP2R1A/GRB10/IGF1/PLAT/FLT4",0.211400189384923
"REACTOME_METABOLISM_OF_LIPIDS","REACTOME_METABOLISM_OF_LIPIDS",283,-0.298934943281139,-1.21728586328323,0.0229565134988835,0.0969168289555373,0.0612145254605704,679,"tags=17%, list=11%, signal=16%","ARF1/LGMN/GLA/DPEP2/ECI2/AKR1C4/OLAH/STARD7/ARF3/CHKB/FABP1/PRKACA/PIP4K2A/NEU1/LDLRAP1/PTGR2/CBR1/ECHS1/PON2/ACSF2/MCEE/PLA2R1/EPHX2/PHOSPHO1/A4GALT/GSTM4/HPGDS/PLA2G10/CROT/PLD3/ACBD7/BDH2/PLA2G1B/SMPD1/MTMR6/PTGR1/AKR1C2/HMGCL/VAPA/PPT1/AKR1C3/LRP2/AKR1B1/PSAP/ST6GALNAC6/GPD1/ALDH3B1/FABP3/FABP4",0.352487857583619
